{"version":34,"hash":{"type":"Buffer","data":"Zg9+mCHyJ9jM2VUZ7UWfozeGXiC7D0P/+Ao43B/WiOxQiNE+GHafgInqv36lUQPDkLdecIlJVPqbDEqxR10Qmbtjclk9749qgBTb3iUqeS9ER7v+lrNfHpQK2DYt6GSQyxLwSQyS+lob8A1bwXGzefQ+7yOXbnaTrWdhFGoIIhA="},"indexValueMap":{"CMS86CWu7hDUjx8+pjKZqxEOOLK0dLgCjm/A9rtaOZw=":{"valueMac":{"type":"Buffer","data":"LYQxwSnGrp9BY1dCaVdxbBZlS2B6jUvxZ0UqqJf7A5c="}},"Cik0Q4Z6dDeXMrxwpa/9lfHt+19ZIyE2UBdmhVoATu4=":{"valueMac":{"type":"Buffer","data":"qnyZrooD/rHeAMFJ7/qwhNh0jSlO2sclym/NJEiHJzo="}},"Hj2xykLqkOFyWk/MnB+qMx7KJ3NiSJGIfJoQ4qX/dwU=":{"valueMac":{"type":"Buffer","data":"58ZmVqdmjbgSdRMbzeK9XQKkHfM2YX2jSJz41ji2tVI="}},"IStgP5L2kEvi+5UZRH7UE+XTq6W1OsPqGSU/eNqFito=":{"valueMac":{"type":"Buffer","data":"WSAZfVN9x/sIl0Bq1v43kCBERTfF+wISHse1+kU1tVw="}},"LmiYluyAjbgNUkttrmhyEErEzqekzhzhVrRsWViL14E=":{"valueMac":{"type":"Buffer","data":"N6Ggpn5bV53/p6V65UjJ/3sjuWU5CpyUcnj9kggc48k="}},"NPe5NwG7I8cMe9+5VNWWPWJlVNjecOW44SW6+9NFA2s=":{"valueMac":{"type":"Buffer","data":"uUMjCm8SJ6gLodmRjeWR/KLI8Iwleg5yzDdh1cEmQyI="}},"PI6Z/SdhrG+MYJiJrwYRiPV0gVzTPXfqynUWOIvStZU=":{"valueMac":{"type":"Buffer","data":"rKp/QlssiA6+hEVWQgKO2ZNGnG0ysEFLaUBTyMR7GdY="}},"QdaW788XXrWJ8y+ouKdBIB47UIZQ0OgQb+Zm79ke2bo=":{"valueMac":{"type":"Buffer","data":"cieM0nFymtA3vXtOYhFM3JfdSBE5DfGq+7tf9x4Mp5s="}},"Qp/214sxnAFuTWo7Ob23uw+rSDD51VPtmp4j0PlO+Z4=":{"valueMac":{"type":"Buffer","data":"+yeifgoTUTWZkrRtqrj8YTzsJXe6e21Gx3sQIxrX2Zs="}},"TCGbrVM4PnZctAYn8V+fd3onplG8+fxQDKP9Bq8E4GY=":{"valueMac":{"type":"Buffer","data":"lFQqWTqUY0c8aOJK6XWU94+Y4Y7gV1WoWN130jWhlIU="}},"TDMhT5zv0gBstqzbOBiG/RBN0Ttty+hJkc92f7EWdsM=":{"valueMac":{"type":"Buffer","data":"0LLQ5nde2RoWgJk3x9zm+cqvdtCb+Farhl7f/Mhz8js="}},"TpaLhvDGEkGOrzrQUmPWXiBk3WcumIujnirS9WhxO5k=":{"valueMac":{"type":"Buffer","data":"qhcp0RPYcM1B73Ekgn4wF5ChQdg1U4PacJ45b4ZKwbQ="}},"URNadWzZMlmNzsMMY6VuGOB1FGav0HU0VCjmdj3gdoQ=":{"valueMac":{"type":"Buffer","data":"DlItlVCfpTPIujdl9H326xYnh6xoJmtoR4cKarZ45k4="}},"U19gDfo/M5nfAfemB+R1dlSkAts3aDcJJ6jP0m7efXI=":{"valueMac":{"type":"Buffer","data":"G5lpgVLRaOc4pRQBM61YnNLTNIoHXPUfbDHmxjBjIV0="}},"VYeLykZ2BrWitNWTjmAKgE+9ztkqiF9VzOIE2sqJRcg=":{"valueMac":{"type":"Buffer","data":"o3pr7bJkIFP1nHiLhOXaDkQ5ORQEIbNcnv2+SGt1LIg="}},"W7WfdrgO3jAa5xjHWVfTFkgskPBHVqG+u2qPHB6nNX8=":{"valueMac":{"type":"Buffer","data":"I0tGijGDsZ8HEHhJoNlzsJc9jyqwOJcs+psru2++xUM="}},"W83dXwPJmCVcb7FT3XZnkZ+qyndS0EyELLa1ERbHHaE=":{"valueMac":{"type":"Buffer","data":"hSyuOWE3JTzwUUPRfjoilHPSzaR/RIpJKar+buRaiWg="}},"ZLX0mjq6vMOBkCKvaLzxZePt4UQnoQEp+M4LuZ/HcK4=":{"valueMac":{"type":"Buffer","data":"nCGct5woZpgrHHtXe56QO7SQgzwXkeFB8d2G22fvo8Y="}},"aYfk03jPtPkA1qA0Y1iC1gf7DVXYblij3j/utXB20FI=":{"valueMac":{"type":"Buffer","data":"4MPWvp+5mSxpbkmeEaSsXjhe4TkRB5MUrxLSfwJ9LCU="}},"bMQXq0nRhv6yoKdISOvWJtPrz33Nksrl/hMUj8UYRvI=":{"valueMac":{"type":"Buffer","data":"1rS+howOW4kVgo93jNvjz833Hb7mE7UzmY95Pvk2ACM="}},"bqayRZI3SE9ir7QRTaEyXKL/54x/lOnfDhb+H+oddDY=":{"valueMac":{"type":"Buffer","data":"N6Edsj/D0anlmvb/yS3ay+zmaP87QPstZAgMVDcK2mQ="}},"kHtMXq2NIL+LrMrTgaWXlWApgVEdxeoQNXHwcmLtDFc=":{"valueMac":{"type":"Buffer","data":"ugxX3WhyvSjUWtDQVVY1yisb4Z+5/mJ07CkjPa7tzmI="}},"k/3ovimJHAjQGymE+M2z2urrOM93UDZ+pd7j+thCbBQ=":{"valueMac":{"type":"Buffer","data":"7A2x7G7iXiVS6fz++HgOeDKT2uArPy9aJ9PYd1rqBTA="}},"mLXQ3pSSOha3psn9IYYMUZjDB9Q5yyONoJa9Luh0Rv8=":{"valueMac":{"type":"Buffer","data":"irNHdzwm0YLE75dGTFCjLfwA3QR4LYDYbmun0goMrIk="}},"pJsw1yNaJMXoIkU27fbtYVHrDfQ05twYkl2nTIJe3O0=":{"valueMac":{"type":"Buffer","data":"9fgkgDsYzgR4FmvxJEV4Z6dKjTbqw485D/dAgxKe11Q="}},"ratDT9P4VX9e1uqvk9yXZN69UeKCZTEFbudQvlr4NnE=":{"valueMac":{"type":"Buffer","data":"C1KRxWOiPcLvuj6wt5d1YEotU2w/AFJfyfVIWLl3WHU="}},"r4S8zDDE7UHKx5iTL1Uj6zFcJxkudP9SYunmcTqtmw8=":{"valueMac":{"type":"Buffer","data":"c7TBmyb7V7t1H8o3g28CwgIn2KkqB7v3DVhQvE90X6w="}},"usVks6G9lLt9mWcjcxwWOuAglrI+ed2JDAzR8ROenG0=":{"valueMac":{"type":"Buffer","data":"SzsK/C6T5EGf8asKBuvz2Nqp9ogQkx6TjWgIebEPG54="}},"vY8b3rfbsg5eeVwKxapJqxZkbhW0ze18tT9fWY/ROxU=":{"valueMac":{"type":"Buffer","data":"EDojAYqVgZpEfGtLaJEQJ3kB+LZli2CiEA+8hobCr4M="}},"x4ibiBDVnb/I1wR9lm63cmHUeICyn71M4SRX4LgTmIE=":{"valueMac":{"type":"Buffer","data":"X9OfXScUWfoe5Twl+Rs0N3UZ4pxlDABsvcBsUtboBgQ="}},"1MJ381EOargIf6ZIChhiCD5Ze7Ztzku9RqDegHCFeDo=":{"valueMac":{"type":"Buffer","data":"L7gptegJgomP96yH/UrYWJ9AywP+AcAeGv/VTncNPmc="}},"2z937Rb38Zfd4xXhX+haRPbzIIrZwpLh/y7OThMzF60=":{"valueMac":{"type":"Buffer","data":"xCx9xwNyoEgD+947THZegca9H57urYGxFB146uW5PKM="}},"7f8Y2gtRf2rTFOJrGZ8JwLmzkH4dXPKkYlyJRJYj+eI=":{"valueMac":{"type":"Buffer","data":"1rfCVG1emdkNhRaMuU8rzU7DOvd5Iteh/Z2ZlKP/bCQ="}},"7huqyIIdESwm2eBpIhlvb1i87EIV9xF1P/Bsp+psCCg=":{"valueMac":{"type":"Buffer","data":"HZlwd4hVJ9d/Va/D2gPU4Cfi7bodRTmla3HM8plVC8w="}},"uavFa3Gs7vTCxaJVcseXByffJ+xzEw9m87WcH/Qi57c=":{"valueMac":{"type":"Buffer","data":"Ju9K5Ce1hpjuhc8mXFjp1B961dv/OXw9gB9VT9a+NpQ="}},"9Lk2khh90rx5cFnbfLw1IYUjjAV+OIMR0XaOr3QrGqw=":{"valueMac":{"type":"Buffer","data":"JPHWsIv73sTAnKfKHeKBkcSouqKeTQrFm1odC3i6yJA="}},"4tFhDdvDft+83kKrWnQjfHSPksg1T23kkOf/qvGgCCM=":{"valueMac":{"type":"Buffer","data":"bqR8DhBjErs6NxgRxIEgNnFNNnkjrBbrE5wMvunkX+w="}},"2L4MHHyQR+di9txk7hkgYQ/M605sDunHP9NLwnXXbhc=":{"valueMac":{"type":"Buffer","data":"DIafNY0fYGjIczD9vA6lHaVbP0RzT8drkk/QVljZxOw="}},"Lg0tw3rmzWmPk0PWRsMOv5sQx5eh4AQYwm+ciZaM3r4=":{"valueMac":{"type":"Buffer","data":"o4xwMt3+2UasASiJcRM4NCDq9Z8WoOKMFLKhOStzwjc="}},"C1pcPOXyRoHRmnxsSXerFQTQmPsJrQ+wzcL7urT2qeE=":{"valueMac":{"type":"Buffer","data":"DTS4Ys/40+A8AqgFPCDeec3PdRV+A56THjRjNaxnXNo="}},"g1LFDeK2H+8JZOo475aGXfJeeOFFfpSkKJGhCLQHRBU=":{"valueMac":{"type":"Buffer","data":"iqSEFDA6/L0ZAmcdeisyM9dLmYkGtu/ScR/28nhThe0="}},"E64R0onj/yguPosMmWLEl0wKBxBTj4oILSrbRLCJ7ZI=":{"valueMac":{"type":"Buffer","data":"BLPwkP33OqaTtg+hAfHtZfOK08rwm1bVvMLWjLARGVQ="}},"nWD6R8wx7ZsnBWYhqrcO14YR7j97at/iuWqL9ytqzDI=":{"valueMac":{"type":"Buffer","data":"pSYpAep5Pjz9b8GH4Yt48haSOV4uTot2qWqNXCrPhAg="}},"G811FyPKy9nzvAp9yvZmvbjmk0lV2IgeatICYU7dy6s=":{"valueMac":{"type":"Buffer","data":"Zwm2dJoKDw4Xu5T94gO6adPYeB5DwyPMoQond2wcLlg="}},"6ozGzH+93KLXi08NwCE0azbC2XmE6rfnUAMRGdyzHas=":{"valueMac":{"type":"Buffer","data":"t0esJTIar3O1bUP61uDVr38I6aco5R8pIlWCPpcq4hk="}},"X4XSZw1tf576gt9lkH3jAn+stpNrpZPNcw+ylwT3eMA=":{"valueMac":{"type":"Buffer","data":"nmtRVsaUo3aETgM9YyW1BZz2QVG4c4i/JEoWj+i8cEg="}},"z9ukxfh1QBir2fp8PubmG6Bx+coPzc//w9y7ZMzOL1M=":{"valueMac":{"type":"Buffer","data":"XA+R3xMHCeYfMYq9ClEXxnN4WnX72FMB36jt2JMJg98="}},"wKvF7sXOJX2b3vfrrNwJCO+v4H2Z01xsl4EAZHd/8IU=":{"valueMac":{"type":"Buffer","data":"QURUJ1OSGImgtU8TrHxXJEh6EIJ4TgE+xR0J+sfeAf8="}},"FrAPLh6a8Ddvw1PcF1KnAArRWTwCXm426uhG1ANSgmY=":{"valueMac":{"type":"Buffer","data":"p22tt8KwvGA0TbbMDTfCiAh/eLcBalqIxhPS9gV4ICA="}},"fFIixvj7mUL/HJQ2tVxa0WxZYTqbFQqGkzkXDrrIYGA=":{"valueMac":{"type":"Buffer","data":"F3VDwNcy/1kDzQliXPFgttIPSAu9qEhF+Sqa+92N+D8="}},"c4Zu8g2p8/rNybozbG2N08ArjUKOdNasNvdUTjzGCEo=":{"valueMac":{"type":"Buffer","data":"B++y4Y7rLeFZTUbSct6BPSaHuDtrv9h/Voisf2MJB7w="}}}}