{"version":63,"hash":{"type":"Buffer","data":"C0JdmLlQjNn11rLJxLjrAvXCbGZYxia0wF5eq9riY0d99ttGbV88e18nqocIfMnyh7J/ihZ7iPLROjGCscpinubOzWWXswAH8I/277lwSUsxiv7UOnMkzbdUOqRj2s9jI+UvQTuF1RV8p5IBxX3WvpRC5W+Whi/OBFSjMuMWcls="},"indexValueMap":{"1nqF5P7nH9NjgBflLNof8PISTr2nDWuRSKgXiXjg2Nk=":{"valueMac":{"type":"Buffer","data":"IMMSbEQ/UMCLW85X/UjC+pvGwbjBr/Y4JbjBOdTQBns="}},"eN3tP1ugu/EJ0AlqhQY6Wkkrt7ikzemkcpZIjl2MK34=":{"valueMac":{"type":"Buffer","data":"Fcnjc7tYqZOMFBQtpUx9XmNUBQ1yP84yqj9+mhDdj1s="}},"Lc9QpfL54euznzzQ0jTSx1J6SdUz5oUFh8t5utO+IHk=":{"valueMac":{"type":"Buffer","data":"iKmH4J7sLGbLKAVU4SU2kOZ14WEwt9vTkTb3yILDRx4="}},"HauOn3Gx84iHBLNS0jLy1iTWVM8o12NjamkMk/pDL1U=":{"valueMac":{"type":"Buffer","data":"ElRFIjN0pDyJ0Z62NApHSoLOzbI9YhIwVpnhI0HPG4s="}},"Lf2BNgOe7ykaIn7WC/HfV3zZyYUTszGa5Kg8YENwJGQ=":{"valueMac":{"type":"Buffer","data":"WwoLUo1rJ6TTSR0S5yrQqm9/MxlQYoNbaxMqgbTpTo0="}},"OYYF+rGxCPH88/73AECv0mYyUgVxT6ekhvnsFE7W4lo=":{"valueMac":{"type":"Buffer","data":"KCo4GwuqruQ14PgqyxkW3EV2AmxO7oaHXCjmYxuo0GI="}},"IL1tFWGJqq/yLuV63pLG2gwqV+jpmBr2Ne45VOT6Kgo=":{"valueMac":{"type":"Buffer","data":"4VZlTJbfSBep4qgGD22w6yXesISnqxVSNGSAxq9R3hA="}},"pZn3OAT3Ycnzlv5XcHFeCt1EZ3zcjTDVw03e/bCMapI=":{"valueMac":{"type":"Buffer","data":"tdIn4SKjMxpWPI0zxfQhf0BHHSKBFdMU66ZaIgqQ9tw="}},"IiMkr0CoWerWi41/c5kJGsNuroIh6dWfpDTpeCsnusE=":{"valueMac":{"type":"Buffer","data":"9xUESqFO7v6h3HE+cH7h82SC4ZC346Yu+XDH/O0Obvk="}},"gZ5j1iimm0Q6cR0y/Kd36UdxHi1zdyIk+A0t5Z6UioA=":{"valueMac":{"type":"Buffer","data":"mP/VGbobzePLbiOgPhfQE/wWa79FyFsva6Kr0IwuiYY="}},"TK6hvG+SsxSa/RCsMKYtHtXJjgIZJMEvI7P3dPGUrMg=":{"valueMac":{"type":"Buffer","data":"5ufwzp5zaKvLhBTSUUybtBHTxYr3MBLiCPEMNZ1OhyE="}},"sn6zrjFS7/ebMSh4toui5ct7/KBsHnipS1Q5bQnTcz4=":{"valueMac":{"type":"Buffer","data":"JfWCSKqcHXL0ZVhFaTzgwAn7h2KPjyYzJRGn6F+1XuA="}},"krNLTv1uhBgTFdH+bwfozMEDMPfSSHRhg7bTQSgG1LY=":{"valueMac":{"type":"Buffer","data":"lMuwCPAKxiJWNULxz74ui9YZPxlbdYMq92N0DcilMtw="}},"fuQWwhBk9218TLAlqPgkL+ucadsmDnIHI0q2ksWu1v0=":{"valueMac":{"type":"Buffer","data":"AMVTBQg6PElRN5COCTeL7fixiCb6ScQMn49wQ1tBJIg="}},"T1LwFgn4UvfR84YtYNEO5RvxtlB6GQRS9scQL6A/XjY=":{"valueMac":{"type":"Buffer","data":"8OWZ9We4PoeAwtOEgst0aSag8QwXqHJ/TFvntMQFWI0="}},"1t6iJBTZjj66hETM9MbjcRl/afTHI8pxSQxzB2tmtgQ=":{"valueMac":{"type":"Buffer","data":"JBwXQdaI2YnKhp9be9kxHUEu4Cfp+ruCSUpKbHQSCn0="}},"jwwo4LcMa2WcX7lzHTIzUNwvSrP3vbHkx8RHhQ/ulyw=":{"valueMac":{"type":"Buffer","data":"7Dv4gbSvESzLkSX8fHdUTFl//ZcEMmev656drsTcylk="}},"xiQXd7Kq6xHGxCMk9JyB54q3zyxV4xw+1H275OfdOSE=":{"valueMac":{"type":"Buffer","data":"s5+EP0jVt0LlIlBqNTJWoLAuY/2eoASR0iVIkoSzhd4="}},"2Y70loIZaXE0+TsdTH+lAaoFdC/DdsEFi/ZKiYMwK+w=":{"valueMac":{"type":"Buffer","data":"z99JMxOzuYsJqmbWBDKPlK1zyJSQddA3H95NfFA82gQ="}},"4rxqGzv3gsWx1Z4TTSNDPWdYQByDGg9sARpTe3w5usk=":{"valueMac":{"type":"Buffer","data":"nTMwn6l3nPslJKA3gjmW1XXFwIN+nPSXER0scZfJKww="}},"USTrG+iuCz9e4GsGhZVPfUlKRGAjXJU87sXpc4CqeSU=":{"valueMac":{"type":"Buffer","data":"5qybbomker2hMbiDm2VO45yQeAZmlJ2kkbbMcc+J+FA="}},"EE4A+oxBqgYOr4dRKr0sCZFW69HqiriaFiOKxaoEMOA=":{"valueMac":{"type":"Buffer","data":"pVjryEZg/0iO1vPTu8gEDmiWl+5ntZJVZI/p2QjEkK0="}},"iqczRDJhBuhFq6afZn40MgcBedc9rAx86W4ILl6Jpxk=":{"valueMac":{"type":"Buffer","data":"m3LgqyosDX9xeqLpkfw9puXAodmZVs7Mpy146iGYjwA="}},"cFxcVFlgdTU0S/HYHuOo2e4Mv4r+L+5Z0VV7CQYYMAw=":{"valueMac":{"type":"Buffer","data":"I+vtfFyyLMLAcYkDeGWv6vL/HnZrWtxhsrk7kMs1EdQ="}},"unlJ3fNKjckZ+CP3qAbCCCDOSfdtY3jBmH5t5KKXYN8=":{"valueMac":{"type":"Buffer","data":"nXmH+XR3VIyQJFwpwq+EcwLTGi6vWJl9UdFR7lOhcdw="}},"YcK3t8nERo2eLkViGv8PTwYKpL+Xjrljv97yI3Oo62s=":{"valueMac":{"type":"Buffer","data":"6p29s1QaQqKF/7038XnJf8/PbbY3zE93kbOYF/It+hg="}},"5V33McC2T/+oVVWQ2ANkspmlBFF8y3iBI/MY8dYYXJ4=":{"valueMac":{"type":"Buffer","data":"UN1gRT09GE/P3nMF6rJiJY6e1YLgyAb9sFiKU1wlQEY="}},"sU0rngqCdef4RytqrwLjeMcZyupn1wiIX0GFewbq9gI=":{"valueMac":{"type":"Buffer","data":"2ti3wIvROCeTzc0BAsq4RzGbQKysCxUj19BuQg+Teko="}},"IXVm7KnilPdVMvsS2fflzKGDR014N9CizTv5WrOhnsg=":{"valueMac":{"type":"Buffer","data":"azdkg1VFUYBigJ8Bvglw2aEWYfxre1FQTjCDwKq38lI="}},"IO+jDjWWDsUugjUxoYSCGXx+RZCqmKlvqnGVbvNrBnw=":{"valueMac":{"type":"Buffer","data":"VUhKXCpXw01YJYtM1a7FzSMVVtP7u6YgIxOyly0OQKE="}},"xn/h6m0T71jaYCPPE/caExEDwip/Z4yWU5f7YE2AKew=":{"valueMac":{"type":"Buffer","data":"FaiZiTZ63YVzQFcWa73XVk3Pk3uqsgcTAv631v/ZZE8="}},"IqkCxhU4fgQacbzX2lKRcDLUCWMGr7umB62BK8TlIks=":{"valueMac":{"type":"Buffer","data":"aDgqMGJ/p/9Zxn6j3coNyQ1RPekvmkfMeuQ0cnZn6Uk="}},"5EVUw+gfmT+MnGiQkNC2b92f5VAP1+PBTNZIRi51yRI=":{"valueMac":{"type":"Buffer","data":"pOug+jE+PRwE2XKr9TqfHpkYx1m3d8LFlxtrD8NssFQ="}},"5DC42tw/WOmmbFdUyA1ueKwyDKPmOa8roUQ0EQe4Jeg=":{"valueMac":{"type":"Buffer","data":"TasrOsOQmPrr1u6MRV/QrC7+uS/dXSbHBKke8/Gmhhs="}},"cKTs0DLtLaGfPviCqSVspqMbi7sU5g9fttpoN6I2gM4=":{"valueMac":{"type":"Buffer","data":"p6uROt1KZscBGzsfmzANlWlAx2dlSXx1Z2i42dqv4xQ="}},"J5EGW51b8lO8+3SDm/1oWnLDaIneJuS3ezcEtJbmwnk=":{"valueMac":{"type":"Buffer","data":"H5XyM/g5lidHAc7oCBbR5FO+2BfMHzEP4u5m667jfbs="}},"ORp6oP91WRo/7pFbS5E6jnj7CP2RHyS1zmQ/iEwsRn0=":{"valueMac":{"type":"Buffer","data":"RiCSNQYaOU5lzA4T6ssocZir3MFZf7JQSnWJYZlnEmU="}},"7rRChp/vvkZ1rIFsM9BZUZJUD3R1pza8V97k7d/W6iI=":{"valueMac":{"type":"Buffer","data":"TU2gBzLyXDCll9OlOx5lu8LQ2glQBdyiLLS2K6mnvNk="}},"oOg7UIuck1IXKSjABNOWKL4871ImxWFQA95hIoiNuz8=":{"valueMac":{"type":"Buffer","data":"ANN1NUIC94XrZ3C6/OOymC8923KJroOrQQuI6cSlIo8="}},"WMpD2ZmZD7BvcunY4deIaVqaAxq9iOYIMk79UADVGsc=":{"valueMac":{"type":"Buffer","data":"AjPrplGttA5qq/kFP+wmQPAoRShdwKfryGeutAgOMmE="}},"0t3Co6hc0oUvUjMG/iUpMjb445BnrI43Lo1g1INIhCI=":{"valueMac":{"type":"Buffer","data":"LxYiNAAYLoMw2YH+8Le8bcdCGUOuetjvgV9+ZlV7zM4="}},"uT9eQ/0N+YJeObLNwRLKv584z9RDBVcTIie5W8wbsew=":{"valueMac":{"type":"Buffer","data":"2pF0xjebhlr3wTEDYaiPn9rYj2oJbPnl0zfYKmbNd7U="}},"NT7IjEEpHIi/kSl/5leCadL9PplN09SFaNcGKQ1ycD4=":{"valueMac":{"type":"Buffer","data":"V7HgcAS5DnYg+8Qm6WkMxvQqK8Xv6qIVStQ9qdfbB5M="}},"4wahGJq05nYOvkewCicpm1X5aIYWnqbXNZ0P4U8NPnQ=":{"valueMac":{"type":"Buffer","data":"mW/Phk4X+Q9GS3Y8S6bYHgFUwC69xyhoIFAxhaN9tG0="}},"4fdhdsLGXnDW+YmaGcGMrGS78ySqcED2NXaRIPnzWBs=":{"valueMac":{"type":"Buffer","data":"sFOX2wnJ8K2NWfkDEEW49VQfxNOnGOSqDzrVcrIL05k="}},"EcmWr0K+0OHwvmbOnG+NrR5aT4E/zNi3hPBypSmWEZ0=":{"valueMac":{"type":"Buffer","data":"x9I+aeaJ/a4dBGtjsrgNSNWMGbTBp2zgfwoP/ZlJZUY="}},"kkOx/mNpKWfP+gBXHoMnezMnRvd++dyj+GcV+NFzgDE=":{"valueMac":{"type":"Buffer","data":"oItR53bt4KEsdi88fRLLsSM/nvXR1+Vg9ls3+hTNOAQ="}},"lY3enwdpg002x1vuejoSiTI89Rf3VMXan8zPy6QL6sk=":{"valueMac":{"type":"Buffer","data":"ARI59O6V9QQ1U2VJsWFJL9pJAjizHYD5rMatuWllZHE="}},"or8nV6+7SlKTM/tdNWE5NtYv5c7vxPlQqPmyZPbMKMg=":{"valueMac":{"type":"Buffer","data":"tem0XkyvdT59zeqWB8nNkQlu79j44xihtFnfkUIrRjo="}},"QRMLAPtT2jQk1kBTrDC9V7KPxxQ2uhmJ9E103S8U4Lc=":{"valueMac":{"type":"Buffer","data":"vTzG8tW/OKE3kX7FbyqL+OEpWpsOKtCNjfT+woQT6ls="}},"39PTmhG1q2Zub9vkmqvjZ4Ze+UehSApD15xeSyiNN74=":{"valueMac":{"type":"Buffer","data":"6jdjpIgj88zlpBrd8//zNnMo4C4fizq9AjLCMFCRtHw="}},"ee0EY4mNKSCGY/AorQXYYPUgcWokAG9+0JT09tURXbg=":{"valueMac":{"type":"Buffer","data":"qEO7kt+MVo6HavKoIR8PzSntH5RH3nsGT1Uma0ciwBY="}},"XDYxb9tRElH4UwhCim2/bSqmEwY60b2aXCYV8poNoK4=":{"valueMac":{"type":"Buffer","data":"wH0Lb0+B/dxv+ZsgNTTcg2biajFECiOt98UvYIZNU1s="}},"wu4Ok1zGwWnUrxwt82c4bFAlyeukPJZJLT//GcWY5aU=":{"valueMac":{"type":"Buffer","data":"WaZWYPQp8Gwm5pQWjHQzFwuALjm/rDni1yp3jurHIb0="}},"/HMi8M4mMpaOXpDXnJ5iMUCa8H4hTF37eyjw3cVh3Dg=":{"valueMac":{"type":"Buffer","data":"VwuHm4kWSupAuPa8QFYIR8rOcSeEC9mgqdjmlinXPu8="}},"EH93dPP0aUmlCv9horbhT87BqlZTiv21eTts0uDnvSg=":{"valueMac":{"type":"Buffer","data":"oeHB0BwyUtHmBirgZQquvTcy9yx4lNMzRgqsTbBChYg="}},"0wA8pbsulTGSvJlaGLr4xOeEsrtW1W28JTjP8PhlbXw=":{"valueMac":{"type":"Buffer","data":"uAWVz7xrXkCY0dNdsDeTHzh+T/ORxGpNhVKSKEqblO4="}},"AwxW3abFcCcjfwqF4Dqma1u5JYtYGQLwxscvHHjt9aQ=":{"valueMac":{"type":"Buffer","data":"KieCmrNSSqVtqfBktDraJmX7woK2cUHAbQQt7Tm2Joo="}},"Zi+hv1kxt0JeM7Aob3lXMki7NB3wa4IFZ4oM52nz+1k=":{"valueMac":{"type":"Buffer","data":"RT18ZsP4TBKwNW/PJ2lVYGAlSQmqF50ENREAbF5jun4="}}}}