{"version":47,"hash":{"type":"Buffer","data":"7rmlcdQ3ObTrhOln4X4HR3UzsevTfIK0PTvj8RrcV8kplNtlaXKgRA7AvTaw4SbeThshVWS6FJWa73/mpfI6jGVeYdU+U31l/rLjx76Py2+jIUKm7sIlL/JtaCPzxZuGBqnDa/wBBFjnVuvwrmJwS2OE4lTvsBQAEQSRiZMqwaw="},"indexValueMap":{"ARmah0Larc42psgsE3YtjZyZFYDbsNaXIvmWjawi1Bw=":{"valueMac":{"type":"Buffer","data":"Rl8fichS4upDMABVp5El+bLKD4LDTiyiw1Hq/2DObrg="}},"AcIdOLE4NbPfI9RQfdOqUNzK+mYyZ8sHvLARfWKnHJs=":{"valueMac":{"type":"Buffer","data":"8Lxr+Lgk3aT2CL50vZsuJYc9QSKA4dZkMpGEg1QQlKU="}},"AcWAO9PVThRpaMbH4u59IbeKTNHhvNsprk7W2P6/FGU=":{"valueMac":{"type":"Buffer","data":"ZTP00GSwRHg3+t94O89klC00+QbM4uzQODrO7DvgngI="}},"Ac7WnSijlAG1ryyImaiQIkXO1JIERjYtNvalVgHpLdA=":{"valueMac":{"type":"Buffer","data":"DFtmrNdgpOt8tH1s3OvBNthhmHUECZY9m23MQJr+wZw="}},"Ai3/dmWPHsj5Ty6UII4uzdODS1azTT42gAdsDC+UUb8=":{"valueMac":{"type":"Buffer","data":"gEpgimbGynOathGiuUNbGNIB4xfbI1j1XMVEzzchJzs="}},"AmGdToE/sXRTRwOV2P0Ypy+x1WJC7RpSl3BmCzlM3uA=":{"valueMac":{"type":"Buffer","data":"8/OifDkaNF6KRd9lrsqIwK/JT8CKEXM7CTa0/mZVr44="}},"ApyPvVwYHLrKZAps52blO4XQfRZn7MSWYNVFmQX8tOE=":{"valueMac":{"type":"Buffer","data":"EqUfDOqa89qvixugwPDpsRhqTEZ0sbRxnpLa5jfLaqs="}},"Ar59DlNmplFmiPmjqJYS4LnecXU9vfHr+5qrLTtHqV0=":{"valueMac":{"type":"Buffer","data":"fRTIfvfoLDAOYWYkFZzrSUatOyqom797368Ozpk6hAM="}},"A1an2SwzEcKlv3u6zvogYQFKCCafAmbyZHDuH36Y4w4=":{"valueMac":{"type":"Buffer","data":"tezwbhnkYaZR+d9u0REU3jCokibkme6PieEHWY9gsTY="}},"A3KCsVHxm4W2MD3h+iFOx6h92Rlr8U2NyqLTw+Okhlo=":{"valueMac":{"type":"Buffer","data":"h6JA7AWYdTl1tLmq9CAyi4dBe80qECNuT6M5CiojCbE="}},"A3rkI5z6CjyUMXdSkITk+nvca74sNGUOT2idFfk9Vsw=":{"valueMac":{"type":"Buffer","data":"Rjct6bkRgO5Nw6BfppLDr8We3Jf32s6JOS6yvs5pbFU="}},"A5/jZUKkMcnqrpOOXTx0JQ+5u6Vbz72opcxT9PP7zmg=":{"valueMac":{"type":"Buffer","data":"OoIR6UJZFPSl1G7/jda29URpbPMP7zoeBprt9RMWmdc="}},"A75OE6lsRYGnAa1mNs/RXyf+wYGDbDKnUgv1UHNECHg=":{"valueMac":{"type":"Buffer","data":"HLaBKPoYhMssxi6sFJi0Ci54l9Af1aspIP0Skf/g66A="}},"A/xEGlxgvcSrbiEtsEkFhzu0LZc1jPBr0WA4AaMPQ+8=":{"valueMac":{"type":"Buffer","data":"tfwyOvBIiA7QgeL1voBpLQOkIVUmhDCxr3USI57/bzQ="}},"BDTN2LTdcwvqg7B+JLwY34xtbJs/JhWyYXX1xEAPIQo=":{"valueMac":{"type":"Buffer","data":"KPLBMH0Md95sX0kipp9rL5W1D1AJkw+Nf4IydvyKJ5c="}},"BECdXv7RBAPv34Gu05g/3O6I6TnvdpiySpiFZPRotpc=":{"valueMac":{"type":"Buffer","data":"bnTR5Dse9n0oc9Pw5D+0lQq/wcxYRxD/SYx1JZUGpro="}},"BIjWwNFU4CxUUO5MYKwa015VGhl9bI+KIjUsiHaps/Q=":{"valueMac":{"type":"Buffer","data":"Z8Gp6KRb8UEKRLIUaFrOarBBG7YPKSmiSL0xDiJDTXo="}},"BfvRC8ye364YaIbwmC8e3eKpJV1QIlO5qJblNF9qezQ=":{"valueMac":{"type":"Buffer","data":"m1HNDhP8gI6JoOIWV3iwjUCXnIWgKlzICL381Crkw4w="}},"BjO22tBMDRui9dgdglVX3zNSWABT/0dt5x/JIwg9ZVs=":{"valueMac":{"type":"Buffer","data":"q2sVNkEYgIqqKB6HdNyBr+TJVUH4eE48nngwCNFj7do="}},"BoOvtq4nyIjkpGJJRS6s0LjiJNHQXUurFiNMNr9Tnis=":{"valueMac":{"type":"Buffer","data":"bjcJtZjAb14zEBsGmQLNsK06MY4+lY5TX4w5Usv/WwY="}},"Bw/kUvaf03bYjhL1B9xmA5mev3W4cuq/zm2vFLI/3Jg=":{"valueMac":{"type":"Buffer","data":"zol3lxAyiQZ+Zh7luu2+AyCHz+4EBF8PRmUMn9KMhao="}},"B08DS/E5rY3AodlXjTp1eePFbMDvGgAtSTIV3kQGuaA=":{"valueMac":{"type":"Buffer","data":"34baCkzMIF+ZULKwqi7iZJDJ8l2Tv0/pAlxGwI6tly4="}},"B5YJEZbPeQ1jRgI18WsmXEBPNpG1mTutd82o7FjRTtg=":{"valueMac":{"type":"Buffer","data":"IjV5OSkWXEftUSm8a+qesQr15C7WN03BN+PhMCRiBL4="}},"B/ghlF8ygGUvZOIROmcNSE5UC8gc/pwCecT5kgTjbLk=":{"valueMac":{"type":"Buffer","data":"qf5s4xF13FccMGHqbtN7idMLNLDPiD1ENj3N+1BJ6gU="}},"CIeE2pzjFPFs8YAxgP4l+H+BGIYbMtY4NoRKzUCmE28=":{"valueMac":{"type":"Buffer","data":"2LamYwOgmGDVT/nUGroaX3oLaQixzppJb7HxxdRy8b8="}},"CL2X7Ys3DfGjNqorDBq0M3VXhpGDax4k1v1iGfH12XU=":{"valueMac":{"type":"Buffer","data":"TKWXSRqpAd+dVpiT2fiiCmGJVz/8DB2Qx9fRrttqtbA="}},"CPJKhivH4TpIpTnoYq7lVWWQ0Ylt9F6r9PU0Fdl/n8g=":{"valueMac":{"type":"Buffer","data":"iEhavZy+hWfg0Uwx++Zn6ffiwPtO2nVJxTn5JRqxjZM="}},"CXPRBYiZv1272lWE14nwA9qOew9wf4crI8LWJt4ip0I=":{"valueMac":{"type":"Buffer","data":"iCFIRenOiOLvn/qE2JWaX7xmHoUpOFWsvoY4RR4S3Ns="}},"Cc65St38lCAMGi7m2Dzqhc5PmkcJOm/oN1ceiuTtiLE=":{"valueMac":{"type":"Buffer","data":"IyReUvl5D7BJWfTOeSVGXBctmNfaY1YI4xKtIa9bW3g="}},"CgTSGnYtj1s7hvgj6JolfPK+wVaIf0AZwfMajbBakhY=":{"valueMac":{"type":"Buffer","data":"BoY4KHzIXDn/8VQ8PO9VO7I8eOZjxMZvc71+u8w64jQ="}},"CkY5DIgRKn3kHbjPZFYlDsCWtRWAEuJStY/LtZTrPIU=":{"valueMac":{"type":"Buffer","data":"lZOvQxj2l9L8EmKfoao9rMtslcVS7J/LlE7jRvOtiqs="}},"CmSTo9n8SuqPKbdVYrwDvm7e0JaxzLzIJFl4BUIJI6g=":{"valueMac":{"type":"Buffer","data":"DNTlN8FrH+o+hxrqPfKhSVfwLedSZ2mRVjNCsp7sBY8="}},"CneBZ8cJ/1wX0ZA2Hnf+aGHZA4AB8OL4jweZNvopT2s=":{"valueMac":{"type":"Buffer","data":"tUcDZRZL0KJSPs6yPCLVCgNWc3gl5/q2Tg/1UBVNRLI="}},"Crhp/9bmTTjjqgW0Z/FzT8lKJ5oMgT0kf9OtognqSgc=":{"valueMac":{"type":"Buffer","data":"Unk9ZcshF/6wir4EaIGFBzrRgv4UqukAOJXfBlZ13PU="}},"CugqwSUglBdeFPGnxBSrF7BWRFVXHEWrpg+tF/247Bo=":{"valueMac":{"type":"Buffer","data":"rOxjO2PfJ/EEL9Y5WFym/aIrTMCa2NEztjr3Kz5NuBY="}},"CzPm1DiYgLgx6sHfRb2xKlQH3r9YeS+ysqe/KYTktc4=":{"valueMac":{"type":"Buffer","data":"zDGVjuO20C4s9BC95FejCDX3M3MSU8hLTbALjGiXh64="}},"C8so6Ch1+Yx3kWi++4/G5oShmsLJouEv/stWMvukS00=":{"valueMac":{"type":"Buffer","data":"5Pz9ww93QuoNDvw1oQf2eEkwjlf+/it1booeclvvgY0="}},"DBWfkDHo1EYVneTgIyfBFNifUVvtjqAySRIiGarSIcc=":{"valueMac":{"type":"Buffer","data":"bLzy2lhkMBD/vIiuSvSxleqlI8CguYuh7g4ky8hKHtg="}},"DD/5y3zzkZSu3IsyQAasd6GCzKcuvWwYkE6n9KyLFUk=":{"valueMac":{"type":"Buffer","data":"QlT+RM1Rc7HUuB52BsZUaRL0sy5O/z5HpqekoGHHt9o="}},"DFSVfWjvzdrK92hLkOkblTb0j9eRQGccscUPQsBOBV0=":{"valueMac":{"type":"Buffer","data":"BFQGHBoC/xBSpofr9wV3RjhmVmKmn07pXj5YTRalt5U="}},"DGty19OwxoC/xMwOoHbIUgz0BuREcwoQOzDJBcgkAGE=":{"valueMac":{"type":"Buffer","data":"Fd0+gKkvAHVhPLEZfMEuDNNjYmIiQVaFNLJ87+1Hv1Y="}},"DMC1CI9AXcugyML/LCTXHV2fr/C8IPXQ3CULhCzx1cE=":{"valueMac":{"type":"Buffer","data":"T20mlXLmHfmrv1hSjS2gaXiJCPF5ytgMlBK1BVbPXB8="}},"DRLXhI7XC8V6oITeTJkX8YNB2+FuJ/dtQ+u+yI+Tzxw=":{"valueMac":{"type":"Buffer","data":"v7kMHf/7UriL8gmjAtsO9VNncaPHFSuqfVLBFQ68/M4="}},"DWBcucItyN08tjQVp/MnNtwaROq/J1Eq/UsEK9vzgIQ=":{"valueMac":{"type":"Buffer","data":"65fd+Qb0d2ilT6xxxssgM3zvUCeJPBx5Lbv3qMzIslc="}},"DgY8gIZT6Mrv7yjojXtVzMt6MEFN7RNdrMqJsAMopMA=":{"valueMac":{"type":"Buffer","data":"irgAGWMZxFCP/1k7jVdXSy5Bv5S0AUbcWqHPGx/tQxM="}},"Dk7xBQc2XF3OJiBZCA+WTjnC3Bf83AmNKRVngLUC5gA=":{"valueMac":{"type":"Buffer","data":"Cbjc9TxH51cm+angoOtCubhKERCmamv2b2nnlZrvbqY="}},"D1OKD5v3k6qOg8cmO7JY5Yhm3BRtazlngJQKZuS85E4=":{"valueMac":{"type":"Buffer","data":"QJxR9ml/iNF0FDL3xfZ/9ad+O9fLcFVMv4BiM6R91F8="}},"EExKjeo7RQdjFDAHbLtqyffjzLoIN/9TZlctiv7Lkhs=":{"valueMac":{"type":"Buffer","data":"u81Ps5O3Ue1hnFHI3rNzXo0p9jnH4cie1XpqDP8dD1M="}},"ELmrlDDat3IcQgjYeKdAvYuKPCbepne4toR0zF3eikw=":{"valueMac":{"type":"Buffer","data":"yEvJ6p+kS7RjAw0kNyyk76wxCdUaZ/ZOSYoBYJTbtY4="}},"EueMgDXU54P7wf61v0eRwXNfjN1OP79DoYKVLls9Ptw=":{"valueMac":{"type":"Buffer","data":"p2BOi7zGGRrN8C2gKk3DGQJrOqxV75yi6LR8sSqT94g="}},"EughZouqGyEopa6FxzjfD1SNL+l29bKusLcs3WUOdsA=":{"valueMac":{"type":"Buffer","data":"Vy8Bo3xjeVl/JkbdmYFV3iYeOMyeka715ZUUxnZzDa4="}},"Ex/zCQz6J9oKXr2GNMGNT/+A3RbfHsZToAebmtKGlOY=":{"valueMac":{"type":"Buffer","data":"x+l4CR0hRtquA72oxFpEG7LdcSiDn4ydZ8qxGR4gk8o="}},"E1IfUlesoKt1rnkGbL5MlHVFr1tNebY8KSP7KYmOaPw=":{"valueMac":{"type":"Buffer","data":"DH+mu+/GK+Mh+JomddS8wvFb4MXmFTi5lTEFWY6K6HA="}},"E/aZaX5tFQyVsZ2slAi8lu799QLEzEgcit6kEERZGuY=":{"valueMac":{"type":"Buffer","data":"iyRD8K6EevS57qROfwxcHt8uO+6GthJ3bBIXlFbYfFI="}},"FB9NgY/bEZ3Iu+Cjza4U3+jMbQn/t4Iu5AHfbiF7QIc=":{"valueMac":{"type":"Buffer","data":"s7sMDS1DAHvYhUzPRzQmiJHuX8ZliYEUvYC9JAajqvo="}},"FO9VQm3/KPvIi3crPX7QU6f2UuD6nqlFqmYKuc4YQug=":{"valueMac":{"type":"Buffer","data":"fZVrAB7Lxkwr1MHOGfef3J2dWhIGgqY1nAeTiP6jKWA="}},"FZBgjNTC6bJ4npzOmEB712dg5X0EukUPQUZ6ox4yGZ4=":{"valueMac":{"type":"Buffer","data":"SBi9jB4N0MtY0r4rGQwZT2LQ26UOy694ePW11IFHJGg="}},"FZnkxD02P1Dvj/IK9GowAiSjOSOawZB5clN+n7iB4LM=":{"valueMac":{"type":"Buffer","data":"syuyUJBJwcLwC7wFWJBt458lq6FQyIcmEmqDHGStGd8="}},"FZ2WjJDFEJJwB6cNK60vFaKNiOE0VZ3o5FOIv388vE8=":{"valueMac":{"type":"Buffer","data":"ko1qPO0kuuGwpVVgRjPxXuB+HTYQMev9cRJ4wzJuaso="}},"Fa+gnhMqNWu3BcyP4S98G4DYs9LV5g6Z3Fylpx+nIaQ=":{"valueMac":{"type":"Buffer","data":"Y8jotAO1st7p20ngB26XyV2BYQ+nKT7vA2khaWWU5xg="}},"Fh/IYdu8UDFEa2HdF8k5pnzhDAwIWrtjZgJH3qGrXY4=":{"valueMac":{"type":"Buffer","data":"Itf3XoLaHLu8mlOCheubj/BnsiWspqSbGcsQ6KRxpJE="}},"Fk6nkXM5QSvnVoY7y/VYNDKHjCtPd7S9/dm6oUwc0FA=":{"valueMac":{"type":"Buffer","data":"uKsW4ZgigFSRhmBbpoYpSVPuS05reB0AppAdYemIsRo="}},"FtHkvP99m4gI1bsDqISmxVF/jOoCWgxhloPhrQyc4ts=":{"valueMac":{"type":"Buffer","data":"ZOJODHKNBnXbMKHuqkDskhKyNq5cxdtsSY3svzHBHYE="}},"FupajaO3kOtG8ncUc8CbhEvarEuxFUPs1pc64AeASaQ=":{"valueMac":{"type":"Buffer","data":"qhTFJHoYznspbNZ0bPW922j4HbSqUwnJ7BJdTeHg9to="}},"FzoA7INCUjQaaKAomWxcmiRLWDSCvfhz9p+m+qecGa0=":{"valueMac":{"type":"Buffer","data":"t41+GnBuqgE7ERL2z8x1iLHUxbepXswRiF7dp8mmvsU="}},"F3zc/kuK/Sz5hRTvJrGLLqCIAxLfrakvj3tHSjwBjPg=":{"valueMac":{"type":"Buffer","data":"GPjHEou14Rl1KeW6x8aeBQXYyCyIHP2/IPiyuR1kM0g="}},"F+sPsxNodh7UR2tl84Y/hugZHz+hR91Y2WXq1MmUmOc=":{"valueMac":{"type":"Buffer","data":"Qu9tnb6W6vJfKGKxaJfj1RwJhl0UTdFuPURf4w3fsew="}},"GDMeNM/7W/0vZHClG/XLH3QSzBXfYHHA3QoBtQmuHOs=":{"valueMac":{"type":"Buffer","data":"eJB/i+royxYtuPRENSGJnXzwmZ+4oML5E9GdspnVZNU="}},"GD4/zhEeHjJM9FCqqN7HTkP9/f8egLbXe+3uZbjPPNU=":{"valueMac":{"type":"Buffer","data":"kOehbAY9IcH6LhlfwnYBaZaWORfEabeRZnTiGLGIbAk="}},"GH/h5P+c3bD4waq7ABf8si6sLYTzTV8a7A1f7p3mY9w=":{"valueMac":{"type":"Buffer","data":"LeQJNex5pM+Gvav56l7zpSV9xQHKcYbFteyH6uvaJGM="}},"GIZD24S+yq6sgd3Y2dx8pAF+3ORlpbJKaEPJzQnGle8=":{"valueMac":{"type":"Buffer","data":"MxoIzrJp0mTnahj8JiEzm6LveZEy50qjc2UspnatlwA="}},"GRdrgPdlFPofjac8yOUNwcDudKVCsrTMvMgiZzLqTyg=":{"valueMac":{"type":"Buffer","data":"iL3jKUjDbJz5MZn+Mgtlzaok0JlHdkZqIcSifbrbtaM="}},"GUr37Se+ZPsdTHTnZaMxTjg72EqCZukmtIpkvga5+8A=":{"valueMac":{"type":"Buffer","data":"Qi6z/H7w/bTXhet9SJE4UGSpFwU4dwgMfxb7FVAAs78="}},"GXw386o9CqjcykAh+Qga/h1UNei8UHxaYIoYIwbSHS0=":{"valueMac":{"type":"Buffer","data":"79xE1F9A1Z1sDgHhp3XPUaiptYkL+nzvDe0pXTd/zAY="}},"GkMvAy4FDluGn4bNW5B5jaa+nUbpc1uYIu3CLtdU4Gg=":{"valueMac":{"type":"Buffer","data":"v4zNRMkOK/F5DXJKV2KFgBIiqLOZSke1ofc5BNaKLXE="}},"GvFTA/e0OjtcP555c4EncTALJRlWiMLBXgI54XQ1y7U=":{"valueMac":{"type":"Buffer","data":"CMQLAeIemtj05McGxveQjPfPKejDCS9egTdy5xIbV9U="}},"GxjpCDb/203vNNPyur0a8nBDTmqrvm78I8mWrvZ/J7M=":{"valueMac":{"type":"Buffer","data":"OFTxWqimWA9ALtd9Z0gi0vSNBbrlfUyQA4AiRJcGS0w="}},"G7vYjSB1sV2u+XHsgqCslwOrdljkB7MGOdVB3b5Ow3E=":{"valueMac":{"type":"Buffer","data":"5oYnGMY8mvXvC+6k7BehspBri0xi5NH2Uikgq200ehA="}},"G+irtDBUDEUgwj77IwF2kZX6fagvbtzzlle6k5FdzTc=":{"valueMac":{"type":"Buffer","data":"IrlA+fl3pLTKDjncmzl8lfxyudXEEPPO6bEa+BqXrrA="}},"HC4CLosWLetv1z65fRLQitKYnTeUP+sYpZX4xov19bs=":{"valueMac":{"type":"Buffer","data":"mLc0TtHHDEFRPi8OJ+0tVbQnptqg/3MOxEd4ouUBjCM="}},"HC8cR1CuRGkzYDpn6FqWWPbL92bMgmg16mqWKK9lJ5I=":{"valueMac":{"type":"Buffer","data":"+w53grFWfAmSPuU7PL0be4OYf51lqeYw2dzMF+EYO64="}},"HQCaMZkaJIVkAa5BNKbP4sbfAFVSPshDW7U2sqDmbVA=":{"valueMac":{"type":"Buffer","data":"ocz8zH8XeMW8PCJ0/BQ/GDXw+1VDwYUxb5UrKI0e2AA="}},"HWq3KC7FM28ArcjMoMRrHu/qSgsuzev1x3ir6/U+3Po=":{"valueMac":{"type":"Buffer","data":"+Du3PBqW366rp90ybkUIASX4Im4CmY0a7zjhVW76Q5w="}},"HaRHr3jDsK41Nd+4lrpUJeytYeTxh0TP0YOJM2WDGYA=":{"valueMac":{"type":"Buffer","data":"J6JIPxtgMM+0+mqX5dQ0Pr7VJ4KcR05jlhY+ftbgWNE="}},"HdNuvWMJVsGsvXittPBaC+Xk9yO9pNKbpWt06FV0JFk=":{"valueMac":{"type":"Buffer","data":"qbGf7SyN9EIA6iQf+JmFKcCJaEpjThFBCdYy/3Sre/I="}},"HjQQwHVZ3xnAJpJitu5NMtfUtIzRr0zZxXEoI1gxsZY=":{"valueMac":{"type":"Buffer","data":"5xYZqq29K7z6xnHRxZjY4WXFjl56rY6NmtUEAGsKx6k="}},"HybZB7f6qfpGhlYQeg0kuKFALOiWhlgJDaq0Qugtw7I=":{"valueMac":{"type":"Buffer","data":"UGXJKFP7DxtiHPUdN4fHMC2U3j1JSSKlTuN47MJYLXg="}},"Hz6jYFbQNJFrFgxuACAS6YGmIb/IB+Aa9qJ86QBre68=":{"valueMac":{"type":"Buffer","data":"TBQ6xYqMwcpkQ4MGrtmA+wi5ADSgSyDM0Sq5qmczTDQ="}},"H5q0LS41Jl8zMwLJkQjTzRueIexJjVUpJHmaS6S5w4o=":{"valueMac":{"type":"Buffer","data":"mHQgbidHr4xsIHwOHEj0xNcPFc4R3BiQsZ7d4hM5BBw="}},"IFgk1b2e5rDQGB4yr2uY0GzhG2AeRjdM0YSC1oRro/E=":{"valueMac":{"type":"Buffer","data":"5PcnpCtXJRfsgIeVYXz0T06nGvu/X2eRGNy+Af2EASQ="}},"IFuzbQT024Lx2TgtImGXdE5vSQVU0cdctWDvTqPwyvk=":{"valueMac":{"type":"Buffer","data":"NI+DA3jXIfiy4qP0wiMi/Zc2oSAyfrCg+KSmbBXIILY="}},"IMj0Cschxf3dbXQRdXEQ4KhuEaG9oqStpaa/d9Ktt4U=":{"valueMac":{"type":"Buffer","data":"ZK2Ald/FgD2KsvtV3zGimPydEbbwvXeXtRcx/GGV5wU="}},"ISIEVHdem3R3+LznJRVHv4YZU+hx1oNQ86fVjzVr1Iw=":{"valueMac":{"type":"Buffer","data":"aPzxV4ZmvIb2tYEZwOxJh8g5S5oA7RgETQ7JMKl/U5g="}},"IstxNQzLmcHvcqkit7aXQHlnPXHxwUfb9wlXej44lIc=":{"valueMac":{"type":"Buffer","data":"14U+0VSNBxADFHjb9g8svY7XxEDMlHzXyGQOQxsmm4Y="}},"I9sDfj4u8uweODPGf5jzg0rRUM+E4tYnDgVuWcA1fUI=":{"valueMac":{"type":"Buffer","data":"V1pg+T9NdLwiTzEhrF2ThtE0uV/QqYBxlKgGQmDg7lc="}},"JCUC3rZYamEIdA5h1NaL9ZymidGpvQiBV1sveAPGAOE=":{"valueMac":{"type":"Buffer","data":"WbDLNjNkHvj4JkzQp5mMqvelMltjSOb+0jxKAW4i+1E="}},"JEgzm6tr/SWx1Yv87Czvr65zVOb5Ksj/NjZHNSoZiCc=":{"valueMac":{"type":"Buffer","data":"DiMFieLSjcl8NRx4u0pLbyE11Q6azUb6Qd51V9AwXYQ="}},"JFB7HPIgXp6T8D30mB1wu82qI7SoHcVIll8QU94nIW8=":{"valueMac":{"type":"Buffer","data":"KhV5jwqCaS7n+5znt7MTx7K/stkPWqQCtzybJf3hc+8="}},"JGwVuBaFW3U8ZRGvUUJ3aKDKpKIa+rS5KXc159Wj8dw=":{"valueMac":{"type":"Buffer","data":"y68DgfLOoRQdXpfX1u8XaMnMF6/JZ8AJmsTMctdQgus="}},"JgZQUSupJluGCDH4mBZJyNH/9NJ/hZTF3EYLWUajjns=":{"valueMac":{"type":"Buffer","data":"qo6VDY8DuslcsYgoHXUCIDWQh/n7naimPIwsC7Ctjps="}},"Jjo+eyUfiBkL7kXXNcLP2QM2Mq2pLD2QK3DJfVS9Rf0=":{"valueMac":{"type":"Buffer","data":"8jFWk7TzzMI4mio0aTzivkyDiK4xdAkAs5r9MwdhbWE="}},"Jzhk8SfOPs+c6wQ/qgzo8JmggpFLNRFF6OKzTwKeXJY=":{"valueMac":{"type":"Buffer","data":"y1yN5MzKNufR2ywGJsj3iFhzKdbCmEpkUub6irqKZtE="}},"J5YitKrDGxI6W5H7JDGIHLKeRyFLHRVrrnxWTpyp5uQ=":{"valueMac":{"type":"Buffer","data":"0TQW8V/O8jtklyf6hvALwNK0OJTbvklpvGr1e21TvCg="}},"J6d5gjEaUnlHGh/DrjJvg8DxNQanqTQb6lPFwEjtTv4=":{"valueMac":{"type":"Buffer","data":"Zt7gQ1v4T+Qh58PQdbegm3teRDJUi6L3mzxEHiu4EBw="}},"J9qokR8ZcoXWmychI9FFKGCgdTOZ1ywmN6ajWyaSvdw=":{"valueMac":{"type":"Buffer","data":"nyOxlu42qzCoORgkH1fiuYeq/5MrQ9PKYl1rA05OBc8="}},"KlndroWRfUUAtbLjwCx77n1qQzDdMDpuVpUU2wrcrX0=":{"valueMac":{"type":"Buffer","data":"xHztdY6GA1N4xA6YgfxVYyQ4Ili3cCo6jltINoiQRuE="}},"KpaZfPSdUj5niwhKG+xEt7yO+GSOGjXzTLpfb/VqJ0U=":{"valueMac":{"type":"Buffer","data":"8m8+Y1icTPeTg8EwvHsxSxXfE8ndmNyrE2uP87pTQYg="}},"KqPmKT5meZteRxrxhwP8ktEaK6P4ONs2RaC9S0pmONA=":{"valueMac":{"type":"Buffer","data":"uPsIxNqSppl6P9mFqfky09SNcNOx8yJLqviXQhcq5vg="}},"Kq+11N3bzgT+dC3QGZWbliLFjjHSpdPR58OKix2SroE=":{"valueMac":{"type":"Buffer","data":"u5c0MKM9aqX8EvKB8XSIlKlRdtNgZa/KhBk6si78wg8="}},"K1N1aEUCZrI9hzQyLFnFdpO0owqbSCRstDLSEiNWUds=":{"valueMac":{"type":"Buffer","data":"gz2IYVk1VanFJdNPXKFFpkdeo/OEQeC+UlJfd3UY2p0="}},"LA8pr1KG1QvpIU70sUiH3N5WSpQ0g8diRBRpDYIhSag=":{"valueMac":{"type":"Buffer","data":"UZYSVESi64QXUPA9LzUf+B9mx+25dvXl70a6khIcwUQ="}},"LFjwnlzidHNYm/Pd0GGn1Cq5vrAK8ZbksL+7PvXQUso=":{"valueMac":{"type":"Buffer","data":"O7WEzltjQrELS1rvPxrvf6fCOrN7Jxj8rdLWmeHluFU="}},"LI/6nVrRWs4kMMOgh+Fk/pYWwFL2pc3D30hiI0ji4Lw=":{"valueMac":{"type":"Buffer","data":"7xc83m9W3w7NkhsfYQWJwg0bih+gs5DbR4N0aMfxDBM="}},"LNVa4AjApjZmCbc9ctShAdr3QdGr0z2uAeMUcXxIt3w=":{"valueMac":{"type":"Buffer","data":"eZT6dv/FRybQIr0n+XYuq+UN4wZg8QASU2hgaD2TtUY="}},"LOU8Zlzquzs9ye0yBPyvEInHLsbrR43DTFgthidfOzs=":{"valueMac":{"type":"Buffer","data":"dEMXdOknDQoE6Ghpd97rwHgEGfVVkGD28OQ6j4pB3w4="}},"LQ+nAVP/JwYxrvkxxLfLgaqcvwvX63A9jNGvmZeLvkA=":{"valueMac":{"type":"Buffer","data":"iUDgiOciDWf4O+50bouU3xfGVa/fHoURzcHWFwG5xCw="}},"LVYPi6qXH49X2ijpNa+X1ulXNkusjNcgX6Cc5FTob6o=":{"valueMac":{"type":"Buffer","data":"u82XGCnUD0oON09v24czqmyrCftjwQiZ60ftckBMIRk="}},"LdqIVi1FzuItiTCewMBpH6DApnf0mv8CaoK7SpRQwb8=":{"valueMac":{"type":"Buffer","data":"TBahkJT2D1PVZbuoyomuxwHjihsJNK4/lNJFWw+n+oM="}},"Lh0VhhyIKl5EQrySpNg8SnzzC1NNslH3C6YzhL+1c40=":{"valueMac":{"type":"Buffer","data":"o33P7aiPdn6e6/0iFPLwfwHehDyCI1Q/6yhAjXY33b4="}},"LixPrCLPAtZ0ZGZY2h7wG2bbRoDcfvhdTlvhA+iuls4=":{"valueMac":{"type":"Buffer","data":"pZr/VAVKMIi3yaQzDUbAdcSP0DzrWKWC7dildnsiNr0="}},"LjJlMJnp9NXzYxc7KhJzD9iejVvXkUonpxbi4K3Hpq8=":{"valueMac":{"type":"Buffer","data":"FN3bCsLenZkjy4R0ScSzJvgkU2M5MsZMVcvmz74WNRI="}},"LkfI/fOf41Wb4a9/j3XZ/dFbY9UvJbYWELYTCT0MUgI=":{"valueMac":{"type":"Buffer","data":"EQvqNNZ/FOqvaB+fQyyQgsHr9cV9PqTAMQqc9Wi6ec0="}},"LsEfbiRhDH5Iaa1cU9MWW1fbq4DHvZ/F1ACTBpGb0kc=":{"valueMac":{"type":"Buffer","data":"sbpBlSvMzaMFjtkcxYrAcfa1LzXyfX3fbnMg3hIC4kQ="}},"LxgJ/WdZRfHLW61X84q9Q0GNs9Cd2axzmMvlmUlWqY0=":{"valueMac":{"type":"Buffer","data":"guV762z1chX9PHDAcOle0lwduuisrSIIt0xLmj7M5KM="}},"Ly0cFeOY+2ruocHja422/Iji+19zs6xyz+DO4J5tKc4=":{"valueMac":{"type":"Buffer","data":"ALzTeg2gcvmL+1Gu1Nw7aV1cVOkawpvjbyOz+PRG1oo="}},"L09s0Y8x0/hrTQTfxDpxDzUm7gYGJQX/mDFEiH/WY38=":{"valueMac":{"type":"Buffer","data":"OFbO+1pUkJBB8AYcH0EtxB+BXrRy6iEvuUmDWHz00JM="}},"L6H9dbhxVx0GxBba51Lg2/H9BJqkA/q8Xsxinei2piw=":{"valueMac":{"type":"Buffer","data":"ktF1syrTH8uGT4+PwCvn7RAIt4TOq8OUTEDKRX1EAtU="}},"MMnAeDALAd0BOrslooZph2vtOFBY/muLJrSpM6Y2Lcg=":{"valueMac":{"type":"Buffer","data":"EFJ2FFdYm2S6kbKsS83qGXx1an/f4mdINKOjmu+E4mM="}},"MM9wEhzL6YcoxWZBIOElXdIJdTmzRu/lobi2iaRww7s=":{"valueMac":{"type":"Buffer","data":"pOE7KFxDkniR0ut8IaPl4tCeiQ6421uvKKlDZFEyJc8="}},"MdiCTpnw3GsjoA+ujitMvbvPKHUME3dOAq1pRJt48KU=":{"valueMac":{"type":"Buffer","data":"VTAVAqQXzDD6+KGCB4ovaVvUxnX+mo6zl9hMJGBCgLM="}},"Md1MMPUf8LYoIS3wQku85U8GPyLW2tyqTuLNxpIl+p4=":{"valueMac":{"type":"Buffer","data":"aewoZi1NEEqH3R4B0zznJhLDsk30W0oBGbYX3a3OzQs="}},"Mf2/v2nCkkzVf6fPfuPZOkyYkT4YRCAWPcaU/2ff7a0=":{"valueMac":{"type":"Buffer","data":"M00fIOviCAA4a20BqNjm1UXQ+X3zsJboD4pFlqj650g="}},"Mhi5T+60WpyRUfn5aEzXiITMRc4Qw3nyUtRG72HFmGU=":{"valueMac":{"type":"Buffer","data":"KQapuUOXK81FNmGQkJj5gYLe7WlKsqtiHO+sqAmfMSM="}},"MjTX/jZ+jqZkMUNsFX2WvclHYK3GK2XzvCSXv1JwN24=":{"valueMac":{"type":"Buffer","data":"bRNwN1aD/40yxBn9FvSw5wMdU7LmRP5TAlqspErIUmk="}},"MwDod+LM3pa8cqYsRJ2XoI1BdOX+i3cxDNbBmrcUf78=":{"valueMac":{"type":"Buffer","data":"RoyW+n8Kf/VYknbaU8Hi62oiq0ykyl2pyGh7qDFyNgw="}},"Mz2auLfQWGZQC3x3j+yZmFKK2rDTGJ3POCZYHAvKb/w=":{"valueMac":{"type":"Buffer","data":"8W9K+8YvvU0AFNlXt0yFPChbg5e0WQxLXir9FPVUrBE="}},"NBelVwmsX+DAjoh7b278OP+bgVnUXv2yTm1tuGgnHgE=":{"valueMac":{"type":"Buffer","data":"2pEnEulb96ohfBXLTk2zLtVf2B6anVOzH+7BgjV3lOI="}},"NM8kQTUShJ4/MfFYmeC//cFBlZtiIEr8Dc96jo6X8ww=":{"valueMac":{"type":"Buffer","data":"OHoo2LnwZHOzG2e3CRPpttfaX/s0vTl0EUqQmWU9iPc="}},"NN6hSw16kicpKIQl+uXCBOHK94n0CxEHxJGu9KwrNCg=":{"valueMac":{"type":"Buffer","data":"zbWTQnTKg7a9FN3QX7dj/L/PfTLiz8WW6MAdpOW3RZA="}},"NOl5C6hUzFkcd46Xk76s/cfshfC4b7k/gmEhJCahJTc=":{"valueMac":{"type":"Buffer","data":"730PNzkW82gGhIZWb0PKlSy3QvhCViVK9e1GeIjx50Y="}},"NVw438KcyA63SsMij4fEBQ0wqie8LfIf0rJuH+yeG1M=":{"valueMac":{"type":"Buffer","data":"HRDMevc2PY7C5S4QZLH1ysF/6UW5SM/xLswWWk9viBw="}},"Ncwm/02jRPoiuc7TIqaD0lzKsDdmBPOodFIjotMJW50=":{"valueMac":{"type":"Buffer","data":"C5r0HRWpyihAH83j4zRxt5cjFvJJ6g42QhTy6UzGCyA="}},"NrVAm7JfTsvLDqB/7jqvSOpvsXK+7l2pWkRLuD7ytbE=":{"valueMac":{"type":"Buffer","data":"gZtjO9X4OopREHuFKuoU2UDLAWC0pjrtFPEhdGZXlUE="}},"NtbVfMYy6+iHx1GMv2sgc2EpL1ib3YfLl9N237b4dSU=":{"valueMac":{"type":"Buffer","data":"4uxEQDFuzK1d+8sQQKLJqjGd6AscYcv/lP5wGwsKAlw="}},"Nt++SO4vTCFKG1wUU8Bdq19+Ot7700VAr/bltVT4Vas=":{"valueMac":{"type":"Buffer","data":"jwKDh/Ddt1BSDA3hxCnDLWStGFMPKNAOAlvkxK7zKzw="}},"N1Usx5b9uBEtKgTi/0eA3sbbnGI3mhvcOj6lCw3cMSw=":{"valueMac":{"type":"Buffer","data":"4KmpQQNlQLXY4z14Eouz95mOF5/CAXOmX1TEFp7REGg="}},"N2lhqPBs4cQQQGv6HxmLD9vj7ll21aBH/1ukOFj2QUI=":{"valueMac":{"type":"Buffer","data":"laU/CP/5/8kIhL8W0mC8go1nzU2TPVWospIwBZ4RRrk="}},"N9JT1oDQI1ZCx5xcP8IH5r7+UyaoYM98JlLZOLu2/LQ=":{"valueMac":{"type":"Buffer","data":"MQa1vuFFTWDF9Exmga9gm8tq+qVu+N2F6lhtIsThWRQ="}},"N9UtYdFZGMdP9nbWT53JS4rfO2CCkAGj8+rzcNebThM=":{"valueMac":{"type":"Buffer","data":"7hOfZG6id4y3CE1OKvBcqjecADjou2TXR2x5AVwEPkg="}},"N+71UJVUi3D4c2djD1ZKI8Wqvb7ADtshEmbpywfGDFM=":{"valueMac":{"type":"Buffer","data":"K6sEjYrCawpZPe8Q/KB/rECYh5To8eElFEuKOVRgViA="}},"OFtmbv27dBLVuBmi3WbMX+ay7zaD84xwRvRWIi7RPHw=":{"valueMac":{"type":"Buffer","data":"YXBm9sXjo4KE9DGzMCceUNYQ3TcQdbm66+6SW3mUVlk="}},"OGMH3Uj29QL70yDb48XD8DavL3sEfDs0zBKQG89GEGk=":{"valueMac":{"type":"Buffer","data":"p9ojyjiCAhdpN2iYN7WMqt0W8GpBRLQR2Kq+iwT0Cmk="}},"OIocAfCmIbQ490EuhMl5DQs7DdZS1f9a/c5Hb+4jhps=":{"valueMac":{"type":"Buffer","data":"uFr5K0vNulMp+BzJXZ3P5cRWxHyVFlg4MWvjHDKWJJ0="}},"OJkF7kfApDGEWigQhTIWGQ9PlHjzjX+icvtdJU0yq+I=":{"valueMac":{"type":"Buffer","data":"Y3eApNzI2WJxylJ5vM+SlDhIPg05v/tv/eiSo9ADNW4="}},"OMRM4viV30avlrfasFNtUxsUKPTkjNH9jC655qo9Dzc=":{"valueMac":{"type":"Buffer","data":"uk2C4j+4iwEm5aKiQQjQ1f29dXkaG6aG1GJHWB//gFc="}},"OvdV8piJNymVPMycetVoljDyiUS9j1bJwhKkPk6BfNw=":{"valueMac":{"type":"Buffer","data":"QJjv+bruKjByOvMSL/7vYk2I9twiyLdGaneJTqDxrLo="}},"OzOWLM0J6n04nG+p9zZCZcvQG8PdewaSj1XQLGHq8cs=":{"valueMac":{"type":"Buffer","data":"NunJpxuH9+b1AjuW2vnHVR2n3TJzId4uf2/Z7STJ1Wc="}},"Ozv91jDuggm/uF5Lk/IDPMjln5eVQEiEz0N15T5lAoM=":{"valueMac":{"type":"Buffer","data":"SsMv31FhELOM4aPsh74Xop4awphljfcmU2WocdWnpWI="}},"O1CIIdoYuhauqlqMoTNmkzJQNqXBDbEXQOcwsJILiF0=":{"valueMac":{"type":"Buffer","data":"4TdAlBd/VQTAgfKp5Gur4glpQhzcpDYxRSa37KgEJoA="}},"O1l3ZALLKQQmeKfatcev/5WZBJ5nZODYf57ll/EWrUw=":{"valueMac":{"type":"Buffer","data":"dOqDGiJ8OEAd0Ihv7mkdneX9N+WHDyFJxtj1hK9tqaE="}},"O2XtSj7TI3u5lgBwsypoN32HTRaQgou+dy0qHGZCvyE=":{"valueMac":{"type":"Buffer","data":"RunlJLs43KJGTG3v6E8QDHRUoCGfrxviJJDyWBM0iDw="}},"O3/TtYz644Fc31GOuq3mYmOLPDVGpVFAsDeDcFFVGmY=":{"valueMac":{"type":"Buffer","data":"zl0EnMPPWtMNUJCvtSuBDFdAQxti+OA3krBiVbV6KWc="}},"O/985YR35yN9XpPvNTdbVsR2OwHn1iG5Hhc2bND2evI=":{"valueMac":{"type":"Buffer","data":"l67ZA4wR20395m3NgyX74nu0InS7KVaySgJs+kCR50M="}},"PBS/IIMbnM+OD5uYxtUee1WO2CJpBF1INUBjF7V0+bs=":{"valueMac":{"type":"Buffer","data":"JUKh40qD0xVwWDkftGrLq/E/KcVPGQ+ly8PBkQe0FYA="}},"PIKwfxHc6LT6I04BfLWgt4WFNUfgehtavCIr2N8xGvA=":{"valueMac":{"type":"Buffer","data":"3uvkQH8hQXTt7Crl1IjxSkHOOj3t3+yg9Fn9uWHLpCk="}},"PRNXzgvn/hCt8xLSdZW9COTijlrT8gsEM5KResSd4sw=":{"valueMac":{"type":"Buffer","data":"xL3Dta5fOJoN0zW3rBAsJVc9yqT6anbz+HERUxjZS9w="}},"PSetLWngaf+G9vDuCTVHvJkRQcDi8cSkWZdO1Ko9ATE=":{"valueMac":{"type":"Buffer","data":"d1y3Nu7sGKBtbMWoBdINbkAksBC+SisSmagGCAwStlg="}},"PU9tLt06Vsov/9jSNfUyH4hAGtUeGBxkc2CGMqwfsCc=":{"valueMac":{"type":"Buffer","data":"z1CX6hqcK9CguVvmXPiLWoC9MyY0X6sjgHR+0+YsiOI="}},"PbBnU1Xf1wfZgOp5qUEmybAnq3m+vqG1C6Qjvo6R0AA=":{"valueMac":{"type":"Buffer","data":"1oeOZYOx0qRD3VqbiXV/DKH6w5NZjI+FFgXie4E4mxg="}},"PdnqsYDkanOu0SccZEb8hG91DF0wRy5FuNhEFS+VZRM=":{"valueMac":{"type":"Buffer","data":"Z01Y5EXWwXGJZOmAXQ+APtYS2YDf4keoBZjbyJ0GIsU="}},"PyrEEDeoaEl61YjJ0+PTuKQwNL6R6DwerFDJg1gRVUU=":{"valueMac":{"type":"Buffer","data":"UgR01Mmjx+F83UWWV0BRze8uk0/5I4R9UNXfHlwQJYo="}},"P3uuCGhkt8AajT3vEvWPpimrWa4mc2p107pTHM3kusI=":{"valueMac":{"type":"Buffer","data":"Q68vLkX0Xv/FyrL4aH558oIIfd9DwgpQF9L5Y0uHM08="}},"QE4exRz6h5b2vc3brY+9NHRuif8p5ywcBF7copFNbBc=":{"valueMac":{"type":"Buffer","data":"WWLeVexQKxbJ6Q3quAyVEvvgFK8If8IXHe1VXkh+5zQ="}},"QJpbB4+z7Hgg8GIl905nsSb4/HFLTBimh/748zWwX4M=":{"valueMac":{"type":"Buffer","data":"VGelubfKK/FnWhgvRzBf5HymvzR0tDE7yGJDw+eADeg="}},"QOFScggF1VCH8Vu540q93iAZkINd5qBBTcyvQQtVa7s=":{"valueMac":{"type":"Buffer","data":"6gEVYh6yKLx8lju0jDoTY+tJRI+2rjRze4Vkg6HfieU="}},"QVNHjP28g+GApDoB7l8A+DeBldPpeVDmsdm7YjK/OWI=":{"valueMac":{"type":"Buffer","data":"VAG5DnJJHNTvpOQWkPWtpeL0jQJEIZP0FEdhjpD0prE="}},"QViUWXlFYU+ZXAdeUgml+9eltl05sPCWR7Doehoj2Ro=":{"valueMac":{"type":"Buffer","data":"ejJwOMCNcv3y1oN12kNSYR1EJrtIgcYd5W1KeVQNejw="}},"QbcwjlQw9Qvvgh3/flZtonCzyswTqKGkCjbIGFrNiPY=":{"valueMac":{"type":"Buffer","data":"gkogTEvmOtdhlft+zhMy/NSOC8nxXmBXnqFz0gG7uWo="}},"QlX+AHKztOU/Gap8HB4YVcvJzmM0gm3jGy6CejoHeao=":{"valueMac":{"type":"Buffer","data":"lo5Dfw/0yfadqOkWSmxBFQVAmjqgIkzJT53qhlmUwjg="}},"Qrbm7Qdh7lkRofdcQfHoGFYwFWQp2ysBftjtxFO+U+U=":{"valueMac":{"type":"Buffer","data":"GkZQgNEkFuag5hTcfcTYCBGIgTaUQuJa631e2ESO/H8="}},"QtLUroUyxzsPFJhm2Dm38fxuU58v82ziPmIefwyfkUQ=":{"valueMac":{"type":"Buffer","data":"voSeIly9a0nB5H9fHh+4ufTKkJ50KY01m/3sATLe2iU="}},"QuJ6PBUPCruz9Ixx6d0i6La3bLIk3WLY3j1PiPJw2RU=":{"valueMac":{"type":"Buffer","data":"AXYlQnpuNNTt1sKhHUmd6tu8Au9UediWO8fpyClBQko="}},"RAY21Rm3w8SCPPGS8jJMTzw/kxB7xEZGVoUJGVVmDTA=":{"valueMac":{"type":"Buffer","data":"xMV0CglWZoOFGTG2+QmzxrSD52hWXoGOj4aW5NhiA1Q="}},"RMeXYjBAySmoiswxt1Q4kaPAfotOVfAVcW9ZuORhVGs=":{"valueMac":{"type":"Buffer","data":"CfSE3fNnUpoyep/YoFV9MYDtCh5ouHbCzbpegLUfI3A="}},"RSZ02iFi/lvhhqAeT/6oXzO7kFAavPTLho8LY3VMGfA=":{"valueMac":{"type":"Buffer","data":"fFWgLWxccY+CDzf9j8xLLkGpKK+pF4R0jQYVfcGf/aY="}},"RU9OZIm5Sqiy9kNioRcJaq4vE9AF65hZX9kxtHJnYaU=":{"valueMac":{"type":"Buffer","data":"B0cZuUH9OPs0FSpfCyw7p64n0WKsA5v5oaGlCo5vd2Y="}},"RlSP23Ifd+Aojh901MJE7V1hduZaHbxNl0zUUenlpJI=":{"valueMac":{"type":"Buffer","data":"d3rW6/sX/Wt+c6oXHQ77aIIjfXLTtqk3q6fkSnSZsxE="}},"RxR9F3wQ34uBgojg37tFAV1e2gHWIEbKGaGhptzhe1U=":{"valueMac":{"type":"Buffer","data":"bg5WxtdMoVZP5OQzf7p/uRx7UwEodOO9vyd4g0vg6EY="}},"Ry2qMKsk78GtzJNzoo6vtvuJiTLNDLCStGTHbzPvTng=":{"valueMac":{"type":"Buffer","data":"x1fV3VUIc9JQWiggQhlWBkxp68wcPH8mH1AQwD8tLWo="}},"RzelgmtcnURLXRyhD9nrUipPozG9YnorkKxUI3ePcJo=":{"valueMac":{"type":"Buffer","data":"7f1P4HU59wEsFPJNr+MIC7JU9nUt4QIk2aLWulphZIg="}},"R3QqOdhghr/1TKP2euQ6AXj5iWfUxSLiTlBQEw+KMB0=":{"valueMac":{"type":"Buffer","data":"NgPlH6D7MB2XY3/Fw2be+vtffOYEApS2CZjOtBs3XDQ="}},"R5ooFlqRGtBb03BzCTCkLUxaQGpjFg77+jkhON7lxuw=":{"valueMac":{"type":"Buffer","data":"JR6wtIsG8kNDroLG2SD73Rgu4ZaKy8MhxwqGSjwzFKc="}},"SES23U7qv/pcLAHedVTaFirAo250IG+98EXoz7UOUJA=":{"valueMac":{"type":"Buffer","data":"EFHcBUvcudEbeNJFofShZicumjH6c98bvR2/sxWn3mI="}},"SHFliUKTs2TkOmKuECW2A9t7LgXuOyyCW+mPXic6Ma0=":{"valueMac":{"type":"Buffer","data":"n2SXQQau0Mppqzh0QsTRHsIJ1iUVSCmgXEpWx5VC4KI="}},"SI4UkEmjzPLXMJVNdTitMYpDl5/RW2c6Pdth9oTxtlg=":{"valueMac":{"type":"Buffer","data":"i3i8/bgdG2SPqsjl2rXsFZK6mIpZmp4NGABPNkVcaUw="}},"SO+HAjusjI3skEeZ5tTL3AjsJpNdhAogSFdcg0gz0ao=":{"valueMac":{"type":"Buffer","data":"ASpAUsoaQnlY2JukYtLqtpj6HDrIrW8Ba9StGxHxRmc="}},"STfVdAcnEPjI149RE7jSX+WIl6Rvm9mXPKuBvrCLP+k=":{"valueMac":{"type":"Buffer","data":"RGGk4JvTOzrdG+4GfbnB84pHdG7rLm71GCcznZYwC2M="}},"SXGxcZJY8FuCTvidYZd11F8p6lOghQoKmB0abu+3hXU=":{"valueMac":{"type":"Buffer","data":"oGToO71o4vuNRR8dQanUOw3pWwgdFZHFO3GX6MEK1tc="}},"SYoPsSvP7cBgIWcTpBTjI3crojw0tJF7Y3s6eS8HB20=":{"valueMac":{"type":"Buffer","data":"P6Xi7PlLMTvCi/bbvFLYcgzlL/H5F59eiuABsvBdP+4="}},"SafDAQXT6o6sBnflEAMoodtav688Itdo3n8U52Do46Q=":{"valueMac":{"type":"Buffer","data":"Ol0zCRv6XYwXq1AE+PCLldU2sijCMy3oEhGPbuQsLq4="}},"SbqhSnp5Yp2mWtMTpsO5edjs7kAWT9skeaopYgsgss8=":{"valueMac":{"type":"Buffer","data":"WwwfaVM0lpmep4tWhRormUWR90Qf0Vi6k0ZQ8QpZkvc="}},"SoYX+5C1ew2W7x9Aj97/t7zQJAU27i9yVXoL1OubOdg=":{"valueMac":{"type":"Buffer","data":"XaeWVdObPibV0U7Q3ac5N/N2MUi7DzDbUzP5QzeYCEY="}},"SvYhQDAe+SpshQCUU9xBxZ3hvEud3nus5w0ZSPwe3EM=":{"valueMac":{"type":"Buffer","data":"t+vqi6kP5AAy60WjXjGcexevPS7ZPsaFqGxPWsbIroo="}},"SwNEvvpgi3WDMA1l9TzD8f0pc6VPhfnfCgdQPLq8REA=":{"valueMac":{"type":"Buffer","data":"8wLqHE4GHQh7mS4O2S6EwjRxAlcXJ4PEDmTW8msLj9Q="}},"S7tXrWRo3YTJTGHaYv1AThpiTvtqYm0ZulDFmJPK1Gk=":{"valueMac":{"type":"Buffer","data":"Kvg/9H65HA5m5w9b8w+7rkUbKzT0cGWLw1Njp7p6x6I="}},"TBjjQBo6fozPKKblQdK9T8X1TAFMyEbuzY1ldi0hZHo=":{"valueMac":{"type":"Buffer","data":"k9qvTHDVe0Gd5Gk2//ODvem3jaEEYyngHvQVO+3x1Ss="}},"TCsOagfuRcihnU7WUoWVHyRanTaMt5bUkupIfXDj7ZA=":{"valueMac":{"type":"Buffer","data":"ha462Iko1IP2cz1mPpZvvTqr/R7Q0nDRY9mH13ZPZjw="}},"TMiUwT1RWfpJehHJ4wUpQoeO+UoReKIJas66BbFHI3Q=":{"valueMac":{"type":"Buffer","data":"bXmP083cwN0Vtue5UAYQmip1ERqF0KykiGP9foEsZRI="}},"TWfVKOtFAwO/rWs6Aa5rS8uvDRuqkzSUJNi3aAKdSOs=":{"valueMac":{"type":"Buffer","data":"8bH8b22e7hBK/dmZ6o9OXwef5uegsjmpcFrXHVWPIrM="}},"TbNfpj6UwXzcKq0XaCs2QZ62FeDXsztyWuAm5Hnzavs=":{"valueMac":{"type":"Buffer","data":"iZBPYy3cJlkKuGC9/tlE955d1gdkyu42zxwPjWPWKDE="}},"TcP4g3JcAIsBwCBBcyktDQg90AsZkXsSq/6JsbV7zR8=":{"valueMac":{"type":"Buffer","data":"/N0gDbGAG07dqicGFBOE8Z5wsSRf937DjurFxOza5JU="}},"Tgtq3oqs5aX/4X1LmVJPQER/rREZ4ThFiwXXxSxLIss=":{"valueMac":{"type":"Buffer","data":"pyNrBpIG9oRrezd+TbxzkbaFWdWMr3//NzcrzmWNLI0="}},"TuRrX7FRQWD6WYiqWc/do77yOKjHa1CoCqd+ifjDgG8=":{"valueMac":{"type":"Buffer","data":"qvLpK0EVfZ6IeUeB+h7rIdlOUl888MBGgC7nulbZ4rI="}},"TwUSXFro50/jBP8VPXi9xRQUsaLZA4f8K6/C+NyhPBQ=":{"valueMac":{"type":"Buffer","data":"/qIxfiv6K9nDMmUVUd5crsYJqx5ZWmmd3bVhvZR4sWg="}},"T2e9sSWgbBEDyEVf87OhsHM/ekfk931MbcT4VbajsN4=":{"valueMac":{"type":"Buffer","data":"qrV73DSvbpV4U1PveVA2N0oCGprOSTtFNg+9BMB4ccw="}},"T+fN/sVmMs2B36QrrNxTApzEs85mFXED77I0rEbjnxc=":{"valueMac":{"type":"Buffer","data":"DYtsdTSLdzJzCTaKYhBaXwtomn/TX4biOrfXKDUaeKA="}},"T+xPUCHZ1ViwEpzMcTHfbeDofNilyuBOe5hFlwkpzMo=":{"valueMac":{"type":"Buffer","data":"U7uTZ7l1yyVbr32X8Z0Uqz4S3yFwf49+kbkKAccWzGA="}},"UCrrGkko/CJ+4u72yST/iaP4UbEPi198KWBOdXuqb2s=":{"valueMac":{"type":"Buffer","data":"qsnYOXAO0sBwwyUAEOAiHylGfGgd84sld9/etIF36Fw="}},"UHjF6NDqV/RweDxNH2+RJU+Vnrxwot03r08NAM9C2tI=":{"valueMac":{"type":"Buffer","data":"tvoVAwXDZbtfeYqGOhykHtAQW5oyUfr8z75fePUDHKE="}},"UKFoZGq7y2b3/FSM7WSBrpYddIWhkn2A3pN4b01LIvQ=":{"valueMac":{"type":"Buffer","data":"scY9eHGvAn0nfG1lPW9pGIPY4q3ReXUEce3R82xjz8I="}},"UN8u4qR0tkFxY2EElJOGKlWccGVzTg5lnB2tWX3hmFo=":{"valueMac":{"type":"Buffer","data":"2Py+ajy5AB8vhfMKKz7j9bbU+SB1XIFIBpOW7c0f97A="}},"USTlL5QlpuvA++Mk9/1BV5trYUuA3shZzqm8qjJBKAc=":{"valueMac":{"type":"Buffer","data":"HuDWjXsU5WUFdETidjJymnbqn0NOlhDuOpmHuKnpRKk="}},"UWyx05A/kTGxI4A69F78KFeNjkbySPFsaH/Xp2XHXeo=":{"valueMac":{"type":"Buffer","data":"7OXlVLWWL/Ul+BPpZZOj+8IlOGZBKebsgb+v5VtBAGI="}},"UYwIWmAd+mdLrKRShJg8efdUYp+VFp0jG6ZYqyWn6gQ=":{"valueMac":{"type":"Buffer","data":"9pX9HnxUpJyeOvkSSSaaGRyOjnWF3eCsw7qFdfMjSiI="}},"UcIv8UthoWhAUYxggw5FNDlSEI3R9SoYNu0zofiSw0c=":{"valueMac":{"type":"Buffer","data":"CX0W/qQI7GfOLRivVajtL8dlvy6pV5Zxj5k1uLbS8n0="}},"UesZeS+0ik2jpCPaelwYQKTc6ER6kk9O3We/SUZVkWc=":{"valueMac":{"type":"Buffer","data":"gHc8PRiBslHIlD0UoRmUFdsgC6VN9bPrWp9H0RhQw8g="}},"UkduuIi1hXKJ7y9k10gKJTj0uHPm5ZQuwOlPfLm6CjI=":{"valueMac":{"type":"Buffer","data":"mQo7MH0WDjFhQ+akVQ3RTXpe5FsCbcB/HSAK9iGfF3M="}},"UqqYr7U+QeAXdyz6I9vjeOl9E/rrAi0DbOlC4qjwE0Q=":{"valueMac":{"type":"Buffer","data":"9bAV3Dh9d+O6MdFejkJG648R1VMkHo2/bzUUHtpRSEA="}},"Uxvgca0xnpNJuqa1/C1aMZnRmZCxM95g/UzNtDyIh2g=":{"valueMac":{"type":"Buffer","data":"JpzkGtUYf8RFhzM9h8Weq57h/XDtX3m7GM/K/HKODUU="}},"Uxw+gsmOrdPqqRYxzaZcM4n5GwBhzyFT442xGd/dr9I=":{"valueMac":{"type":"Buffer","data":"SrEzeZnpRg1UOPWyZ/HM3gxLZ0VZuEoURgAAPRJA3vk="}},"U1uYdUsaSUof5qq1R3/rN3bilDVJmOd6M+hnEVAj8WQ=":{"valueMac":{"type":"Buffer","data":"krYBqxE36iwpAV92aDChKiEP2JrFLQRWi9AUi6GwFkM="}},"U3jNkKX6E6yjXBkQJL9Sqs6X4+kjTg4JYziImZ7wl6E=":{"valueMac":{"type":"Buffer","data":"U9XLl/E+4zVpsa8jMCoLJ0PZE1kJYWZrIIJNCfhxm6E="}},"U8jvU1ZXu6y+Zc6HPDtgF2vluHkAOXvxQwEzNdmGB8U=":{"valueMac":{"type":"Buffer","data":"gzk5LG1ehbpH4RSe91SoRLCSFctyevN2sHVyWpia7/Y="}},"VGBMXmHEH0+gkv1hs0U8BMxtcm4MBICIfz1MbX6YKtE=":{"valueMac":{"type":"Buffer","data":"Y8XBDPTErAxNAPpPS1TAyKTTyNvNqVpOzBDXbbnNJMw="}},"VPmT6Ti/Q7NGDXF+YAH4FdHfOSq+nZFwdDGO76G/qTI=":{"valueMac":{"type":"Buffer","data":"sKF3yIx4jbgSz3hy/DhgCkJE6qIaKmTvkYa2cOpTYAM="}},"VScszBU7aHuPptvDIT8SEZVz0wxDqxLXfGIud3Tnuio=":{"valueMac":{"type":"Buffer","data":"7FDiOQ1zjBhtykDREhUf6nPlB7oyB8COGEuJuw3CuwI="}},"VaOsYEvZakXgK/6J5mIK3SZElB5EBU6IqtntrK1utcw=":{"valueMac":{"type":"Buffer","data":"Du484n97KL41pCdk9SrpAIiZ/lj9bJiCfQZENUKiLho="}},"VfAFrHOYsyNksvhi95nEnZwLIN02Fi4wafmcXFCeWhY=":{"valueMac":{"type":"Buffer","data":"onfIIBRDPiXJ+kAeAbCnrQFG81W/XM+SMbbM6DR5Clg="}},"VfDZGbq6l0W5vhKPcOP7wy0imalY821rNDYACPiMH5Y=":{"valueMac":{"type":"Buffer","data":"njvyu395bpMJQTAA/PNdTqnGWeQlePQABG4ZdkMgFFk="}},"VlZbuG2Kk0aAX0QSg/FsPDAvyBGj24biqZrHDGkLzHk=":{"valueMac":{"type":"Buffer","data":"iHaPG5v5huN4uMxglWOaLhNJsYh6KCjj/kIci034BtM="}},"VnznhFmXMI8BV/oyKlPj/IdzYzOaX64SkumBsP2rG8E=":{"valueMac":{"type":"Buffer","data":"PiANz4koRw25+FCAAqc214aD5CHrOh4ze0OiaZyljAY="}},"Vpx/xDs52HdxCed6RYWGCUK30zo0QB2uNq5D5hCSPfQ=":{"valueMac":{"type":"Buffer","data":"JJJwskxHwRnWC5GCz9SNmjQcoAOmqhCCF3RvE8v5VFs="}},"VyPnwe7Gwm4/wTTGqYJgK3t6H6U2xbRyQ6oXpzO2y8o=":{"valueMac":{"type":"Buffer","data":"K4UZ95PXUIEdQpyy2ZSGArxTzczEV3wc7L417XQzBqY="}},"VyaRNOvufYyKidsGirn2OgffnB1rf/Ig7g2enYxq4TM=":{"valueMac":{"type":"Buffer","data":"oAmM6M0lkgS6lEo7sZpA5uGko1QFouSX0vSbAAy3Sas="}},"V5k/ojg/D9Fhw8qNbKgXQJOi4Bcj+FB8siekucVctSg=":{"valueMac":{"type":"Buffer","data":"53yV6eZNDldY7bEPwBRur/CRL8L59TWZfhDmoHyiN98="}},"V7airPw43AvcQL2qqfFpOip9lHPz/vHzoqLKXGLxLq4=":{"valueMac":{"type":"Buffer","data":"SNWEVltsAD2815ZNxoLmWyT3NOoVN6NMIqKBKbr9PxU="}},"WAOCLl31xHJsdlVExB+KsQNX95hOFD/OHDtXblkCu4k=":{"valueMac":{"type":"Buffer","data":"FnlR4BMKxL0ukElJ1SmPAKgSoYBxZAmaIRdvR9VelnA="}},"WEZdh63J26vuCgGiBZr2MW066/xp4Z65n3kho86cId8=":{"valueMac":{"type":"Buffer","data":"5rNicFFzekLvQC81RRvjGDLblL+JD9ScLuyIf00PPio="}},"WJMnVOG5j29yjr5jiHAa0zpqrrINlPZZ6m1dFRbwegs=":{"valueMac":{"type":"Buffer","data":"HpBuBHssguamsmTB7SvPnYMs0x1ZCGeoPkiGhyohQvs="}},"WW9uG/ZC2s9cwEseUtUHwU134NlSnGGcXfM1e2GIeq0=":{"valueMac":{"type":"Buffer","data":"s59pKCHpH+IZaP08d1YgEDatakREHz0msfvhVyfMSE8="}},"WZOjMeDJmHbUTDaLHT5Apg5oXSQgVScfw7GHKS8my+E=":{"valueMac":{"type":"Buffer","data":"dbhUU5mCW2tr8EsuxTIK7vPLpW9tZC5fBaQdJfNfSPQ="}},"WZvFWHrmD0cySW3BDSRuAZ+c40HQFVKx/FMWR9pdEdM=":{"valueMac":{"type":"Buffer","data":"H/eihs4djhdGPkE+uhh7iV1WwiOhNQ0gJXhgSV0LGVg="}},"WcU1+U5RCDeekxYywJKdir7/3zkzeoCRm8baMcdLfro=":{"valueMac":{"type":"Buffer","data":"Ggik74lS//zjJjnGaYveCKwN79wl8+0Um4aGviYwEec="}},"Wezdw1Afh6NJ0/MeqZoqs6Rb0E61QkgG4P4FA2+yyks=":{"valueMac":{"type":"Buffer","data":"B4HyKS5Xrq73jLdDXSRSAWRZnHpxHi1N8LAqY+q8zAA="}},"Wk3WXQDijCSYxcH82XnEDX8bpJf+3XWMChDitNKWWuM=":{"valueMac":{"type":"Buffer","data":"150DJzD3UEoh/xYV8ssZq8N5W7zVMoRbHs2/3gtx4q8="}},"WmIJGu+sZ3tkGS04z38CNBFPHa3eZtd7OO+pSpxCjnY=":{"valueMac":{"type":"Buffer","data":"jjoQL0z/Fp35EGEFMD1ZZ8CjXK6mXOV9euPwZUdJdSY="}},"Wouf14e+ieDHbkikBsgeFEuu55/rRYOst2VLWY5zyQY=":{"valueMac":{"type":"Buffer","data":"B1QT40kbtXkoagNRABGfvBLPugsFWthWqVRv9m3KGjY="}},"Wr3J31GvKY8AgDlwN1IW55Fb4yuCjuhGnmWJG8imdnw=":{"valueMac":{"type":"Buffer","data":"YwC5Qb3U8iz3TRq2DbYWQ+YZYetvJRJ8tvH9s5p0DZI="}},"WsRBqnG+nwspu92ee0UG6fpJPWktATtuJkSv90drMh8=":{"valueMac":{"type":"Buffer","data":"OHtKDsphWZ/WJZSuOyMB4L5QmkDBD/tG3cWUVEYmXcw="}},"WyheDoADsGxjlhWqTvLdRn3Xvk6iR2ognnMvBsMxqUY=":{"valueMac":{"type":"Buffer","data":"xXABTAX3oDp3f3rbL84lh9K1wUO5uL0K9cXs0qU0CHA="}},"W//drMtlqiwSAU2J2vETo5M05Pk8UKymYAdxSYw4bA8=":{"valueMac":{"type":"Buffer","data":"8xbzrSPf1ne2kF0FRNDu69QA2cJmn/daH/SO+P5ZhPg="}},"XDmaUL5FWDUAtMo2NgSWYIDkZMqBNHcWrghOlFwBDgo=":{"valueMac":{"type":"Buffer","data":"IRxUC4hqKqTyzf0iSzTndM8gaWwlut0rKHOtxMs8UUo="}},"XLioj1u4zB+jq92eYy1gD+EqclLkfKWD6jv8yesGrlM=":{"valueMac":{"type":"Buffer","data":"+hWDDpOm16lWNvmmdCABhdayQykuN1nHRIGK002mwNM="}},"XrPsZ/fxd4YzLDAEh0J20tHzR3vGAB/sVZnhNhmRiD0=":{"valueMac":{"type":"Buffer","data":"t+bCpKzWKDQ31Qtc4wYER0ZQhR01pzGaARCd3bEc9PU="}},"XwcrmGNDFQS7nB18qR7Hnc6v9U9hB9c5P1OegDkSGB4=":{"valueMac":{"type":"Buffer","data":"maTg7pfpaddk9bLUX7Za5wx3n4bmlI+d1bw2/UHpTnU="}},"X2q/YpAgQWIveNooaBLGK3XwwIfaq38i0EKHtwO+O/w=":{"valueMac":{"type":"Buffer","data":"ZbMCs8Y0iZ0FlMJESvhJtoEajmhgrEugwBXin6vzt5E="}},"X9TiOQ1sEZfh3fCCY8qvPGqMO7SQI2MFcppycrrncho=":{"valueMac":{"type":"Buffer","data":"o0Jab2KXy5cSkxu+ac6jyhoGEChtpkg//UY3RDxbW9k="}},"X/D/mee/sps3avxBEga6WKrfITrUY7LEKNSWj959WCc=":{"valueMac":{"type":"Buffer","data":"ryBpQmk5ukx10TmnJsitPHH9RbX2ARct7tEedLAVoqU="}},"YDZIX9Ir+H1WbRDIf9O4j7E7wYPRuWGlUEHix5qBHug=":{"valueMac":{"type":"Buffer","data":"AkS0FCJVub6lTl1NQBpIh4vn3K8UTPMeMHx+c59MHro="}},"YFlGQxt4vkYfTaHFmUq+qwMDy4fWcMJgU1L4xQe6110=":{"valueMac":{"type":"Buffer","data":"5nof9fBeMRws5WbxPMSrZLnxG361viOo5o+tOR2LeIc="}},"YIo61FNro68tbcmPqRguDwxYn/JQQ5Cu6F5ahaLBbP0=":{"valueMac":{"type":"Buffer","data":"/WW6CE3P3wsgabtGUQ7L9M50fndspPneSqs0jrlDgQ8="}},"YKWdS/5VWLyFtkrHCTaYENmG9rQPt9St3Yp01SMmxxg=":{"valueMac":{"type":"Buffer","data":"khEHtAADh65Sacgs+m+uF6JnVFGK+paJl0E7t0/Rg18="}},"YLZgyUcqOjGg+ETfObYCOknSxyxXnofF91rJVd6qRhA=":{"valueMac":{"type":"Buffer","data":"v9zFe8sJSzLfY1Wbo/uIu7H38gBo1uBWjW3HnUeF6+M="}},"YMRY01zYotRP7uBDZIsGahI3hes4/TX0yadcjOIyuJQ=":{"valueMac":{"type":"Buffer","data":"RLBLLSePyiiOZQCN+xk2J+eBSu3Ff8b2HkW+vDKBJSs="}},"YO7UXCaEW6NR/poKY5dpXHQXvMqeMT6p+Lx+3RrthsA=":{"valueMac":{"type":"Buffer","data":"h0I5IG6bVf33h5njeGHkoZgmTi9UqcgvCrYFjdCtFh0="}},"YQMe/fo5BA3ar3fVr4LspUYm8K8VlBGkgZmcYNwVeS8=":{"valueMac":{"type":"Buffer","data":"LmsnGLt8nWsIyKlcHinrLxaflRJR2YEGk2REY1njn5Q="}},"YZVjXeCIrKYJJSGUNVsdSt+ZheU8oUq0iKimFuKktl4=":{"valueMac":{"type":"Buffer","data":"7AH0J97V/T4rcrEkqdPaIku4iH895zNk+Xm7PDq791o="}},"YaOIMpqJw6wSyiNze0bTveNvetYzsPE3sc0pZsDnBdQ=":{"valueMac":{"type":"Buffer","data":"yLzqmqtLjyyeFyXB4B68lS434NFxXF/7Y/FWTYr9ePM="}},"YmHsa3lPUR7KKcwio2jQ6LqbDSLaWdZuFT/NiqxYWpQ=":{"valueMac":{"type":"Buffer","data":"fV6S4N741d029HXTMuQWzPxVrbJ1VFwMP4lZ5U2tD2o="}},"YpDAXJ6oLtGxMGPHEqLFhobzXhbvg7d9tmpgzB/vid4=":{"valueMac":{"type":"Buffer","data":"GQNu4bULv3mmCwzFPfDIuhPjsJxAlpXFwotdwSy9Sps="}},"YtCODMUTHDern8yqig+CWJTZWpoMNWMYDN/Cc5j8dQo=":{"valueMac":{"type":"Buffer","data":"FegJsEeeepe5FJZ4w6Zfx19fvT+sIEordGWdonPFv1U="}},"YxD4Fc6IP74pJq0tQQ9ntEgEHijbRadsXtI5kTBxvUI=":{"valueMac":{"type":"Buffer","data":"60aEAK/etpfXvTrqGgz6wM3I1STBuaKsePPqPE6kRwE="}},"Y3iLtLA+ouyrRsIfPAaKU2eQ322wCU9E0BIptppIDK4=":{"valueMac":{"type":"Buffer","data":"ZipY9CuAEWWTlpIZRNax97k0OyhHXMlU8WndIoTh3u0="}},"Y33cvj40kmJcJBXC1l2VbP7lAGl7neMJxF+sCpFV4jg=":{"valueMac":{"type":"Buffer","data":"5TJs9jRateaTWdAyPSwplHWmrXeW4KVDKMbjbVLJEK8="}},"Y+iMoEGdU5ziO2ztKLomgUqwQuBBOQOXPX8OA9HRQRs=":{"valueMac":{"type":"Buffer","data":"a7qmNEc6o/b0owF1/5Vux1dcrGKQhb60Hxup4+hoPE8="}},"ZCHsiCVzEX3NBgv4G1jI3E+XPaS2MN4Pa4xjfjgh8tc=":{"valueMac":{"type":"Buffer","data":"W0pURLCkw4jMUE/ueBzkZUpGhDUUas3H7uvPFPy0Krw="}},"ZG4ONAlihcdmi6ZCSWF5IooeuUFh5Er+c1JuWsjQiOg=":{"valueMac":{"type":"Buffer","data":"bswQ04PubNehxitmY7rKMmM/R8K89gRW3EoIqopRcz0="}},"ZKj0gtAA55zvr16Fg/GOPG+UnL1GvpfWEuhPHlw2ee8=":{"valueMac":{"type":"Buffer","data":"I5OfxK4HxDEH3++/V5nTL6FsRAEmHi1M3dl7ao3Sa+o="}},"ZM/n3dYW5OT15U+YdmR63NuD1K7WSuXHsel6bTLm7CQ=":{"valueMac":{"type":"Buffer","data":"b5W65SxjXho00SOr4HAlrP5GnpUzC7FBm7fcL4DfvII="}},"ZNdxIRcqDrI8Dw6b+hUu9vrhr6gQK+LlV9xuQ8ejttY=":{"valueMac":{"type":"Buffer","data":"Zji12NWiWHGNYQkhrU2Y7xaHznHqhRY1LrFuBiUrSrU="}},"ZO0Smm4e2ubjDfcpVEldSvr05cXWOktTOXMkixJrsJ8=":{"valueMac":{"type":"Buffer","data":"rwhNF5wyOCWbfqGT8wDdDpXGj8/V5Pu1PIzrUbViDE4="}},"ZZU8SDrk749xk2dC+I1BP5aZL+2+k85derP+o7pGGS0=":{"valueMac":{"type":"Buffer","data":"651lnxQYcq4t5Jkv4KZsQm0CiiQTYNFpVeuJXF5pE/o="}},"ZavsKNmZ/cTjeS/5LT6xJjPCRTiWKswjJmev85339c8=":{"valueMac":{"type":"Buffer","data":"CF1zhs5FET3gmY1gr8rZcueDx2zZ5XWk6i1rMbDJ0k8="}},"Zb3j/6VNzO2U0tI9/kcJ6odyen60VePzSETHVz0HzL4=":{"valueMac":{"type":"Buffer","data":"MPJpB6I3nAeHEDtgMfzbyxNr0iz8cSYpQGDPfri2dVU="}},"ZeveElqC7nwXSb1ICgaZ6Hi5c5NRP96Oki1M04dIL1k=":{"valueMac":{"type":"Buffer","data":"AIfulOtkJif93phUC7N/k528dGypiprmE5wipwr5H84="}},"ZgZin0hVcv8qspDNT/Ab3FQao4PJlwRjf5WDaf52nUc=":{"valueMac":{"type":"Buffer","data":"vihGGZIVUYFRPf5gEbEdwJGqUb+SqTuJ85EJQyHHtoY="}},"ZgfWQouc+9qD0FMXELklM8nL8UA9sgQq4XAjulSJkGE=":{"valueMac":{"type":"Buffer","data":"HDO7rn0DNraa3y1eDy5lnwMMkDIa+IwWUgkLFYir2pE="}},"ZvEDjK83tpkhs1rsr5zn1q2Ed6dAC+sXKn+34dIHOPY=":{"valueMac":{"type":"Buffer","data":"hrZ1rAzHmXGHgGZcakI4XACiDuJCRwcTCNaI4VQk6Tk="}},"ZzQiTbbQ4crtN6+/ByF9zxItF/rn8GRfJ+ap9v9Wlzg=":{"valueMac":{"type":"Buffer","data":"/IMeKSwBT1Ya0J28ktxicrL9VFTQraXtUj4dv2TdHKs="}},"Z5baVvxvPu5LJ9rAbPLsqiaFIOvwfJDRPOf4QcmCjgw=":{"valueMac":{"type":"Buffer","data":"92cAvLP5XHkReCLOD010NvyjHvhdYr8ffsONYzyGdt4="}},"Z9vTuZJ4Gc/OAdzasj0i9/WNaxZS1rYfr1OJABUlGQA=":{"valueMac":{"type":"Buffer","data":"crL7flq9BjWNFZVt58SD9qn0fCAqSekHKFAbk5zWKkY="}},"aB3fVsgknGVXSf56LDQQOKWV/FdY5lhbDQwzyZD5sWI=":{"valueMac":{"type":"Buffer","data":"zOSsUz61j3eNROZRt3Q62gES3PmgVICwIDi8mTbRSbQ="}},"aI6NAiIga5PMXyKgokfeT0q2kSmfogT2ZBfIKP5hu8A=":{"valueMac":{"type":"Buffer","data":"yWcFKr0Qty2jVSOS9Oy2WI3dNl82BuVJ3h8mREem6pg="}},"aKqu5Knq9RVTn0+DPw6v4bjW71hf2B5RGmmP0WLUM4Q=":{"valueMac":{"type":"Buffer","data":"Cidp0tUmE042GSw9CsNoqs/QKH4STx/EGvyQvGu6VRg="}},"aZ/KlufR6I+CTAtxe2vxHFI872I4zptPDSAF/9NYg2Y=":{"valueMac":{"type":"Buffer","data":"SnXcMYevUZTBSlRG9v+37rPFrqVAcNOkYADooJLouAA="}},"aaYKCDoLGVVO2uJO3rLZklU8KRHePzvfkbeby3WYBmE=":{"valueMac":{"type":"Buffer","data":"LIXVsJGwO7veF8Ow2cMj1KAiCHAQ6PEv34cBUu+6x5Q="}},"ad4Ihjqdj5MV3DfnlCNdem+6E0kw/XclG87/vsIdLPI=":{"valueMac":{"type":"Buffer","data":"/kzv7qo2tOyBHoClmqTMYwyWbABH6YmtfZTGO+lZ/yU="}},"aks0JdFO2JnPGKfWBwTuSQKegNPr908DIhDuTnTiIqM=":{"valueMac":{"type":"Buffer","data":"ZuVJeoShlE1+2D8nCsP4YJZ0C2Z486VO6X8c6rKWkz4="}},"a4PdtcM6mQ5gCZmMLkPraBH50ayXXNK0xi0bwUCtfsQ=":{"valueMac":{"type":"Buffer","data":"R/l90PWTQzaiooZUQFi2umj+uLc56+//DPPh/FBDXAQ="}},"bCmQfz2h50um5UlGTzMM8O7LvJgDJHiwUBJvtnk0qV4=":{"valueMac":{"type":"Buffer","data":"BeBEbB3gSvUzUUspltdP45PdCKQt3kcgdsDS4h0PqMY="}},"bSiJZKSzqoRa1Cma57luC9z5L6/Cff2U7llPsCBMYNs=":{"valueMac":{"type":"Buffer","data":"gSIy3v1m9trXEtqqTOIE2/gFTl+1f/yyqrQW2LJaz9g="}},"bXaSUUpiAFVpt93t9Oj+3pqRUOzYbzbPvsHt6mpXLEY=":{"valueMac":{"type":"Buffer","data":"gzfmo2KOHhswVLPOSJ23jskvIOlGokeUFYQNNsK9xts="}},"bYEhzMuc+/2R8EsNayhS+RRKkM+heIqLm+9MLIqvPwc=":{"valueMac":{"type":"Buffer","data":"VHTMt/3xwnBYsb8NC6HagOBkI+npmSxo6S0XSX1d7U8="}},"bd3W70rHgSs9p7jjewCUZs7oa5Bgg6iCSZjhkXTmbSU=":{"valueMac":{"type":"Buffer","data":"tgZGgCCs000K6ggkg8Te5Dn/ms9FUS9Jju1iIxohDEs="}},"beeiqp79qCj7egM5Vkm3rSl5XxAT7aadM6zkTlBySfA=":{"valueMac":{"type":"Buffer","data":"G9kW3bpW01Ly7u/ibdi1M5HIx3oXMj0WXyohkj38Y7E="}},"bertEgTgRSu09WI9xcbN9keS40neAJLO7UiGDWAahsU=":{"valueMac":{"type":"Buffer","data":"qoPRJjx624jxRaQVzrhP1OP62ogarlzQC97fBJGihC8="}},"bhIDflYJtdqCf/IOCeW6E838FO4BJFpbzfriMRSfhY4=":{"valueMac":{"type":"Buffer","data":"9aFCKzFPUh8SpElqgDJixPiFVkjxgpZXsojOo8UA9k4="}},"bqy/AH026G3S1VaoQ3x1wRZ4Bv3OLIGcLDjiRkivRaw=":{"valueMac":{"type":"Buffer","data":"dLS8n1AAKtqeBgCig5G7J6d1ELGPsOmIXmKahoP17f8="}},"bthozG35eDCqs6FPj9eIbiNGBc7Q3BqB7kcN2S7fDC4=":{"valueMac":{"type":"Buffer","data":"2Tx6Wkvce6KuTFr+PSHxKHDDb0X12IoUDUXV6gYR76o="}},"bzKydFZ5t8EZpJpnNrdqIp+5rI8mG9VwHC4X+ELcCiU=":{"valueMac":{"type":"Buffer","data":"h6rm6mTk8Wl+Y0YqVyFYNVG0R1iozoRdyrHIqT32XYw="}},"b/J1OYhvoJb0A75i8hb/agfFgY5dUuUn7ap/5TaKR5s=":{"valueMac":{"type":"Buffer","data":"+rvHfEerdBOGwLkr0WBVPmSAECTn/HYf68Kd9MnUXag="}},"b/ixATuBRIltMia52blp2Er7IPJ07qXyZoQL7gLaj2Q=":{"valueMac":{"type":"Buffer","data":"g1wjttCEicgihbk6sjXX1bwUxcRKtM0JPEdPnGDwVVc="}},"cBDUfxcUeBDlfIIkpL1S9oPg2xSzu7+wwvx1iJXkYWs=":{"valueMac":{"type":"Buffer","data":"kWrrR7Oubqbvy2ycqU1b7GKJfUDruxBPslAAkDGJz1Q="}},"cBVsUFm+ZsGa+dmLB+4Fd90rL/2oCi4VaXdz2BnaHa8=":{"valueMac":{"type":"Buffer","data":"BESafCWSn9UI7rGJ44j5CnFfE0iJoB42QK1EOtXTxZs="}},"cDYSzkUBjPqL57aZ7MHpZmvTEEzW/oX77xtDMCMDodk=":{"valueMac":{"type":"Buffer","data":"zVphsp0i7XcJgN1jo7M4AhLF1m2UZN3JlesQKDqFtSo="}},"cEb0nyuoWPGRLHKHBR3za+aEbSnqUyEsNlMdpqKeV64=":{"valueMac":{"type":"Buffer","data":"5MZpd62w0rzXgJ+ArYI1jFHDfG0o+4Jwufdl6P9dWjw="}},"cEky2IskkufvAJB+hhEu+yI40SsMdAMaoiJIH2n+PT8=":{"valueMac":{"type":"Buffer","data":"FBVMVjyDK7evS6mFM0/Kso/Nsxnjj+j+7FOL7wMDdv4="}},"cLTwPrQkHyoRZWh3idhH18Y2NAHNIuU+fmLRWd4mqoA=":{"valueMac":{"type":"Buffer","data":"/ckFbJLLHTt5jiBf2S3PRxyG/AofPETFSkI/CfB8V+s="}},"cNFFB894Zz0G+VQd2tFF2B8eUBod5JtvzxU/mYF3/o8=":{"valueMac":{"type":"Buffer","data":"FMI6UuMTedlJzbHz3YDRK1CwqDxVUFC2l1UZ0oEZvu8="}},"cfz4elJP4YQ6Ek4mkko6jJlMfiSOC45foJXQNsONpgU=":{"valueMac":{"type":"Buffer","data":"Wu/UtKVolpzG+dgAvrgJgSYvDLPq29tbYoBGDuCvMFE="}},"cjf1Lq59UT4kM074H6imGsaKHwyZ9WzNDX0rZXlsDPs=":{"valueMac":{"type":"Buffer","data":"ircOxc7zRyKJ4K3EJbZ6249QNKcNXB24oaTvBP02UhM="}},"cl/C6DZyrfaAnHh4SW4MXKfwUaB+9kcAsxsYUmecpw0=":{"valueMac":{"type":"Buffer","data":"LMTYJVUuxpS6yamOTiDf23RaiY1Qgv+ub4yBXdwaAaA="}},"cqiYfnlgqc9Ap69DhIsYfgaiMlANs1Fkv5LGvoqs0k8=":{"valueMac":{"type":"Buffer","data":"WduQTiBeipajBJbb9BmBOYSyVUFjreBRWTvzPwW7RYE="}},"ctDMJkAxKWcf3tJkQGmaivtbMWspkY7GWX496bMQDw0=":{"valueMac":{"type":"Buffer","data":"u7m5FG0GlmfljzPKck5SmcgC0AP2DFJFSYCMvdSUOcw="}},"cwkomwd/nZ00/f/kDjkvFIufc21UnsgBCiW57R4/IZU=":{"valueMac":{"type":"Buffer","data":"rTssv25h+UPzqDekstNwW/KLD7lWNDRhWc34zoinEDo="}},"cxVXJFqR3yMEGigyXiYNQs4PpW9+zHSfLVABB2BDozI=":{"valueMac":{"type":"Buffer","data":"l7okMSaM+TyrkzwIjEVLBE2rX8sj8w2JmMs6qPqXgXw="}},"dLP95hk36zBJDWvyWsTPNwnECa3fsdJ1Pa3Q1MTuhBQ=":{"valueMac":{"type":"Buffer","data":"Q0+9r2cKAhi8pMGeGoXQ3OCO5anrgsDkxWhCb0vXSnQ="}},"dOIJAFo95gVEJ/xTq/9/lnf/tUUeCG0JxYzdwHfS00w=":{"valueMac":{"type":"Buffer","data":"ONHkmJvNza5HcH3AJF2HE6UXptS3StXMETS4WS0vHAA="}},"dPJzr6SLVSpsQecpVwRItZFMI+82hqOo90+Z6J5nKS4=":{"valueMac":{"type":"Buffer","data":"+vQf+mSlLWiZOnza4ehdtLYuynob2CkZWLIpciCw7ig="}},"dTaoOMM3wM1jOxj+gORV8kZS8prq7U6ABegTW7pRdHo=":{"valueMac":{"type":"Buffer","data":"2ASQGM67UxGWU4uvWvi074rxAjqTzMUgvRUhWVB6+xE="}},"dbt2ryLt+5Bkca1CKVp2Varvwtl1lEzzvXMFwXHD7zU=":{"valueMac":{"type":"Buffer","data":"Ms7FU9RAislfjrkqxmfZ4zmMIec+SKvNQdrE3tt5kbU="}},"dcawTydrI7gddag0IVjN/wQbAgJ4dSJHxwsKZngIhn4=":{"valueMac":{"type":"Buffer","data":"HOv7XaARA262p7sqEWC5AK6PT1rvbgkcyqZ55Q5veTY="}},"dehTpqU6q9CqEqCfnXMgYjeVa42V3OOak9wdPH86Xbw=":{"valueMac":{"type":"Buffer","data":"bMRP5K4+TG8yxfOPM85Zn3fih85UQqlLBSpJBTDLblA="}},"dr0gVXrzpaZL3BK/KJsbLR/GVnl7FWfPq+GJ8SFoTb0=":{"valueMac":{"type":"Buffer","data":"zTXKPbZhzzlTfmzuLFFKZWInXSNrogKoj4csonnZOHY="}},"dz5VzveIghpI9bd9X9Zg3O7IqvtCu7cHy80JF3LjZx4=":{"valueMac":{"type":"Buffer","data":"NTJSablNRPjF4S7IHy9cmmhTtfww+HNHxuJjd64uInM="}},"d48b/adoHVsp/0JfW1f8aZoPNutyFRCwzbSfbxhv1Wk=":{"valueMac":{"type":"Buffer","data":"KEO5Cu0Vpjc3AiUWkznZSxWCmbKlV2JqnmZrBDX/E9E="}},"eEtQ70mJBc5Uv8P95T9WDjbbw86XSGseCLjT124yCU8=":{"valueMac":{"type":"Buffer","data":"vHeV/4QF8JOgQSFtja33rNJv2bfEKfFk696QPY1MZ94="}},"eHGDzNDGogSpBHpKT13f0+DCDaf/A9mljYhtnaolR0c=":{"valueMac":{"type":"Buffer","data":"xv6cpuq68Q1yEQ4sBm3wQcLQqQfptHaZqkiPM9A0TgI="}},"eKS/yiAb1LFPGr1/D2ujKb7adPMGD3zO2ziKdXEsppY=":{"valueMac":{"type":"Buffer","data":"y6eiwTyWQbSXVElogJwtg8f5lXdAHESzwAR1+GXekbg="}},"eXFnEGVxznrA+1/6i/XEU5ab6/ZtpY6NmZ/zmORLTDs=":{"valueMac":{"type":"Buffer","data":"cHUFakC4CilDJSmoz/NpDXVsByFtbVWsysWkypWkgMA="}},"eifwO22JuUZBdpxFSCcFOWtmeEr4mXo6PYPbjZmMo9w=":{"valueMac":{"type":"Buffer","data":"B486w2XGV+3ium50rx3UdJMAcpaUzPFlDpKd794pPMA="}},"em5/2cjH/znh+FNwQ89hk7+wprK1cnjGREtqmfc66F8=":{"valueMac":{"type":"Buffer","data":"jmtpPdf9kd4IOYVzK2XZtBKQ37InjMix3CD+JNZi0YQ="}},"ewvxJG6Mq/STpN6AeYcU1e3cAyksvkpqAi9A6gCG9Lo=":{"valueMac":{"type":"Buffer","data":"9uQC/wdZlLhDzu+R/vCRXvuapNcpuqCH/iooRUGWcNs="}},"fHDFKoKGHuBCars5Zaw5eLKxtwpZLsXzkAbjEpAaZnY=":{"valueMac":{"type":"Buffer","data":"h5AfBXboLas6Yuj0EOS8Q46gUDsqmQBbcIFStzz7Mno="}},"fIZqxhOi0+frcFosqMfjmVIm2h3wX49Yqkmw2ebzzqg=":{"valueMac":{"type":"Buffer","data":"ZbhPL37CauZ9UNgzcRarEBLw3IIHsJRuA0plQo38sH0="}},"fK72cO94KK+J+ttXQ5pDdPjXcPl1UqBlEw3OHm0PoMM=":{"valueMac":{"type":"Buffer","data":"zMBnmnnealFd6VbTVAfmaiMB2/M8z+Ba6fTgLVf03KA="}},"fQE020wLF/kKUD8/Hjm5Pa/EYd8n2/HUScGGiPFN1vs=":{"valueMac":{"type":"Buffer","data":"9OslKGAIJPBxtI/lsRYeRC1GzNyr9QZdZs4aosIvG9E="}},"fQbSHBWTGJz3w4Syi1RtXlyykPkaQpqvBT6EWi9LbMk=":{"valueMac":{"type":"Buffer","data":"hjeQQiD+NnpVuTyIb8w5Rtqk48Xr9IvMoEhIHI7g9jA="}},"fZksfhj4YEtnsfoeFpmRkSD9O4/GuE5z9uVsmtM1iAQ=":{"valueMac":{"type":"Buffer","data":"c9EH4g5vlK7GIqT3IsNz0DLADNwurcAc7K9e+c3+REM="}},"fcbBaF0gh8NRgvqPNPH22gyO+cSD3sqCNlC3NTGH2VA=":{"valueMac":{"type":"Buffer","data":"9fZWU4vwSyDB4vfT/h254t0b74Hr/8RKilzed7GKOsg="}},"fekT+BLkweleZYqmW98QXm+5OhJzsnPiWdAKWJ2apsc=":{"valueMac":{"type":"Buffer","data":"PWcMHcrqmF6RUUPvaXoxV+7sODX/mBRHOQWewVc0ALo="}},"fpfMZHjSj1udRVuRm+PLBSn2d4KLw0koik6S8p6qrYQ=":{"valueMac":{"type":"Buffer","data":"9bns7406aP96aKKpdHAgUqyuTYm1bYSUtPZqWhY+fA4="}},"frU5jJ4fAC2cdb5OkPN4W4ttK6K/D99Ri+1yl1gG/I0=":{"valueMac":{"type":"Buffer","data":"1/pQAvQgf3S5P27An2GXKBhzYHuFSZCC3L9tqpJROiQ="}},"gDzIarwYJvCgEq5VSizQENUQxfWPldPZY13cfcnxUd8=":{"valueMac":{"type":"Buffer","data":"4r31mqishbnd6VarELA9Ra4WpGhXSVQcdLv6xVd37js="}},"gHJHhHO8tnwG6LtX1v8mRFtEyVyaABbxG85K/zcVVAk=":{"valueMac":{"type":"Buffer","data":"+48WlLc3VPTxzQYAgK5vu2DGwc83jKpKtlCS0wvMWWo="}},"gWsSht1fbUdTuGT4e2Hgfbk1m6fQ+v6njUqRCwFaCY4=":{"valueMac":{"type":"Buffer","data":"Krfv21pXJeHlLVg67/nbL5qfN+AwgH4pFuloWl2j4Ns="}},"gaiVC3OeCMxM6L0L4GBHX+Sn7hk/qSiy16Ur99s4XpA=":{"valueMac":{"type":"Buffer","data":"aAWbG/YdxNEin1RKU6SnQ/r4lBGfOfKl9Z0xnFJFu1Y="}},"geWRrn8drNhi94+IpLlMFLn5KBaTlLtlkvX7O5LAqQM=":{"valueMac":{"type":"Buffer","data":"o6fzKxm0NI69QrAxINKjZQdPuJTpBImzko1X4tBvbOk="}},"ge/iv4r5unm6GhTQVVsp0G3Tl2uPeQ/GKGvoNniy7w4=":{"valueMac":{"type":"Buffer","data":"dEERCsRGDETFc7JQfn46IzMuAA0jhFfTt0KYAyM7I7A="}},"gfATdevH/wWwgoVkangc2vHpxZM1z7YE9yIPCmeervA=":{"valueMac":{"type":"Buffer","data":"3m+SQUd1ry9Jdo+7MF7l7MOwkgeUYIy8AeXCPoYmC8c="}},"g8ekjqsDA89REa7CzK02qW5OdP5jqbfp16xuRabke1A=":{"valueMac":{"type":"Buffer","data":"ZzxFCHjfiie655edGxgIBzl7U+Q2qIDkBzKJ9+Mm8m0="}},"hAD7R8aFEOdoB7P+1o2wfISdPBEnmb4cUCk+PgbEn3I=":{"valueMac":{"type":"Buffer","data":"ZbCYzFEIctTC+yoXZpKQuBZ64DxLaCdsyp6dIyi3OvY="}},"hBGozf81EIZBR8AH2BEV/5btPJKpcD0nOdtY51apaEA=":{"valueMac":{"type":"Buffer","data":"pELPbPpyn1tUAg4ATKBvz2Y5Sls0BuqPUeiK4G2zTfo="}},"hBSO0RTyABU/pSJ9yrAOMpf7amD1N4/btLvWp/s1f/Q=":{"valueMac":{"type":"Buffer","data":"VgkF6bgkJxVtf2E5IO/wcGBxSlYD9P3pk3MMlCU3VDk="}},"hF00Ln0P7Kxia5O4tQR3CONq+XJYr5pADJ31jt4zgy0=":{"valueMac":{"type":"Buffer","data":"KmB0rNv9RpWyjRjdkAsewoO7UOSKXsSsT9OQxKhMVOY="}},"hOl3WAE3ssVM2ubobNleah4wW3OFFAztR7N+YNe8l2I=":{"valueMac":{"type":"Buffer","data":"xrlYc1X9rInfc7rk9i49t6hJatBIN5uF6UI2BeLx86k="}},"hRb64ZxkMmSWcmmM8T3yOMdMDcxbJ1DpV2ZT/lz6WIc=":{"valueMac":{"type":"Buffer","data":"DH0Hc7IVo8fw/R5e2BZF7NnY4edeFIMR719mAXwOc0A="}},"hYm+Xa/72AfEXA0VI+ShvE2t68COzB/NSwcw5e38vyA=":{"valueMac":{"type":"Buffer","data":"wHOvDdUNpY1YwWfYyZhlY3ploojRM7bgnnpkqWoK7lw="}},"hYx/hQrG5QPgsrWcA0UbdQRAhtPJCoqLSAUxKieE8Gs=":{"valueMac":{"type":"Buffer","data":"FX0ZpsPU6jqNYuQPTceSOK+hjl+0sObYJaaNdxKb7pk="}},"hj60JjEJmDD6/LdL16CbJ+aKk86k8rqFGDWBgjjsoK0=":{"valueMac":{"type":"Buffer","data":"p63Qj+L9rb+2o1heQe3TpjfPEhog0ujIfEfaQbQ9TGw="}},"hp2CF99MEL+kQ6y49S4aLthJ65AJ0DgzlwafJlrUTik=":{"valueMac":{"type":"Buffer","data":"jsP55RsCTjV4Jyu57O3UiGnR7lfwNl9oGUubNEq4PHM="}},"h0zCeMXGT7iXZaNvR224RrhGNiuSDHOnVOPAKQvNv1U=":{"valueMac":{"type":"Buffer","data":"oaV+AUHGfKMIQId77T0ku+cvx6Rny38vatBl3oUXWrg="}},"h9WzLBHKUm6DESEM9gf2TB1TLwFtH/7ibcJAYK/mVNg=":{"valueMac":{"type":"Buffer","data":"rp/H/34kDMDEWcwRvgz0MFY/Pbk1Nes94pdF0lwq8gE="}},"h/QJetXdADSeGBd8cEwEWY9Xwyp0OteuAQ14CGWPfAE=":{"valueMac":{"type":"Buffer","data":"kvhDGWzlbeUXvtYreBpTZ+F8161JcsTAtkiyJBLK6Bo="}},"iB2NJnXut3UxYBqJ+hWentf9n/tmSvE3GEDUhje6Kj8=":{"valueMac":{"type":"Buffer","data":"w2iBtrBGyKxarW7RW5KgOQLPBSktgQB3Z/4e2UFjMoY="}},"iLnDvRmKd/B70kYtxDKV4no/ggwF7hL2I4lN0FuGVf0=":{"valueMac":{"type":"Buffer","data":"I8uBmuBh89Yy3HJOMCiEezCAmY0DUW2xrQBUdB2VED4="}},"iM8Ey7jx5GdiwiaA0efSTPXMBoBMIPlWSaGU9hZzQOo=":{"valueMac":{"type":"Buffer","data":"jkI93qVWrazDOkMtfcwPQBeqxOFTmQMsecPkb+ogvNM="}},"iP4X7xDMN197Dnijhz5VjQxVoUPBUXvkbiOuitL3r/4=":{"valueMac":{"type":"Buffer","data":"kQGSQi9A81j1mZstbh5TuP7nTfqZbHe+8by1tqsyhew="}},"iS/9+Zh1Uzy+Pfzhzzp98U8+4emFIdzh1BCGBpYKASc=":{"valueMac":{"type":"Buffer","data":"F22Jy4pmroglur8qOSzOKtHEDqgcwwx++66tfZCPnkQ="}},"iXfKFS8CvwEvHw8Jn35lcVi2mPJedYV+l63ptSiS6qQ=":{"valueMac":{"type":"Buffer","data":"0YlWPZlEHakRDODOq//YpdvaTQ7XWkgHDwFQd7WwjBI="}},"iXscmhagd9QAYo3XhsyvCyW5OENaUiZwAk/AQlhCvj8=":{"valueMac":{"type":"Buffer","data":"ANWSQK03M1zPIed6Dg5RRnDUzM4zkBHTMzxq3Z4Y5D8="}},"iYhNjWJcz5wDSTn0nXNEuYvp0PoiUpt8mqT0Sl4+qK8=":{"valueMac":{"type":"Buffer","data":"Z6WUfcx2nGh1pGEIzzODygUM7VIHURqFB/4RoYaKRgE="}},"iljBXGA9SqFb7BhfdY2P9Kdc0cO5M0pC9UiV9hQQVmk=":{"valueMac":{"type":"Buffer","data":"XjJ0IFDpBJVDqra/Gp4e46MhvXzkjoQknZjDQpEh74c="}},"imgn90WDWsL3SLgTxwKO76jq7l1Uc87Jwrj2VxKfbbE=":{"valueMac":{"type":"Buffer","data":"tCSz7wd5/jgIN0pdfQ6VHwWxvhE3sDGumP0bNfAUb+4="}},"iv0ddVzkQxWnsGuaOzc+7W5ra66AAZ5E1pHAuM+478o=":{"valueMac":{"type":"Buffer","data":"BhyN0/C8Qjwt9sjqoHvigGdPWVzox5z/kvBWIVEdOFY="}},"izgYL4VGMoz5MYWQnX+iFwHBT30Za+Sw03WFOrtNLM0=":{"valueMac":{"type":"Buffer","data":"pKyq4AhVwa7I/H/sFG35x8VtjqJ2tW17RQItnnsWQ+A="}},"jB4qzmpukLYlAXFnWr5uGNdJz3+shezOha3eKjf8+gM=":{"valueMac":{"type":"Buffer","data":"m83/Pbc799P4PlOCUSUgz3GlzshbrFb0GlmojDNqLLI="}},"jEAoT1lC4qN/z4TrPldLmf6CNvxKfAwo9GGgIjZgEKk=":{"valueMac":{"type":"Buffer","data":"2aa/WtwENdC/1GB0GzcYwfDTEtI/QrpHDnzYjVvKw7Q="}},"jEQtsdf0h6Dt4P2j7nibgZ67pqEM6dVLJGctdNmmcsg=":{"valueMac":{"type":"Buffer","data":"Q+MZJ0NlzY61KYyvhuqSgyyDE+tqr0fY1llVOQ8kvkk="}},"jGH435j9+3jQxtH1NQeFn+c3/X2lcNCNk0ruhq+Arso=":{"valueMac":{"type":"Buffer","data":"GrW83iQNAKEglHcQVnTolYVXf4bq7uEWIizMMmXzI0M="}},"jNu7wtdBkPhGFlhyYeAogdu0etOLTXz/1k2IsTASeVc=":{"valueMac":{"type":"Buffer","data":"e1HaRwWa3hnM+bCel5+f6qb6UD0CO/UJwyQpE7tlY1c="}},"jTX/ld8b2uHkrHjCHj5VXrTvitvlUjZ7/ONz3VijB1o=":{"valueMac":{"type":"Buffer","data":"Cn/xU7AVJpyHm+nB5Tm4KCAvJ9z6gf6xFnOilVOv43Q="}},"jnNe8yT4Hky72Znh0UTepT/6AKe14jON1HkLM/uDhhQ=":{"valueMac":{"type":"Buffer","data":"FezFkw7Dpv2ukoZ1kLFy2Y9NThj7HaFt5FtDX9/nNYI="}},"jnwn/hEJcYpAiquEKt6I0IsR7yj41jVMQazfweXFcpA=":{"valueMac":{"type":"Buffer","data":"Bay5Zgw1ouHd+mEGN5jnY4Z4lA3G9gNO25KY2Pj8ynI="}},"joSX8UJ5M43CViMC+xphWpsYkqsVHqDksvq7iRI8N4A=":{"valueMac":{"type":"Buffer","data":"q7N0QJsEvaULK+jvu/kugWtmQEX2gJMLpQWJvwAGeaw="}},"jz2iqZO9BzYt/SN9UVCprucY7quBeQUyBKPErVuTBJU=":{"valueMac":{"type":"Buffer","data":"1qXQOnhdFnjv0K3M7wjduP2jLKFSeaBuAI8vecFg9UM="}},"kD1yylkqEOiOo3yjpvtphxPc8GDbCslC4dFnGTaKXME=":{"valueMac":{"type":"Buffer","data":"8OJPiSakELNeuDt6AHQXZDUvO53nRDVLdUudJDa4+9I="}},"kEMrg2IZ4/0stZRhCVy58utJeXatlWsK/MFf1+ohZQQ=":{"valueMac":{"type":"Buffer","data":"UqGh5StQ3p8hPbzZ6C1zLUyKlruLzRGbrdXomgeW4FI="}},"kEYFrtQKaTSUAyMsfaBTIT1Iz+tyQWwrOI1mvqDIJ0s=":{"valueMac":{"type":"Buffer","data":"cHkRwJD8xXAhPWBz75DciLa1uR/frYWq9tRjxEUo8RE="}},"kFUcieJooFn+9yZzFsqb3QXMCSLV/AP1LduWQJwN5+4=":{"valueMac":{"type":"Buffer","data":"Qqg6W+ppaV2q++jk20kl2mt+bepekmVA4lSPkBF70Es="}},"kQOXmUNLpg70nTjcrwEfdTbowZikLbATZYCBJWh28OE=":{"valueMac":{"type":"Buffer","data":"3Hv4XBQzdA4K8M+CQk4tDy8uomGaOetnT5Wirg48Lpk="}},"k5hbT4njQ++SpfzZExuUYNcz0CDRQ3k3Izm8dco2Q8M=":{"valueMac":{"type":"Buffer","data":"z145YwjArZyVL6/e9PQxHl3OTdmRSFbbTlz0JPjCSas="}},"k5htYPzRpL2oBJp7Qu+d1bcGDuaJRpoeqlRZIcCAHpE=":{"valueMac":{"type":"Buffer","data":"XmBjWGLsI5bJI3rjVnIzFllMUo4keXFN71QXmneQU6w="}},"k7ROmDAj7cghxc2IP9uOz6C5OH5fVSXNhGOQBJsPZrM=":{"valueMac":{"type":"Buffer","data":"A5quSxrtNNUiWLfhBfAze9raW7VMIU65xb3LjYFg9k0="}},"k9P1lHhiAPnSezOGJYOCZ6EmhSZko6AilA0iQux/mLw=":{"valueMac":{"type":"Buffer","data":"0RllaaqEiYbk4I58rd3e+t4DMWo9FeeyU86bCot2vi8="}},"k9XEPaxTxZvWz8W+gpc25qc0OjwgNwSnKJneCxmHeME=":{"valueMac":{"type":"Buffer","data":"yD0LjmshIKfhL1DbsC8tObmMGBl0Ib/WItwi6x2S6p8="}},"lBGG1TbYb01FOwpbVZekgSyBA0qbNxbjbOP3qi4tUos=":{"valueMac":{"type":"Buffer","data":"UT5NI1J7J7nWJXapyu3Fl2wF9egFq3y9Cfy/plpOkd8="}},"lRxrQwqCA98sbHbRKXZ5J9pX/gEVw5diHzYI9imkM6I=":{"valueMac":{"type":"Buffer","data":"9WGW77jXbxPMyEbd9DoYmNcQovy2zasdD7fYTTbhG7s="}},"lUPhhdK2CLPcQbBi7tbMYTcMkekh94ECqqt6oN1Zm4Q=":{"valueMac":{"type":"Buffer","data":"agPrb0Tkgm1eKRBDphe5YUO3RDjxUJ6YJ1HHNa6UkeA="}},"lVHkbz2cqjZaeEThKIVrRZkFCanw1WOwRn5WEzvNXkY=":{"valueMac":{"type":"Buffer","data":"xXERYCTZkYYFYEqCQRH7V0YpRwReyA18U1QKk5Dihkg="}},"lfFMI1wmV9wo/JvBBDz8tidPijB+5GXON/0ZLIDfh/E=":{"valueMac":{"type":"Buffer","data":"P0q1cdb2wrYYzUipOIlhhrqXADytQKAS6UfM1mu28c0="}},"loJW3QVQT6jrsGMtF+qV2tY2WL2Oh7EViIroN3UT2PQ=":{"valueMac":{"type":"Buffer","data":"mPauAh/LW6UJc8+sEUiJPc2YopGETGyjuI6ay2R0HJQ="}},"ltKiqZlkSFeeBGId9SO9EzUhhkQV2PFTVrtPwVpB3c4=":{"valueMac":{"type":"Buffer","data":"Tn6cGQTt3uH3/tuDy/FlXO8M+DmYUEvORX5YMEkxekg="}},"lvewJYtYtBjIFNyDoqZFBflSvMq68dDzuj6sbhEDwFo=":{"valueMac":{"type":"Buffer","data":"8X2MYCg7ukPIWDstGX+iOyzyMJCYRJGVX/apbntPMLs="}},"l0o0I76qj0vbS5JNKaB8DpJvSqbw6irwrk63eN9JECY=":{"valueMac":{"type":"Buffer","data":"gsVtEl0fXHbKvyhgQ/TBlikqctZTuZo3Ruei24zxcs8="}},"l1K00vMW94noOqB8KYHxvWlu58qpjTAEIWikGfatooE=":{"valueMac":{"type":"Buffer","data":"Gf7qVnyWkbLbTk8yfwkbGZJGXoTVZvFUGYrT2NQDGpY="}},"l7Z371vu4llygZBYkggtXjbsgFQWEl2yIDKBqD+KTCc=":{"valueMac":{"type":"Buffer","data":"LvViU6OYbd5X4/oLsW2SD2U4iZItW0TV0T4sWPSNsdM="}},"l+xy9AQCUqg0B8zoDNDVWr9Lv0evJ1nppgsS9KXOJ4U=":{"valueMac":{"type":"Buffer","data":"ZqXn59YbUz/HBCZyiSuhd9a7lzInukPPsylkcKMVrE0="}},"mIu21ERqgcZfrTZTflWS6FMMD6sJ6jlyh/X5ra+OmZ8=":{"valueMac":{"type":"Buffer","data":"41K7ezklp1SyqiK0iy+mJxt4UqnbHogaL/jz2xzpoOg="}},"mLbDLUZv/s3mpiEEUAcRbhjf7F39SPjysgtJBGffhSI=":{"valueMac":{"type":"Buffer","data":"oEr54ANHRpGAUUaOOvPTMhoEdyozE3I1zuOgOk/szoo="}},"mU5QViKdih4I9y/mpUbeMhXKIkklvJTXDOXz8jaxO2w=":{"valueMac":{"type":"Buffer","data":"+0JZGmqpetpv3y5h2mkjjyZkLr5UuIz77FiargpXeHE="}},"mYdPRzzRdXYB6tvrs5TBN7gbDcj8ZTbCf21PEkyigdE=":{"valueMac":{"type":"Buffer","data":"4FiTcvB0o7+4Iio/nSrfXT0iRueJ5i3ZngPr13NrgHg="}},"mZwdHet/WIz6XBHFSwK4tR+iERFzt9SObH13BPIepK8=":{"valueMac":{"type":"Buffer","data":"Fcr4/vpmba79vBNa94K9WZKcWFdxq5G17f7bqCK0DzQ="}},"md08dQf3cewm3+UHICIpnbj92hnS7mddPlT61+1b25g=":{"valueMac":{"type":"Buffer","data":"eNHq7/M+LSj+buRd+Mcopdk0L+PSaOnFhZOf6lxCOmY="}},"meErXer4cdmH8Kv9/Zb2plrYzUd3fPGTSVx3P/NFQYI=":{"valueMac":{"type":"Buffer","data":"31nEbetWLTl8XKC08MLGyeOWrPkK6dzWGST5GWZ/iFE="}},"mulVtTi3xfEYH14IWsxvX+f/THqfv09z6rT/lN0fPEM=":{"valueMac":{"type":"Buffer","data":"Eg3lVX9etpkQX4qfAjRGPJjSpe4PzFN9gtibYTIjjFc="}},"mvILdv9JHgH100N9YTCIdvPiQ6+ija/2zVb/jYKGME0=":{"valueMac":{"type":"Buffer","data":"/iZunap1yKAccOSFmdFSa15b2qOXnZzTyVekid2LVl8="}},"mxrtzBVFxdwTW1UEUx5Q+q04LdmVTZa0l2f57MC8+m8=":{"valueMac":{"type":"Buffer","data":"cZu3P6mgD3MDiCMtBMSrB5ZvpIk1OL3RhcRDrHKWxXw="}},"m4Y65hdb6RLyk83TLKSTG9dBz8oUnWuUty+gPfQn75A=":{"valueMac":{"type":"Buffer","data":"5Ir09nMjY9QzACIaUnm6mZ8XwU/lMbn/Ymk/nXcbAhs="}},"m75cNrFb/NhwjalDqKK1+pWYMBWNm/FWrzoihRKkKOg=":{"valueMac":{"type":"Buffer","data":"ym0O1E0WDZvhmx5+Nww9PB4fP02uFH96OPleavFLXl0="}},"nFwvN1Byfcztnb0y2YgAF75ZKgwqDcCwmM/xW1+PFO8=":{"valueMac":{"type":"Buffer","data":"l5hzg2ODQ5qtrHIbM/NYr072zcqpRQkYjR6R3HxsEtw="}},"nHrlX3lWb/CyBhNnRZMEuGf+56G/lDDXlW6+cQTSflA=":{"valueMac":{"type":"Buffer","data":"7s/dqN/KpDCUvQfJd7O9PAwroBVALRRKggWTNxLNkHg="}},"nIxNHxQSDNlC7W3yYmqv6JC4Y+Z5K+CNW3PkkyRhkgM=":{"valueMac":{"type":"Buffer","data":"F4z7MHkTwfMPkcSyJa0/FpgX/uO3coIzREyNEQscSQI="}},"nI8Jxgb7ucgJMXegrDDjKEoMCSlkT+hEFIxDnHYy0kY=":{"valueMac":{"type":"Buffer","data":"po67DuzVS7VUNoDjSDsXkfH1wY90yOHxByF+90mXIRs="}},"nRbllWxgwtqMV7/AQMdncWwlnIyL1hKAscnb6sEyAMs=":{"valueMac":{"type":"Buffer","data":"8msVxo3gXP80DWLzMz2o7s2jxPHq3TXf619aKv9m5WE="}},"nTiwketqgHgFXMin2C4knHRZwsxXx2CZx8xnror4g/I=":{"valueMac":{"type":"Buffer","data":"PpbeLEACtxsmAllAAfD3U4ymamYZLEkDAgGaCbnTyLg="}},"nWXa1TDNhC2hfbREZ1Wej/IWXvrh7XW4nkgBqm+AUMQ=":{"valueMac":{"type":"Buffer","data":"YlcQk2++YqaDnU81D2YfgUjYbL3K2jjI6IlTChPFFSI="}},"nkJ+mSZ6+lgh7QmD/fNYDW05GdZHdJWJOif/yW7FBB4=":{"valueMac":{"type":"Buffer","data":"9Nhstn9EZPzb/MA9sW4sh3zVjCClggPWkPdmO+1FPl8="}},"nrkk5q+sLhX71Q0pEzz9LjqstbkoAFfLDpMLHAD7pYU=":{"valueMac":{"type":"Buffer","data":"+cEK+lr26my+yEx8XkFmmPfFOHu8o8AgPgkbKzdJTFI="}},"ns/cHUzfgf+gViBt8r9Azz7JZiTIi+Gt5aVwpo4r4Mw=":{"valueMac":{"type":"Buffer","data":"LRMyXKXY07QUO0+nqivYfdP7hDS8bcpZ1/6eAEjdZjE="}},"nuARvAoBHBZeS8cGDtC1bXUhcRJHN3DPh8SXRFbDsrU=":{"valueMac":{"type":"Buffer","data":"VyOB5cJJq1HXJBj4ZXpYBnh5bC76I37jyDYGaiX3fhg="}},"nyInDg67HY+g6rmxWXwG6ww6GXN4CiOHDBsJBJgTKgU=":{"valueMac":{"type":"Buffer","data":"TDMO/ZlKcIi4wG4+kwPzBmow8IrEQqYdNup54t3RjVo="}},"n7r2Qv0FOnAasIODhlrnBX6l8/Hm1CmYeqAZvVnEEhg=":{"valueMac":{"type":"Buffer","data":"Oy2E2PBOsHucn5VINnBVLyWKyB3mK/O/evwpTex3Cpc="}},"n/zUiqHaypQXv70S2QqlonZdvrQUKa3IKWClTtM9Zos=":{"valueMac":{"type":"Buffer","data":"+up7E00JQS4+1nDU8z5WAY7abPTmXrWM2ArkjFQuqZU="}},"oF3VzPug5Ho4T0HAaMstT2FSJehNPukSwiH2pCjfks0=":{"valueMac":{"type":"Buffer","data":"ZcogYErHcPRcVuOeHAUSMmpiYcTqOXEvgbjXia3c49k="}},"oL7+biOEZ2+ZymTuahASNO8nDyPbzKI1CRGkaTTw7D8=":{"valueMac":{"type":"Buffer","data":"YIL5hFkfg1z1kN59F5OhMPuy03RlEL4DfG4KtOdheDU="}},"oRRDbm2j1TbCqSBGBEMfWbApuN2oeJiuwbfBHr1dAH4=":{"valueMac":{"type":"Buffer","data":"W+TcWFExDVNPMCPS+1qJPK0G4Lx7WDzcbHP55KaExcE="}},"oUbaydw920EV6nRohFHlGyNSNHOYn2UrB2BIX/aJAGU=":{"valueMac":{"type":"Buffer","data":"tFqlZE0f7V4XL8YfsYWyAD0WNwKHnl5f+fyWIY0X9NU="}},"oU/ilymWJ8PTo1PSocqJrPJeAprLMUstbYkA5pt0XHw=":{"valueMac":{"type":"Buffer","data":"73MY2a0j1GbMQ3ueFPFVgT+T89hDnyDxDAMcC7vjkt8="}},"oVURNCSavFAovArmjl1KnhVxQwQnzKj7nBfVMcjclFs=":{"valueMac":{"type":"Buffer","data":"fQKX5l/1kTBjpyfRBRYdU+Sleeob2X3sslc+LMpdOFU="}},"oXKPpMBpV2aqTGrQAI82tQaI/51ipSqW6go7uSVvHhc=":{"valueMac":{"type":"Buffer","data":"1+r9pPZIBbYAc/HAbdWyrCK7u6RFm2/m60qz5uzlmCc="}},"oevyl4QFasLe9kcgmaQ94tUJC8uCR0RRd4TYo9mLIoI=":{"valueMac":{"type":"Buffer","data":"6SkM0AFxAzDrLY+7/au0ufxhm3O+gWgZ++y7Y5EElnY="}},"okFCYEaQgka7DWVy9wPWU2JX5u1zWuQRT97GNSX5aQQ=":{"valueMac":{"type":"Buffer","data":"TV7dw+wMgXnxnEoGJK3gcBRTDbVTyr6v+VjqmWv5xSs="}},"olSvXrYNY8CT0vD96cZojIIcXV84tj+jvsXLyOYy5bY=":{"valueMac":{"type":"Buffer","data":"cgzt2UNAVR41lCGn2K4lFITihur1ux3hARvBW3ea13c="}},"omS51MfNuX0fQYLvDdMo9XejcMkePzqkkc69MI5obho=":{"valueMac":{"type":"Buffer","data":"AkasXr6BpcVT9kskqWitMoJoUW3spel9ebXTWM16QII="}},"ou9noAe1FYgIpMiCJ7o8fNmoVyhuqpOc9LdZ2mnKGEg=":{"valueMac":{"type":"Buffer","data":"nNOmi/C4ETLgSkX7Kn0qMmyn1I9MJeeFKbSQJLz1DB8="}},"o4+JCXh7WxL9y4e5+8+j6JixdRLnH+4JovgznX4IVF4=":{"valueMac":{"type":"Buffer","data":"UHsBwMjjuWMUDSIe0h/t0I/ObJVplQZV5no0QH6ap9U="}},"o+aAM68Rqg+ztlgPHCrJY5QAQha72pNaF8j0Fzj4pgM=":{"valueMac":{"type":"Buffer","data":"KU6kx/SHkJn4q83Z7Q1enuBEFI2JFbdy8n3FuDreniQ="}},"pVaKDCEKoZlaV00KkwvFUrCJkEXB/HdhW54fgqGXWhA=":{"valueMac":{"type":"Buffer","data":"SADy24MISTZ/OXkhei+iqH8KTq/iEUSbWsb3fG95lbY="}},"pVujTy4WKuqPXhu6OEkCf0n7T3FssC4RRnfU/Imb8Oo=":{"valueMac":{"type":"Buffer","data":"3cRqZFD4IZgCkmdtUDep6K5g6FTFJU1vG+ZonmjrXu4="}},"pgmhqAINmj/R9EsSj14dlY/r0umhdbqQ/ZI6UhysbPY=":{"valueMac":{"type":"Buffer","data":"k5obt0wBJUjT/Gq+CBRKkD2gnn0dHVzbiwiM7oUKwcY="}},"pnOpmdxHLtQ3MH+rZXqQwqkZbhalge+Aepwm7rmwohc=":{"valueMac":{"type":"Buffer","data":"SBaxxtBCRIMIAmb3LqCfw8zJKIcwuMhx/NSE+h5k4og="}},"pps4IJKtFRQ3m7P8Z2BMosiC7IGGcfrVlNsfyS3VI14=":{"valueMac":{"type":"Buffer","data":"+PNum+5e7pUIjmxNeGFWSrcoBtom7DusYewInhBYJtE="}},"pu8ZT9FlAkfJYPrxKYt2yawcjCGkzNNUo3qT+9+E+Tg=":{"valueMac":{"type":"Buffer","data":"juTtBLrRZV9m8LGvIwsfydQZ73h0fvAQqed3u3DNUGA="}},"pylh0uGILHWN43Jq7K3ZYsEUbmL0LjBPsHwJnhVJcvo=":{"valueMac":{"type":"Buffer","data":"somL9RJvbOGuR+wVq0JCv4UR28eI/XkWetE04JEktRQ="}},"pzXLQWduADAXnaPQrZRu14yy/ZtUe1Gb5VdknrYT9bw=":{"valueMac":{"type":"Buffer","data":"jjgImHlkj/VrytFXUG2Rs6wkgFssr53cZjA2R1TGN9Y="}},"p23CtOrqh63wKPW0y9sYOCAqf8GafUEbXZ3ZaD335Ac=":{"valueMac":{"type":"Buffer","data":"rLwAx716rVGDl6yRtTtbQFMigHsfKT58+sr4LNrqhnk="}},"p5XNkwp7zQO0wkGCYaAb8v5SXczWlZvfpdB5QWPgOXs=":{"valueMac":{"type":"Buffer","data":"455pUfosr816M2HomhFxBEzqjE/OWxcveOOB37qomjc="}},"p795nZ6y1wUFPEHX8dKU1u103s3PkLIavD2aMySROus=":{"valueMac":{"type":"Buffer","data":"FzhY3wGzcdaCxa/TkPfNF615UiWNe3CYRoyrEy5aIiI="}},"p+hGIumiJd3n5uHFd6nCCww0w9pUODBJfVvFiv0IWUk=":{"valueMac":{"type":"Buffer","data":"hXb1qjN3pdZ0Bt/QBXL9UX+fM8Kbuy3ClgQEy2ZV4vY="}},"qCReIsRaUtXwDcZ0qLlGAWChz9tD/hdF3vFPQ9VWgj8=":{"valueMac":{"type":"Buffer","data":"1ECiZrg932ZppX3N1/a4ktC+D7DeECMhm/XRz0CtGZ8="}},"qF3UZc/dBL1oKflCiknrLlBzQxPmG89a2n94Wedsph8=":{"valueMac":{"type":"Buffer","data":"+Muhq83bdu7LMuSszbjf6BCFMH20ChVOKSjcsaWR/y8="}},"qHalBtib7EDBP0QFrT+I7BR323FpikOxUJ7MuUXUl/s=":{"valueMac":{"type":"Buffer","data":"ZUGffifSxYmhfucszNVIJp6515To48ujHn3W6uP9kaU="}},"qPU/M0UVjxuxpta4fT2FQU6GfEZtORZmv8V6+m9viyQ=":{"valueMac":{"type":"Buffer","data":"MYWL5HVffIydaWCK9wyKJjU7NDLDpLOuMSyzxL9gZIg="}},"qPVFTNQru4qhfd3mqPIJj8um2D5uAaWNNfjx3Y4p7Ug=":{"valueMac":{"type":"Buffer","data":"L1YwbrHgiruDCA1RrQt98TCR+kNODVSsaur3TuheMBs="}},"qQVI9lZumDSVzOksWdMnD1Qn8qaHkDRuJkCvd+Sfq94=":{"valueMac":{"type":"Buffer","data":"Z06aCnsPCckvE1W5NzuG/+RG1ek1D9E0Yf6x0L5skNU="}},"qU84sLMoSjfWjx9g31TpYz0lg+WHu2L+bTXLdEGMrrs=":{"valueMac":{"type":"Buffer","data":"15RpLTjXWOoB6EiE5H8MdaqWRnHdT+yixDxN06w+08s="}},"qYIps7T7CuypXeMWDDlhTQ4rlI1jU2PCfwtHGDa4HYc=":{"valueMac":{"type":"Buffer","data":"z2wl12y0GdKS/4+Wjx240SydTVN5yyqXGa0TCXOXDrU="}},"qaCJLeiThD3DXbviqpVbvFRkZ7HMZ5Pyrj2/bhx+7JU=":{"valueMac":{"type":"Buffer","data":"qUNzXf8QHaNUQYb8ixb+zinvfVjpVIJAj5EzFV/CSB8="}},"qhYYLhItVHKPFKliU1qCzRIofAMxdMYEuyXFKTQ8918=":{"valueMac":{"type":"Buffer","data":"GRV2fL7BaOSARMykYaApfKLjdSX+KxXNYLEbaxhh/0g="}},"qh6GDtgmOK/26XAEjEyq3cRHV5XoChXaJShiEc9IBtk=":{"valueMac":{"type":"Buffer","data":"TIlKHdhTd7ZJkM2T5NF29a0f3WIaHcGLgO7f32+cM4A="}},"qmYJDlmgGnC6TaRUfBgChMzv8OBRUDW09fKDKo0cBfg=":{"valueMac":{"type":"Buffer","data":"46ZQ4i49kEQ/2KnvndyqASSfH6Qbjczq4zyY2mG2ZW0="}},"qyvhNjBVvK7QBeJphvwczjIwHFb7xtuxsNz93mov6QE=":{"valueMac":{"type":"Buffer","data":"KV+NcVwmSLaPkC0mDhmq81sjlPEsLkDydqV469Od1VE="}},"q0vjbtzflW6npXJtDkjG9HCkeoTXIEX66DZab60eBa0=":{"valueMac":{"type":"Buffer","data":"bRwXSBurXr332R86Dvpy2pXzzJbpz8HgpjKDUG7EVjA="}},"q/YG48nrVfiiPEupnfNpvZIposc5zNezMYQmhauNfgE=":{"valueMac":{"type":"Buffer","data":"JtmSFVULyA0haI8zvxEqZwT01wHrGCyIkUTs19wKKrM="}},"rQhiG9lSK3x/vGyCxjeifp0qoKRQq/JNIP0Hv4ymMU4=":{"valueMac":{"type":"Buffer","data":"UAajO+4bUtEBMAf4cuMgzZfLdyK+lfZ892TZPmgXIgs="}},"rRhrDPSGLGCj8g5xrdXVHrQ8rqMrpStB3DiNG3ELxvU=":{"valueMac":{"type":"Buffer","data":"d/rosKc3UPzxVoxISfzyKRlt5xJNv9Ad4LRwi/Pva0A="}},"rXAMnHOuD//+ScTULTrPPwCWqNzMWsH6PXSE3+rXi/o=":{"valueMac":{"type":"Buffer","data":"r9YWOI/8nOecMVodLY7WGCqd6NKZTQwWoVJEXxwhjPY="}},"rX43R5N7kMbj97u34m45vJg3Hy8L+0aW7MnP9/6tc70=":{"valueMac":{"type":"Buffer","data":"g4E02AZN+fWQ76hjfGjysQg7lBIA6aFRj2CwcPMXJFQ="}},"rYHaZDBzfGNKvKPPMdwvoxch2NyC+pa3Kl6dhpkL6NY=":{"valueMac":{"type":"Buffer","data":"5P1LGGpx3kZ2vRMkNb37tzylQSE0lNequ7hLmP/NqMs="}},"rbU3+XMo4KxCnE8iCgI1zXFKK2ahS8ZsZICvkEm/bLA=":{"valueMac":{"type":"Buffer","data":"pgyFSYufgsv6O/4xGrCPBwi1ymTkb8rO/S4nhmPUnUI="}},"rexkjEo/kOSh9aM3q2hBog401Es3xibvAm/12/ceIgk=":{"valueMac":{"type":"Buffer","data":"wcpve4zvp8udg39uq9GtlHqph+TCvdrNssZr7yh++J4="}},"rk4IOajKR+iqrmB3ZYgNZNTdQzlKEVG0X+ybj1LXoT4=":{"valueMac":{"type":"Buffer","data":"p9y6H62l/hCm2EmSjnAXrdH71RreaSmqOEN/miFVPnw="}},"rx8nMAGrSLv/NTuuvZfbKjUUtLI0ssXW5GlUJnoywF4=":{"valueMac":{"type":"Buffer","data":"4hw0osko1SvG9AQxpmIwXI8vvdrWFkQNffmb/ghYxVs="}},"r1X+x7IgdLF/VAp6BePSHi3frLyKirh4KNntQj13ynk=":{"valueMac":{"type":"Buffer","data":"H9Nm9wEQYw6OjzKLTKT6dpyJDUrmRFnwFTkabRVEEYw="}},"sD4orXLQ29o+aWyvqGTkoi0OY4CgP91lwmoDH+znjDE=":{"valueMac":{"type":"Buffer","data":"PL4RihO6V6/CGwSqIr5upQOzKvQvFFNGLNbm3UHDdbg="}},"sG5ijighf5VyhQ5p+MvFIEZP/2sryM6CF4kx67ZdE7E=":{"valueMac":{"type":"Buffer","data":"0WbZjjwPX6tQR2sMkvlAsRUMMp0rrdPP+5adHwRDDEE="}},"sOBaW/Wt5ZIuFk5aufRydMh8EHjduIYkcYYRogBtxmI=":{"valueMac":{"type":"Buffer","data":"NgJgfA8/M8f3RHot+WaHd/IR2dqo4lJMLjyfJYjR/5o="}},"sbM8XujWDqH5Ps/cghbrJqW3Ge7o5ZsK5odKc3k5c3g=":{"valueMac":{"type":"Buffer","data":"fjhBT21CDq2Zx2JXZ4cgtfEO8hFca9B157RTN0w2+m4="}},"seEGEZjr5/bzDMucFgojoqAVcPJKeS4U8gD8e7v2tB0=":{"valueMac":{"type":"Buffer","data":"8LkdxWOYZ5AMnYtESD77O8yKuVklacKtJYZ2chkmo74="}},"sjoAIt/lerCXXnOzcbl0SyRWa8wNrEJ/TEgeA0x8pio=":{"valueMac":{"type":"Buffer","data":"pGMt6B/Ns4LC9D6a7n9TLEHcEH1cGH1RyEdwcdObehE="}},"smIar/jVgCVyg54EzqXHkYf+urVJeu6BmBBy7kkqCa8=":{"valueMac":{"type":"Buffer","data":"YUzZ+6JtKasMTSCgt/WcmQ8KkjUvVW4Ion/Cw/VzFgA="}},"squOOLSrBPAWpW41/y8/uXDnIdxnfSqF9hEVEmbrj1Q=":{"valueMac":{"type":"Buffer","data":"NLicB88JqepDofutReFzzuQsmJvSoaaehgIP5L8Uajc="}},"sunJmPjmlewMf4KQmroPTvQAmDLzjn2VOmo6oP7LJMI=":{"valueMac":{"type":"Buffer","data":"5aQBKD0m1n0/2RqMb5LG63ClPYugSBs/y3kDPm+XaKY="}},"tBWJUjsMxf0L6Si4MG4+JyjVlII8HAx2bbbuS83LUuQ=":{"valueMac":{"type":"Buffer","data":"QV5IXW8wmJ+QSL65UdawBtDPngnB3atzQbgE9Wmqur0="}},"tDltOoOaaS4QxFZXrNSJdFobMqgOpOm2q4xpwXybHmw=":{"valueMac":{"type":"Buffer","data":"7FMMzmVSDA3nmOgCnXS03jjway5CrLSzRHD/v4FDeD4="}},"tFditLeFlfThE9dfno0E/LJ+HgK8UW9aTYNYW5/gFBg=":{"valueMac":{"type":"Buffer","data":"yyKH7P8uoedq7u6lJJr9O3o8PtVpviwHFL1TOFNVoVc="}},"tGaPIGMNrBEsTU+kmk6+L/+bf5pHR2FJkSKT4yvNmFs=":{"valueMac":{"type":"Buffer","data":"fyHLQFWZMRUOFChNSC+V0yV3IDgTASqEhQG0Eh8gqTU="}},"tLqlQ84z6wPyF/d65pDaLOrXgF9naosT0IIPlrZGfUs=":{"valueMac":{"type":"Buffer","data":"Mn6kFBvBbCRPnK2Stpl5JPW/Tx7gAAzoWga9o9G9ZVk="}},"tOBPtvqnp6aU03CJtRj6hVZxtd5VCNGjJq0TcKdnbN4=":{"valueMac":{"type":"Buffer","data":"9GwPeXi4mjH2KtwYSuWCsMlqzuytZEETCJ6343vaQKA="}},"tPpBF5FpiH/1kEcP0psvqQbRxfVB0sXswHf8FyLMbxI=":{"valueMac":{"type":"Buffer","data":"Wbx3YtYFmc8MPwphqOywyHe9yMIJuHPvNOejNOMo1ns="}},"tSZFyPu6xvjVIr+of/YDO391eFQ6USsoIwxuzz0eD+E=":{"valueMac":{"type":"Buffer","data":"3RzczS+h0ejpjJTNwZ/pzLT4ZIjqVl1ihs7w4I7dhCE="}},"tUCQ0BZuAAAiWilqfXFxWgTw0WmQDZIYk2z3MfqraEc=":{"valueMac":{"type":"Buffer","data":"nTheIbrHbZDmfcPQgGAma9c8EECfrG7ZLqzMa2fnyMA="}},"twMeZx1nAGXE5+79gDuXJquCtw7McSoVSEkHT1QG1AU=":{"valueMac":{"type":"Buffer","data":"5QY6WVNzaUJEz9vP11KQTX7NDuTinB0aZQ+xNd370O4="}},"uCrm9ZY1lT+7eQHPM7dMaAk+/nz5IkwnCcKldCAEDFE=":{"valueMac":{"type":"Buffer","data":"4t3DS5EWR5EuVigLWjWWgS+qIW3BGRdbEyLsx1rO30I="}},"uHS3AtDsEisgwuknWoyby5ABTCw3rkLURrjiUTiTrWc=":{"valueMac":{"type":"Buffer","data":"ZQYit13QKbmFGtG6vqH7FJXmYyhjWAZMdTh4c0bsA/g="}},"uH8u6vbDbaNoc43hYOGqxIhWFdRvElxF1F4N3f9d5r4=":{"valueMac":{"type":"Buffer","data":"roMA251hxOVbBiU34gIMHRG048sJT8Rgt4Tq3c/ffIs="}},"uPM+9t9T2TUoulUpGqZjZ83/taqyR+s5nIg7rhmFtww=":{"valueMac":{"type":"Buffer","data":"IVKjp8D0oXmBVNUTsgbaYcygdRP3RjuC9O9RmI/tJ2U="}},"uPU9ql72bdv+U5CrE4kHgD5v8ceRNJRhRFQuzxN+eVQ=":{"valueMac":{"type":"Buffer","data":"YG+GpKVcBzrHiiGbWLIZL+w4YHfzeSD0drXOiepYBFc="}},"uPnbjbVN0RJcIdwM0nwkC4Ks0+5sPDEUmfinyVGzIcU=":{"valueMac":{"type":"Buffer","data":"wJmvn3O8wUYiUxkKJS3ahvfsyGcjauFP3K3wyPAn/sI="}},"ugn/n+hLknYQIcm1Hih/Xe+DFxIreXxzu6hBiz+D22Q=":{"valueMac":{"type":"Buffer","data":"HLMrIl+mRYmwsZZ6jUcH9hfn+zYP+m6qnDPZ5x7Ucsw="}},"uhYRZVEhohz8Yo4TJn1yxacWPwl1pFQrfX74zzyWou4=":{"valueMac":{"type":"Buffer","data":"PqyiQaMoAJH4B3nibg0StCG/1h9A6lOUjPppTwfu0GM="}},"urRa88lbjnVtcsx/wsthcbCeoVtInrpQjusUPPVhtyU=":{"valueMac":{"type":"Buffer","data":"t4v6LQS2qw8VGEFcdSDKaycUrUMedrravN1zQ6XUjq8="}},"uu11HYuRNIMMZVni+3ZSF2Ya2mCIIS5uLiaLtyzR0J0=":{"valueMac":{"type":"Buffer","data":"F/6jcX3FNYhtsQGLzmI5UYLiNC51KdibmRJnqMp1tAo="}},"uzTWQoYd9qE533+ckDZdknArAKeIhqFKnUWo2V7TGc8=":{"valueMac":{"type":"Buffer","data":"xAl+1F7rJxZRn3Nk9Sxeo9qTOtkb1q9oEeDE1SnUaTc="}},"u1Uo61eYGQmNgyLnJ4MSZ1iNPCvmQkolTa/k2RS7xPE=":{"valueMac":{"type":"Buffer","data":"4jLDCDwA0hN1Yj3DaTB6H/2m9Ktcmlegse3gTVE8Znc="}},"u9QC8WDC/4vyMmpHpg/K+MX1oU5LfH8kwfm/PziHDi4=":{"valueMac":{"type":"Buffer","data":"5E6qeTFjQu3OsC3xfxU+D/OM0/l+OBre6wgFIu/+kz0="}},"vGaOJYM1ydvOKD77dCCmPbIx43UHV7Woygu9ufs5dqA=":{"valueMac":{"type":"Buffer","data":"LO+VCFhgkVdXJC4YZuH3v2DALhETEERAuluX3KkBx+k="}},"vIUvw6M3us0buB3sINj8qYhQtDSGwsz2A6dZE7GdtLo=":{"valueMac":{"type":"Buffer","data":"Z2Jxg3wwkt/WTFL6yRyuJAE5SAoqBKOo3jWfRcjHJ40="}},"vcYM1we/286WFtuMlA8g1WxS+eC3fBvmOkiLp51l+q0=":{"valueMac":{"type":"Buffer","data":"VCXWCaHC19qd4vwGhCCViR0NBylPbv4eaygStgxlrmg="}},"vgxX+14uBnnWDSXONZkomm+GVnapJGakq1DEr5v8jp0=":{"valueMac":{"type":"Buffer","data":"QpjVPa2pF1+UAOcf+eoTp9z7U7Zam48PDgQbOX28R/A="}},"vj4IokU3//hKpexGIIjXdkTHyMtg8JTSu2flXZq+Gq8=":{"valueMac":{"type":"Buffer","data":"SB7f60tbybqv/cklU8ooo84ChTkDUq+4s7jdvuM1o9I="}},"vlkzrBFWiR55vY9gubmEhEfo6tmPJLkNyHTWeGc5ni8=":{"valueMac":{"type":"Buffer","data":"K8Pt43d4rfaaXdz1emnuWaNhQVBMRpQ9Wnmb48jTwGU="}},"vvFoM4HxvrpmM5Fe+6o9QMdFwq8oCnzaWwEw3B50BMM=":{"valueMac":{"type":"Buffer","data":"dZvF9KtN5q20/inHPSfZv4+TKp9kEiTRqHHU4Ip9KA4="}},"vxUAmSHATzjPcnt5Ov4E57qDen4NU7IHPJDreVey46I=":{"valueMac":{"type":"Buffer","data":"VBcz8QdutKJlYMf3CX9P54cm+lY4twAu1KColRfQrgY="}},"wCEi8HaEQQGU/+GBDsb8yhtOE1UGi3f33SnW9Ekrma0=":{"valueMac":{"type":"Buffer","data":"ZLcLjKtNlM9t3dC4+fSTuFajCN4GEb/y+xzKEmU/d58="}},"wExFcfQ/3GDp2KrtTTgq42Y+NqX9J2PDdGg0+TazZcg=":{"valueMac":{"type":"Buffer","data":"mEvjH71PpKGQFb/W8uYyRjm+qSKMQx9x6MX5mX+9ask="}},"wMKH0MVrG6LDjZItmYsv+83ZUp0R38glrKoN0Qql8y0=":{"valueMac":{"type":"Buffer","data":"1SH5IoejbJsItjdoYcex8xfCG7yWo1lbJ/jcWqh0msc="}},"wPNLDNv72ydJXHV6LbEpSUEEQBNXNJBGOeDZZqV6hTU=":{"valueMac":{"type":"Buffer","data":"h0d6DwlyQ/VYTBubIh8+zGc97WvHljs+ZCvXAc0BMkk="}},"waIiGpbXDso4C2RGUvwL3GP45Kmo8gXsM0S7T7842tk=":{"valueMac":{"type":"Buffer","data":"W8YFtLKuZQ9NEl4h+Be5kGyq6EaT4tZOWgBphIrLwlk="}},"wgiGBTP4c9GoxjYcC3l/gDaNTWVoh2JEmmgW4e5mBWY=":{"valueMac":{"type":"Buffer","data":"EIoaRA0lCsSI7dGyoUVqZR66M3rzwBoTHzmwnnstbic="}},"wnkojiroj9EG6Tq59hr0LkX7t0AmaudRlSkkcwc2T8U=":{"valueMac":{"type":"Buffer","data":"Qwr0O5ytJFy5xdfpWRkvYetyJpe00QTpfjd1nKY0ypY="}},"w1dgp4LHz6PQTQ+i7CD/fICtO2HH4ihMoWHlCwm9jzk=":{"valueMac":{"type":"Buffer","data":"qqWzC+rX8qYmiQOOsmcyjjUt7KH6QFtF/khanS2g9UI="}},"w/YWBAlwvUqQPXtDmUtslnGoCYUuothFm6QDGfkmPTo=":{"valueMac":{"type":"Buffer","data":"k0fgTliPy8waxJP4xVcdP+NhUA2xbVeYRDok0SPY2ps="}},"xPyvRPB5EPV2GITUgXMGvF/lNvplR8g2IeQjimJApjA=":{"valueMac":{"type":"Buffer","data":"lpCXudXwlZS1ViddzOEymEOC+DtYIg89/SLd1tWvd4w="}},"xeXHiCZekxbPXhTXK1HY5AeK+Iz8FnHRxw4Tgm2Mp0Q=":{"valueMac":{"type":"Buffer","data":"2Ykza9qT0kYOCMspxpxibywAU7lOrPtwxGSuEooLZGc="}},"xmQ6bDRsQCzMVD1M9FKg7Yl/qbXu3Kg/yk6Vf7aEKCg=":{"valueMac":{"type":"Buffer","data":"uW2vFnJAQNPATXiDovrOnVUubjMuVwJjsCsdoeXxjTI="}},"xyP9kaHRwVD0feUUD/1n4c7c2lk261faHl3c9dwrimA=":{"valueMac":{"type":"Buffer","data":"87F2uMAP5l6nabcMSmQZrY4Od0PxFwIK/EOb/8F9oQE="}},"x0aE2cVm3917Ou2Huc1tjMTTNtv1YLjdNLbmL3AYlgc=":{"valueMac":{"type":"Buffer","data":"TbaPajbHttMIFn1ZlH2ATEAsTZrMUvnI1T9hmc+/QDk="}},"x/1bzW41y5fyDGHY7bqpTefxmbJtjUAdEN/kQ2dbgEI=":{"valueMac":{"type":"Buffer","data":"iIj1dwrV2nHEQuKLzY3uA14CCodlQ2RxpyiqyKoIo7o="}},"x/2O4/uu6kbieBTpJmKedR6n3MqJrIDpSZzqnNDQY4w=":{"valueMac":{"type":"Buffer","data":"9vpLuXbZgKDF3xFIRImRr858N+kb0wubpNOe0GRjciw="}},"yC+4ay+ypn8tSHe4TZdKuTdpkjTJNJ0ZCJ6oJGpHmyU=":{"valueMac":{"type":"Buffer","data":"q2VVar7yNO8SQhJ0Ggqhz8eg/Zy5dvFLwEqfYbUutPo="}},"yPGkKKbAKF3m3Heuu3UNgZqeEqyikYIzF7TrG25Os2U=":{"valueMac":{"type":"Buffer","data":"cslwNYyI5C3C6cyIGh3mLd35+x1yiFooURhqLHJMXzM="}},"yRKBjbGn2ANgujX2wDL8Nad2ehQ5ce/SARqveEDEEyc=":{"valueMac":{"type":"Buffer","data":"S2MXKJZSXwasjpRMVc5i0RPiqkjq9kti92Eg8U+c/ro="}},"ydIq6wXF7CMwh5CqiamqIx+WdsN0c2tH2hizs9VQNSw=":{"valueMac":{"type":"Buffer","data":"tznthvYVfNpCrR73fwGtvQls9H3eJndMK0dME3npIl8="}},"yfaXCx7WrLlh5wyBEEN00ke4K1gMSZZj1Mb8M2nsrYc=":{"valueMac":{"type":"Buffer","data":"J48LbheGrle3mX0PD4cJ+OZt7e1t6xRjLJAb6Pbrw14="}},"yypbTdpdit49wyg29sg0jyp/c287p11QBLRPto/3MWY=":{"valueMac":{"type":"Buffer","data":"u+rU9hSRecmm6RUCHrK2hSoSodl3fAqZV4NzVFXUKmI="}},"yzTuLRGdTn4vp8xAm6Tq9RmJLI2VXTzBnFbSctux7K0=":{"valueMac":{"type":"Buffer","data":"bhSt4QrfGFGRlVq9q719B/9iiDZUl0oR/Eae/SJbLlo="}},"zC0DTmP5BsxTfog4yoIqdnCxE9Eq3SzSeFPwRy5Zsz8=":{"valueMac":{"type":"Buffer","data":"vRpDfXq3erPpiqCP5j0aE25vFpkYnmJBYV7Nca8w5q8="}},"zIPnLFu0cT3qQzn//1M8iIVQgA4pgyuliP/zvxIZN4c=":{"valueMac":{"type":"Buffer","data":"vkLzAfTdcV9M9n2iKnvoBc8HilvrvlCtvYcxKvpNBOI="}},"zKzbgCQzbhx/h9QmOhMpi/dpVd5w3LTdfievJhWSVQY=":{"valueMac":{"type":"Buffer","data":"GeyECyJwCUgyqGdZsla02Ozj8m6A+zbZ3Oq69BQIudg="}},"zK53imp5ffUXeVgziZOGhj1Rn515kSFyavRkTk3Vqyo=":{"valueMac":{"type":"Buffer","data":"sp3vXgZhmLGhvzGn3Wn33lwB+Q0iOJMnu7OIdoZOmk8="}},"zNJDQezG3Rb+if/LM6uXesUwt1ZDeuCT0ViYhrYnb9Q=":{"valueMac":{"type":"Buffer","data":"RSVLniYhZngwjWIPCgSoDnEbqMHqvvF6xzxE4yPhJbc="}},"zUoU74rIrMJ+tlaJGBsmJSV6VeY4ufydKOaCuSYXbGM=":{"valueMac":{"type":"Buffer","data":"RTlx3wtcnjO27Ind5FNudZLP0bKkHuf+bF/bBpsttLE="}},"zaMUzK3iJiPosnxHQl5pzltuETh8pQKdTLTYx2mp1SU=":{"valueMac":{"type":"Buffer","data":"1zCDwat1jMIUeojnvHx1uLre2TFyHtGBk0NWr4Jqf4k="}},"zaeTGGZKkG1p5MbqhDWPrTcvlVUvv4qSXy26Yb/yHxE=":{"valueMac":{"type":"Buffer","data":"EY52+kAPmMwdGESjjCPRUVYTl7X9QJnohwbdbmvH2XI="}},"zi6PMayGuwPbRv9I+/ba+03kYTywaZyz58LBOQN4bwc=":{"valueMac":{"type":"Buffer","data":"fLumKC1qg9by82NWkymQ0Pl3O5Ac9Y3xUIv+u/yJpCo="}},"zmOwiD7AG/Vwzeo3hp4xgSkp1Nhqt/YVo+4dyZmqh5k=":{"valueMac":{"type":"Buffer","data":"FMnBjnG94YCMTXiqWWgqjeQoxzGbXuA0uuHdAoMhACQ="}},"zm2Tpodtf32uvqoMNtGqO4zC8cNUYEetaiw2tpcleOE=":{"valueMac":{"type":"Buffer","data":"JNM1gqv2KvSY2luByof3S2KF/dJ+tjN3SFBqicPiur4="}},"z3PC96gS9xDA4D5y0ooXm/wgFrj7SIlRUlq3gKjCeO0=":{"valueMac":{"type":"Buffer","data":"nQlmYAzmTMcqm7I4CuSiRPd2hDQzp1qjcaKP9fDY4wg="}},"z5SiAjzIBeb5hB3gnTLl9A8IJ7Fp6NVP+uktgVXqfec=":{"valueMac":{"type":"Buffer","data":"R7KwNg5NL3ugl5cvmFX2uV4T5OtqUq9EV/8WPaphlVY="}},"z8+w0WaZh4IW+13yTanW/xEFgPSY3li3VuyBMuqR4pw=":{"valueMac":{"type":"Buffer","data":"if2NK13cba0LZoCakgK3RNNErr2lJk/LRdPAt3xHZso="}},"z9TYw5ZAsS1yAnxewXa44jlWXD8m791ZlYsPEJZ56KM=":{"valueMac":{"type":"Buffer","data":"/mDjTxbnoHx/gQ2RzQY7dELyA759hHa7LM1dTmBwQhU="}},"0DLxH/lJiKhqCRU16LZZf57PBVI1rb4oqwTuZpMxjkA=":{"valueMac":{"type":"Buffer","data":"5y4UBp17CrjX+QGMI4cL9Rpjv8vT0JvnGm5L2NTG/wU="}},"0DdXvpqPaoxABiOJ6ikPRg920HoSPaE9owu8+15Fziw=":{"valueMac":{"type":"Buffer","data":"0qr/bmX6uMkQa0FELsmyIoHv3yCjI72lSkR39rCI2cQ="}},"0EqJdisIwOtjEinkD+wavuLe7wpBwC1K94DcO3Nc988=":{"valueMac":{"type":"Buffer","data":"KWNFoeV0BY+mMf8yPA/fNnxwyPoeKC4/aHzGvcrE6EA="}},"0LSjkp6IW7PTGBXFHCUTDaw8cYhMMJKHylrgWC8RiCA=":{"valueMac":{"type":"Buffer","data":"ne319N30yE+pW02qJDi9Qom6kEM5tTLEWbfc8aZO20c="}},"0M0uFxhMIYzov98ollsxcjlfe3gLyAXIbdtVihgdkOk=":{"valueMac":{"type":"Buffer","data":"wj//BZMNCSPE4nMHwRJuolgwIuPQ+fKH1mwPmOi6guI="}},"0PbY8bK7qu99Mcs5vOJoZp+hFoW9PcOFTD+qnmhnZxM=":{"valueMac":{"type":"Buffer","data":"PIRMm3109E5xBbU4x2IEm+fE7dNmLkX7c4T09EfcYFQ="}},"0WIEJuVVYhCbN7UapXplI3o/oY9qIdrADQZopqduDS0=":{"valueMac":{"type":"Buffer","data":"rUtMtD+qY0xaON7IC5z8LRbFMpU0A4LpU9K/2E5BEyI="}},"0XcEKX2k78oz3xfLvYkuh68OLmDWYA/ajA+0kaPJ2c8=":{"valueMac":{"type":"Buffer","data":"1nu7ILopmnkSINVAay/Frr6yxngRDn94tbWdD9NaH+k="}},"0g9yWTZxzHUYLRk3hICx5se1knnxbU+6/KH9gnb7qxc=":{"valueMac":{"type":"Buffer","data":"ZEX8dS7ZZ7vEc3eMAsR+6YsdxAuZCZ2p3NckCa5Eqgk="}},"0hML5x7P1h0F30RJAbYcM6x8WNBGby0XFu8buUBeMV8=":{"valueMac":{"type":"Buffer","data":"GH/NJquM4q16JmyITwYAXsISv2ORfGbz6/OZ8fyE6PA="}},"0lk8itNo+xfK7E3GxlB/CSD6ju+U0mc+wQMqyfzDHOA=":{"valueMac":{"type":"Buffer","data":"FDxeC9AbukTy+DlG/lU68FknY/jmh0jAN774h1R3oz4="}},"1DIvs2EX0Ctdry24EX6QepbSGGbwjXgI4zQr+CuvvAY=":{"valueMac":{"type":"Buffer","data":"VscOul43vb67O1SxHejbICMt1DyLEUn9ARbRzYrd7tc="}},"1T43EKYuS3LmLJ8wptexNr2tA1T9O9XM+5vkMtiMudQ=":{"valueMac":{"type":"Buffer","data":"ntqnhU1oa0A0h6ZPkj+asOLaX/gaiD3RtrJuhtyZRFQ="}},"1dW0wQiGnczWWXGWzq1nqIvvz59FWVJxQMyPKpOtynM=":{"valueMac":{"type":"Buffer","data":"VdPsdFA3oordqYdWYRnSrjKM6IjfssxSmDpIH8ZL6Is="}},"1lsYI7/6cgZPZuscTYmdppFS/0NWwFizZ7u3Bczktcc=":{"valueMac":{"type":"Buffer","data":"E2Ex6I5uiPF9HHNn1Kxg/tKsqgJxMmJEMI7F6zWU2lY="}},"1swyhIivWD+fVNTNuZYQhaMY7JdTwao7C9nBSKGt6Lc=":{"valueMac":{"type":"Buffer","data":"b9TM2NVuvVkpbCDZbaPW85kexbSlYYWI5Eeg+mskWro="}},"1ugjm6LTDwRgcVvXqIaO8dQEBSyU2foZaUnQOonUnLE=":{"valueMac":{"type":"Buffer","data":"K0Mofec1SWXtEjob3lj+yn1GAsCVcbDQgH+H3CaZNFY="}},"1uqiOYOHVqKkzFtvssH5xnv3ob2CUvtTLA/VMag1ezo=":{"valueMac":{"type":"Buffer","data":"+4dt3YYJ1R2SAQkGO72cIyPYOmjQ56B/boDJWqeCypI="}},"1u6+TWxSbvm8JtxCFYgX8nmzPBm5gCQwGV+Qw49NQqs=":{"valueMac":{"type":"Buffer","data":"YOB7buhXQcKRNWXzZMw5KU60dZHiCLpLtXaoooCAjO0="}},"1vYA65alpqkvTqprYtRacCkLkCnZh5MsW+s2xMlF2lg=":{"valueMac":{"type":"Buffer","data":"KwcikLG5CeRV3ExbXWOWvmf98xWDma1GSaAKnNSkWM0="}},"14Cofg8Gj72QhBTw3CLSRZjuj0KCT/QXNNbZhO1Y5Zk=":{"valueMac":{"type":"Buffer","data":"/I/KyZZKDNv1gXc/IK37pEuGZcjY/2+IjCmz+CtERIo="}},"14ydjTKpDNtb0uo13O4kYe0FvxmsyGV7O2MNEswcAI0=":{"valueMac":{"type":"Buffer","data":"9HLoWtE6jIPRWwKOOhd25BwRZITQw+/gc2NNQMjZ7I4="}},"2FGlMJ+i23om0SFuQjYnT+Zk9UQ89HU3a/iA+TBzmjE=":{"valueMac":{"type":"Buffer","data":"VIWSXi7Gdq02qufTruddGFGXPxQMvQ0xi8NYc5C1ItI="}},"2HhBCnIWJy241zL/PgvoEM84YdRUIKw/puaiWRes5s0=":{"valueMac":{"type":"Buffer","data":"s3iMyz8m0nmfJ+F2Gp1E2dQTYFjlO7Tm8PhpH+5KHHo="}},"2It+tc4M5AaLvxiq5hEJiRGB9t6HgtEropNGKFNT6m0=":{"valueMac":{"type":"Buffer","data":"15Zz/qPmeNeqnp8FAvoHXhEpoP1XCkti0kfCYKmGZqk="}},"2TKbfrzH8ZrUMb0oPaRvS8PqPMJftOXBsvGhyDLWzH8=":{"valueMac":{"type":"Buffer","data":"pbGhkSMaqVxYMAK7c8mxaFMOQ6I06vVlc4cqQfMZO6Y="}},"2XYmy868ZmYGhjuLQ3HVicVqyrZ/QHtkgtgKMxnhEDQ=":{"valueMac":{"type":"Buffer","data":"th6dFwVhAr63TWHl++cVzPPGUCKv+PVsHyaSB+yVLJg="}},"2p+l0vZQiROLbznM+8782m35sYVSPhgYZzTZt6o3KEc=":{"valueMac":{"type":"Buffer","data":"bpT6ReOrfgeLFHyi7cvyd8U21O93Pj6rKDDO3ahr4p0="}},"2tKiDapUgbCeRTS1MZ9fTKaPQBrDex7cifA27pPGj4k=":{"valueMac":{"type":"Buffer","data":"ook52926ZqFNY6+EW8tcuMJFNgGuAlRXLt7kUtKlUbg="}},"2zRC4rZylfB9NRtrzpDqpsjjENizyUNpFQe4lqyya2o=":{"valueMac":{"type":"Buffer","data":"5QzZ99lLAIAubsispKtEqof/QvGb/lf6PJAdnxpkADs="}},"2140kSNXeIvzfz7T/A1YUIXDxIDXUKo64W+BR48U+Qw=":{"valueMac":{"type":"Buffer","data":"0o9aHzZNAArQyyMYKYQKkJto2nDI5B9iFgAEs6W3+G0="}},"27+JfNKLjDPvZ/p0jcSoOwyZh9GEuwHMc74Re+4jbjE=":{"valueMac":{"type":"Buffer","data":"MM/uVVTVCzEZOLx8GUgqacq89cMleZGYnCEX8IMOMbM="}},"3RXUh1sV3hPalfQ7sNPS8nTk8K61XMd5tS1UjjuxNtI=":{"valueMac":{"type":"Buffer","data":"D+nIpJZ8TabWfyJR+p4UqDSaYu/WuOOVC34vgPhicnw="}},"3bFeM4wZnoCxt3ZD5BY7wvWxHEy6IkyD93Fv9Og3K/A=":{"valueMac":{"type":"Buffer","data":"fXQadAAI1ck1j84s4j0FSpwKAygVaHVnlIZccz3bNgQ="}},"3clFxhju1kzIE2oxOmPapJE196tBHgqKEAtoNnG7fvQ=":{"valueMac":{"type":"Buffer","data":"k8IfQvAwCv/6RrSFPjAORdtCT1UCXEfzYG3G5qAaEg4="}},"3ejXW/yrxPHw0baJk/0g6l7Xe/KCLDtfFnEfXbPxA2g=":{"valueMac":{"type":"Buffer","data":"lFTBj6pGrpO08hAW0JU0Vc/YMR1dlH2Pt8rkSGNwOkY="}},"3qlSq27Xu2CUzjEI9iL5yZiVAiR7ygtfDCJRdh6wRQs=":{"valueMac":{"type":"Buffer","data":"aLYnjhTzaSS8l6XyEK9P/irriJ73WmvyGkT5tefIrl4="}},"3uB2uI9FqXx1bOhZGdoen7j1cnbWRV8P7uxzFBxqQ+0=":{"valueMac":{"type":"Buffer","data":"dYXMk2y+j+pdkIpccFaqUluh5GffUQugs2Qy2RJxNaU="}},"3ypv4mTVDRKFI/vr14btDPyJfYx3z9INHhe6jwfDUiY=":{"valueMac":{"type":"Buffer","data":"oAAlpI+jo+a/xvS2QKRhLRASTFWDezChsCt0uzUxz5w="}},"36tKUOFob6ykrTdsCemwNV201L3G0NubZyRE5zXMgOk=":{"valueMac":{"type":"Buffer","data":"MXx3co7i2Ie+MG8PdBZ3PrNgeUaJQAtwstjM/VYK+lc="}},"3658LzowaYpKB+qFfGCfDiElWRgO2bc7Nthy5k09mBU=":{"valueMac":{"type":"Buffer","data":"/xh5NELsmYbXiYWRwkGQHBI3Fvd0BSEoqY+eA4/56HQ="}},"39IYJtzRtmPx6Xvv1sfg6xoNAqNj52dmp7WpcQIJzCY=":{"valueMac":{"type":"Buffer","data":"UBHWM1USF8l8nV91UaUjk0CGpw25X4mJECiJY0IUH1s="}},"4GFve2B69PG2VhLcpq3QmIAEfebTlIuKSgcg73K7V7g=":{"valueMac":{"type":"Buffer","data":"bYdojYvlmOM1dTRvhh8/b8yADqUSh0kTRImZKVKfcr8="}},"4H/9fLXY9UyzQehWGfvvaPf6y5ltBQqwGfev3Lqo46k=":{"valueMac":{"type":"Buffer","data":"r4K04GGgD5u3GTSkJFnIyfec+IWw565x+hC9NLyFZzw="}},"4J4LtHAc2ByrlbpHBGBustPJwiNRVQkQ19B6VOgdcyg=":{"valueMac":{"type":"Buffer","data":"0/h1uED5drQ2ag+LbszliP2lt1izc6l79bOIwWxp74c="}},"4QpOacK2wjwkaCRc58n1S7gUrjm571A1cgQD20JcmDM=":{"valueMac":{"type":"Buffer","data":"nhsGxRybU2MYJptcmJBfI4qlHyZEIF3Jcnq7dxyiKQI="}},"4SE7W/+jVaFNZ19b6OQKiaiQU8xqmeFntqiB9UYzeuY=":{"valueMac":{"type":"Buffer","data":"D37CueOr7z0kEBlJ42v5UfUok5uxxNVH21nMWUkcdTQ="}},"4VMiIpvfUMpVGO8DnPKvsZnSH3y6qVhHuy38869IKGc=":{"valueMac":{"type":"Buffer","data":"NjTWVhZ8eK8pBKIuA8lJSoYZgiGIiuv9t6+uxdF7q2Y="}},"4gsg8eHNopEY7J0mii0Ys+RYKqOywdIlEfdLrdWEhd8=":{"valueMac":{"type":"Buffer","data":"kRHzDxBf4QoWwlidxoEsx4syvziQkDJMJ3QjKHLr0kc="}},"4gxFMRTLGACM7E1sg0vIga/eLa7C3XuXPb10YKRmRBA=":{"valueMac":{"type":"Buffer","data":"r7zufrkOaw/BZR+mFDkLzx82L36M6qqpgncEny3nYw8="}},"4iBBEKNKc17hzhybStQUJuPoLkUHE/kOj+G3mNIgO4U=":{"valueMac":{"type":"Buffer","data":"Nx+u1o4eO3uPgpHPqOVdrKJv1E002KLkpmQEKVJjQn4="}},"4lH2vgAtS2Jcl3tLlV3cfhnkDLxZLigxVUlL1TY6/qo=":{"valueMac":{"type":"Buffer","data":"JE1P52zkGE0cU18xLkfUbIzmepes2tibt5zlouuJcew="}},"4sp80UWaXBYfL0z/MMvSM9jnQB7/PhE2iIpRjMRXUKI=":{"valueMac":{"type":"Buffer","data":"MdLk6yISzYq6oFr05gFSUEgPZuTfm2XbYH6pfnw/SQk="}},"4sy7Ko5Adljy1OboR2foGY61PWtOXeHlNhIpVTVgxQY=":{"valueMac":{"type":"Buffer","data":"IQevfao3y/uzazskCxDyZhJJYtxS/E53G9gSgi4nec4="}},"4x2nyUjYN9z+UsyCbA1BHgcZ/UfIDXUpNIRgb9Aidco=":{"valueMac":{"type":"Buffer","data":"Od172W3PEAzPHun63k/03Cexx2jmKIONpcWx+WWWzaA="}},"40JmMOaXXCLgFJKJMwtpEUFZX+ToN0Sc/4oVQ6hnJP8=":{"valueMac":{"type":"Buffer","data":"29D2w6yJoC+026gWCP6s4uKLeixzPHyV+FqdC1c9KSU="}},"44DbAxFqAmplJLbL5/yQuySV1rFYuLFz8i+z5bEZX8g=":{"valueMac":{"type":"Buffer","data":"eJ0DQrpdkI+CEfxf+Px9BeR7hye3rI3acKpUqY6HMdQ="}},"4+7SB3dRuURQGXJBFUTUDZ6PinKtMYyPlAw5PHvA4Q0=":{"valueMac":{"type":"Buffer","data":"D9yOYi0nq02pdMlPEEv/C7pqLnc/jGkBsrDsEfDDLg4="}},"5GIejzFWFv/DqBVC8YiB8FFek6aJqVwC8zLcJapHhys=":{"valueMac":{"type":"Buffer","data":"rIN/f32S74NKuV2Jp/NgUIhVUmoYap1IGSc8QqTMPeg="}},"5T1AdagkcvebphlPjgShlglnUDV5PfQmEykZ7xqVamE=":{"valueMac":{"type":"Buffer","data":"V0+v4kH9TSJV1VkVDqZfNQktiuKIi4rxSNdGT1C53Mw="}},"5VrWCbn/Msb8eiR51duOJTaXv+rTDWNKw1s5Go3Lq/0=":{"valueMac":{"type":"Buffer","data":"WFbYWmgc1P31Pm0xtEq9fg3G1IDpPlmhFWZqU0i53IY="}},"5V/SNgV0bFczbWUTVI5J98DGeO96rzHKzoLcJIL/Uz8=":{"valueMac":{"type":"Buffer","data":"KJhyzUyRNCjxXttSuQahDpzLMk5FlU80arvTea+K0x0="}},"5XmTg8jWNSGBv9GA/uaYsI2FVplyQcjmJ5oz2dB70DU=":{"valueMac":{"type":"Buffer","data":"yQSmIn6ZUYY66lS9owuBNxjDvpkgpRT8ZQjxDY7BSu4="}},"5X11M6lSMJ76bLZu1ySuYSGb7xYKPBB5tsuJrfREJy8=":{"valueMac":{"type":"Buffer","data":"KklMaHbknyaEXSBOyAAUJ+qLcZNzPJpjC2AAKjPbIOQ="}},"5dklMHmJGi3ZPCG091zb4olzShJvUtp+fefDrI5nZmM=":{"valueMac":{"type":"Buffer","data":"rObG1fD4uanRoxYkY+oHoIT56aQHJUlOH9H6I27guz0="}},"5kk58hGV9Teknob/hFPMt+QsBCxL7CLoifuyTe4mttc=":{"valueMac":{"type":"Buffer","data":"zgSvY+WydlxyxmFn+ClR0HsE4n69EOl59PkqqbgO1wU="}},"5pXf4p3rILg2g0Bozl44nEsVOYaqFP1W5xcxYJgg+fc=":{"valueMac":{"type":"Buffer","data":"l0mbKPn+b3wwBMdB369kCIyDI+e0Lbca4Tn0olr7QDc="}},"5t3CiXo4D3pIAcoous3vGmhQ95zJifRK1EE5e9q3u+Q=":{"valueMac":{"type":"Buffer","data":"6roxjc1PUvhMj8jHagUvO7+rjLCJCmbTRJ0019E5m7g="}},"5ufXbXmp1DvGWOv9PUsl36yOWBi65+ThINvRG12rHVM=":{"valueMac":{"type":"Buffer","data":"rMwlBJZyMGrO7g86pTv/G/ZnK1TLxuyTfePNGajvhzc="}},"5zbMAQTr2aMHuDY+Trbi0wQyYHYKvtkZ8Lfrs5bVkzY=":{"valueMac":{"type":"Buffer","data":"HeNLwZ/DKc8TiuHBv22MbbqMUJrEeP8fdTUBmOxkMXk="}},"52X/rWGkp5wAjBLWRsfOgFq/Z47aYTTJ8uSsiJHODiE=":{"valueMac":{"type":"Buffer","data":"jhH6C46PHhCz7fOzLzWatWR6ucy41aclN/aankQaDBA="}},"588w0NTZZYXPdOrTG0OoDd5sSascDlb891nd9BJTfVM=":{"valueMac":{"type":"Buffer","data":"Y0vPJA/x4XslZuZXTaOeOvUANhvNF7ZwqaNPhM5wNn4="}},"6BaF8IOufAbn4jO7yG4dXlZESvHRve64s9f+CSRqclg=":{"valueMac":{"type":"Buffer","data":"D2qBBI2gDWmeVgyCUA5WtMTnyYjEB/FIViZ+/GJ5gdw="}},"6SYvqMWw/0vmmsgYfpkM9/PnPwGP/HQrjOk/1p0/YfI=":{"valueMac":{"type":"Buffer","data":"ybVIELxgyG/3qzSM8zjebdHEYs3SV3Vgc/d17RbziNw="}},"6XixdTuM6HIKyuCrWt3Y4lE/jE4fH4OwcDwc4JNUYis=":{"valueMac":{"type":"Buffer","data":"O8g0ncVlIlk+Q3rnfUcwFGp0ehZRXeb/RQd3Im9okhI="}},"6XrgLEh2+jR/DWCgiXMGyi9xt1nysgZH3EENzp302Fg=":{"valueMac":{"type":"Buffer","data":"IghzcxWNQc6FK3GXQpIAMPOaO3iWymjHAoHI0Z/3V0o="}},"6ZEoYS05s2BOpkcRJ+x8P5N6Slm5j5KgaaImk2Piayo=":{"valueMac":{"type":"Buffer","data":"/w0bzPVQWgxnOJVEPgPBTkzJUxW2bxeT5DAQKXAPZxk="}},"6bT+MuzB7Le1KZMJ43YKxKQzn90/y1haWdSFRrPnaxQ=":{"valueMac":{"type":"Buffer","data":"tME4sUKsnTVYXZU9blBuWFSS0MND6vFvLqvlc+vSzKw="}},"6f5f4Eoa6KzgQ9KIA7GeKb8bONbbVmMGI6D3+cnk8tI=":{"valueMac":{"type":"Buffer","data":"8Zg3PnuzxtQ5pz4b7MPpybM4ov/VCVbQqfT5S3boZIE="}},"62QpAdouw4hVwgZXvg1vDzN5cASxCJUIO9hZbDZEsMc=":{"valueMac":{"type":"Buffer","data":"DymQ66kdT5hncFflHWdCekC42lEvimwnikOhatAaUnk="}},"637bzd1Ts4rDir/T3+NaJSd4QQDolVVl4WRRzQKBLMM=":{"valueMac":{"type":"Buffer","data":"hGGRrW1/AhRB6to7PyDZZazVCXhQowL/+mgMFeAqN1I="}},"7XPzJPAGBHB7CfBj+5rMr8L0eBJIvNn4O46hYUZZ3FQ=":{"valueMac":{"type":"Buffer","data":"H4MqIMIbwbp3FhaRUZvbGu5xJ540HTEprYpAjJIT1sM="}},"7fNzQ9FWchylFzwAsfjY9ZEEcuU5MXvvIHbt7ZjmLGk=":{"valueMac":{"type":"Buffer","data":"KdV/pHiI3H6u4eCcoowZtFZmTuumRC20n9pqOU00J4Q="}},"7fe7ITZ1e7X0F4o5/5ng9OwRpzXTjiNBM7yywbWhpE0=":{"valueMac":{"type":"Buffer","data":"OHa3WUcJov+UbVd9UowM6GVKiexUtocpaW8ux6ACcEQ="}},"7kNFX6blLrsQr3lQ+12FbIWGodbaPCRpu2/5Ztjpjak=":{"valueMac":{"type":"Buffer","data":"kfNzbNpt3bMmFOU8hLtGZlNwreIPotQujbbKANKsGjo="}},"7k7208ols2O79OEJIe1ZfWevKkeLOVoMyHdfabFFBLY=":{"valueMac":{"type":"Buffer","data":"bQ1lvIyykgyPceUtCmedMpR8UZAtsZQQ6hXTwCuY+bo="}},"7lMudTlpsE/GJz1OBJDTWZXRXri7aNThbPFr8MZiLyM=":{"valueMac":{"type":"Buffer","data":"iHBs10V4GucuSnXx4XqPqcq+SsWUlKJhSVUzt2LF28c="}},"7pbEUWFkjPyP9nxDXAWftg4sYtnPLGeSN3W1quWhZp0=":{"valueMac":{"type":"Buffer","data":"xjihEXywjtMWuNRZQ+l3q2NTYKe5FLePjMEgDNZGlOg="}},"7rDp0+kiMmytZHBqbpQzPIYul7VsUQfTV6hBYNo3kpc=":{"valueMac":{"type":"Buffer","data":"AqY/D6NC0BVZgt/OI1/PyglBVX/aPuf+sBvKZt7YQSQ="}},"7spq12epsdCKlhsq5Lk+qVDy8ySJiGJnIX9HUDrmLMU=":{"valueMac":{"type":"Buffer","data":"7kyq8Yh/fKrPG4TQEtVshQ0DR5QZj4Pj9cPhmT/22lA="}},"7td5aNO75t7JP84LxJPs1UpEFrT7HvQ1RUPUxbk6xV0=":{"valueMac":{"type":"Buffer","data":"fHT/sNL66XPaFGj4TkvEAT5AgnWE4gmtvBdN/QxJVIg="}},"74bO9Tias03zvzEvHvZy4YeFuptmYFE+ugRNYxboOMw=":{"valueMac":{"type":"Buffer","data":"hi+u/CuRaHedBvR0axUD4ho4fXpdn6JgZeVdl9EkSXg="}},"8Eks+Cued1MKYMZT49th3SJBVNk7Z+GEq0WY102b2Jg=":{"valueMac":{"type":"Buffer","data":"SL9GIi6tGVv8Kdguff3pVnzWtMZvRaDi2qoEXyo2KNI="}},"8E0DAcJh7dn7oagcfLNGKFNrUdLPqB95OpUgWxQPHdE=":{"valueMac":{"type":"Buffer","data":"/f9xWOSmoXcU45NeC2b83O+2y72RV2mVmcd8d9Fh+Ig="}},"8I6bdWlaFvXuashzpiGFpm1sIonEIDUa1D9/wJmkyhU=":{"valueMac":{"type":"Buffer","data":"bjSSxMJtRQwm7qAg0uiJf+WLv9haTjusXi3V3HN1DoM="}},"8KoxAVUryIGt+QHHLTYs5U0d8it0GVVQdVlBPdDYmZU=":{"valueMac":{"type":"Buffer","data":"sYX0FdytydL0m8GDYGRJLQC9YQzWQ5drHVsaTgg3FI8="}},"8RcV/TzD70OGPHRqa9LsyNVro6FN4lDbkOSeeDEOsAk=":{"valueMac":{"type":"Buffer","data":"c8Rm8YIt+hynMzva2h1Ay9XpJTNBfj64p+SKKkenIXA="}},"8Uf47X8B1DGNADLkWJSIp35zJxtGw5TZFET7iqgw+Hg=":{"valueMac":{"type":"Buffer","data":"Xc4Iw2ZGyjo50q44QAIDn6bQLi2u+SV3G6/7kRuj2b0="}},"8ZNVugTCSdIyBwMtI0KG9tp+jjt//Ehm37r6jSwSZdc=":{"valueMac":{"type":"Buffer","data":"jUB0DgQV3CSB+esblbKTJLDNtVt9h6XxzVha8WtwEys="}},"8nr0CKUQQByQJtIJT8sddMnDUdvgd4/xzix25PT2nG8=":{"valueMac":{"type":"Buffer","data":"Rcwfi1PZ0IjK8snIVdd/qwfQhgZLpu346eOi88PLroc="}},"8xLOahl9tJghrfqD80Ki6eYszqZaQZNyWDqofLgEBTs=":{"valueMac":{"type":"Buffer","data":"ZXF5dV7qX5yV/iBKAzUr1SefqC10r/PM/igKMuUio04="}},"84HUn2WJ14S6q3woR3RqR0JTgeUUjef4UnsjTz4Dm8o=":{"valueMac":{"type":"Buffer","data":"NbhKE7No+leqqy7kCQJNrYBHQgNMoiIz3LOIDKY71v0="}},"868/NjWwLHGERNCuqk8AzlBKOzf3R9lQLxgo671YJA0=":{"valueMac":{"type":"Buffer","data":"GRK2pB5O3buI/1rXAkCAhfruWkqlAfIAgc9Gm4PJ4/g="}},"9AGn0nSCVC5sW4+kD6w6VO0V8V17zaIXMaN+TB32/3Y=":{"valueMac":{"type":"Buffer","data":"5BTmbv8MqUKwRShi+jUraVW2hPtDvYPuQVwtHLB+Y+8="}},"9BSFPeLeV+rjOBBXa05tITgrZjDJlOmLP7pqpZkki0o=":{"valueMac":{"type":"Buffer","data":"ByYgFqfeg0BU7q50yo2TnwPS8ErnYgk8+a2Tph0eDMk="}},"9EwjFMyXin7Rv0Kix9bs1yoBn4hZEJbj+tiC5LLxJp4=":{"valueMac":{"type":"Buffer","data":"nyPLfjP227ixlya6KGBW/FWLI/KEIxFlMV5c72Jc6Ys="}},"9FnEvUHIs3PF4BvaVhrMkFzyXBaJ1o7gHUQTDYT2f6k=":{"valueMac":{"type":"Buffer","data":"dumJLsP9pvlrULRXocsA8vo7IBvEa0UxguZLZjRdUKo="}},"9RQ5pRf+JPeAsklE+NXpjDYrEoi2RSqVuZNhy8jNY1Q=":{"valueMac":{"type":"Buffer","data":"aUGJmMEuGY6K4xKW1MakY6axZtKFHbQSkRrmZ9FHf14="}},"9YJ0XIHrQPJuGlhPZaC4Dwe11qVbDAg+2cAmKkhTMTE=":{"valueMac":{"type":"Buffer","data":"JgczxSELtdWcHSsTUCyQFiuzRP/W2bY3ONhif96aOBo="}},"9ZoS/HGhE3RETPGTrnMKD64GCxR6B60z2aT+eNqdqPA=":{"valueMac":{"type":"Buffer","data":"Y2qW4noW1103zmnuZs+Spi/OMtGmb5afcKxeT/YjnPY="}},"9ik7VyMvvFPI9L0RM09IxojrUq2r4q7+IFet/Y8Gt0g=":{"valueMac":{"type":"Buffer","data":"IjQWYODHBCR8RFkiqPU+i9Pjn+GsEIawFbW13qtgKDA="}},"9s+aZnafivAcPEH80zsR7FDoVjHEh2FLztK2UYknudU=":{"valueMac":{"type":"Buffer","data":"sljRjFbhSGEfGcin4MkBIjKThwKcyP1i1qkv0/VuNrY="}},"947pUuHXQ6Hteoalw+IDtwxGzAf4G74KtDMRuMSDjQw=":{"valueMac":{"type":"Buffer","data":"evLHUI2dg9qQcOAP9+gnmXZPxdx+wFbIoVMdM2GbMAI="}},"+Au4y3OWWw3AyOP75CoD1lEecB3C6Um/oNlzo4GIxMA=":{"valueMac":{"type":"Buffer","data":"pjnBmaoD4YC29y07KucJpCLcrqIrVZ/vJIVaXOVFoRw="}},"+Ha3gYjtPkWz1dMMabn/J8opNj6syxSmCKMCFGWMCYs=":{"valueMac":{"type":"Buffer","data":"Js05evixIBQ8ULbT6/OFc1X5fo4qRLovBx18bEiC5pg="}},"+Hhairvj1UudIiKc9SiKBLeiGW3p0dAmZx+egOIutJw=":{"valueMac":{"type":"Buffer","data":"ouNUZc+KX2nKKQYxQ9sUZQTOBAbAl1J7QAz6pB6KnNI="}},"+M/pfPd+6OVyMDi8ko77yJg7xRbOG8njcKr1Xvb6tEU=":{"valueMac":{"type":"Buffer","data":"Z50/Jhb7ZhEZxLi05o205eIof4xtoKRTg19aE1PJp4w="}},"+aBYGpFwnx+wPJGCr9FbraeXHMQnPSl9rged3AaQyUE=":{"valueMac":{"type":"Buffer","data":"WuEaCqRvZXIZCE/bc9KtMfSBRqoxxjjotXT1F32CS8E="}},"+cgoDgdQDohXt6us3qYgVAhayItZOJ1F/4yPSZI4w2A=":{"valueMac":{"type":"Buffer","data":"BkwhIRagK0RznyMOMSfl3XkTgddyn8vYgV1Mr4v57Cs="}},"+h1Ptai1IputT8GLeXu1tgGMEbpTXCYYi/0wyexrYEk=":{"valueMac":{"type":"Buffer","data":"cItc9qB+OCMFN6hB/eyhQZdtVtXvmvSS2mwjSgTfw3U="}},"+k/McsY23bwmcmSO3DKr/wPI2szsCjb0Xqfx3drzIlI=":{"valueMac":{"type":"Buffer","data":"M223ZYfqWQpVYMYj3VmOCBj/bJO5WdK37EwmQY2f2v4="}},"+nvOfZr8X9DlzVkMuKZax/Y/z3+JZXHVf67sjS4HSGM=":{"valueMac":{"type":"Buffer","data":"ekEcOYZL/VP3tBuuCOSjkHOygw/U7SXDg2oo9rDHZUQ="}},"+qclGoIptzY4zfFk/mZadnUgMQp0fi0T/gjzWkRdQhU=":{"valueMac":{"type":"Buffer","data":"lpqTeHrjTUREf78Vu4WvOUBILWIDdLd1f676IBeL5lI="}},"+xIFJaBTBjROzLGszY6irQu6nE3HuOUJlESV/qDOCfI=":{"valueMac":{"type":"Buffer","data":"F63D3EfOcwUww4yZ28dUKix733WHvJGABCrMTa6r0iY="}},"+2bxylZLU6B6pn7QnO1GF6/4OK6HzfSNh0RuOuDXCCw=":{"valueMac":{"type":"Buffer","data":"CbRLHTe+qwg8WMSWLzoTSFPHHEn+xVlTrAR1yO9/Y3Q="}},"+7UwyvAxBhvXO6X6xzdTsVKPBX6RY9NN+eRlsibghys=":{"valueMac":{"type":"Buffer","data":"iMaf69KbNlqFGrB7aRqkHpEL2nZXVZQIqsBWZUDjrW8="}},"+/Gi2SPALX4tuC963mNLehETeQqWtNVbtNHMiKmylEI=":{"valueMac":{"type":"Buffer","data":"FCJ8mK6/0cc6RJVAthjsKhnKaVHfIbW7aUMUl4Ps2gI="}},"/BVY78XjknRIPWexSYDVs5IPNr+VmLo95VNXv0+Jxi0=":{"valueMac":{"type":"Buffer","data":"qmM2+D0LkCmKQC2qXDB5ouv12560TkFil/b6oRKxgQQ="}},"/E5Wb+JZGIv5FC2FBfVcm6JMVCtlA0CTZKyAoSHOHQg=":{"valueMac":{"type":"Buffer","data":"gIBavcmKJZvw9T4fjpfmdSU8iQx5GLHqGEYzED0TiuM="}},"/HYyuB9C5/pL2VC5w8nfG7W1KmO5/2ufrrJHyUx6kMs=":{"valueMac":{"type":"Buffer","data":"c+kL/3WS3DfmVUArllbEzCAPb2fKclrpfnC/B7Ft7pI="}},"/Lr2vEoSSzFAo1qhizPIs7rHjWztn1k9+Ij3Uyl/YLw=":{"valueMac":{"type":"Buffer","data":"+2uKiEVGl6UqRyX795X9WOg1A/Xur76uxA72L2esh4U="}},"/SfCCKJQqvxhCAghmC+F2P5piR+tSMX3OA4oAamlCJ8=":{"valueMac":{"type":"Buffer","data":"EopSb1pgvlWcVJR+fLLoXIXVx9EtvkjeBKwH/RVVKcY="}},"/XGbXIzA7WoC/5qQrfZ3MISQ/af2/NiZ0dchinXcyVY=":{"valueMac":{"type":"Buffer","data":"M5L/JVGIxS5hPXcNlNDHmp7TLIOEpAHrCiBOW0MXX20="}},"/dMk7evaxVNpRkIyfaK5TIRYOnRJHA1jtGEGn560LI4=":{"valueMac":{"type":"Buffer","data":"II9TNmzq9i9fvfBR+uM0aaSQumaV0HpGYdDS/Yh/e7Y="}},"/nmHcK8K2hnQn2TS9FKGVKlRGiUZICema2f3hlppRps=":{"valueMac":{"type":"Buffer","data":"XNQNEKT1dpeDhu9CdPKDdxhyN8Pd6uUU+UMWFcfRaTQ="}},"/wVZ8eRLp1aJDgIqtHFG0ugkDT0zxIF9euVrTcmfVOc=":{"valueMac":{"type":"Buffer","data":"kkDLTlD7TDuBEM+2lCfEJQViafrhVQJxgfD92Szt09o="}},"/zcyQF/TvPAS+O86AweMUEX+QWNuq8f66Ovy/U3i+KE=":{"valueMac":{"type":"Buffer","data":"OTc3yvCXxaTe/A5K0j2OwR5mA1ZeCMy9u+9p0nVJN8I="}},"/3A77VEF8LD15Tq5bOisxFX3hQkvhvEhhWH9F402z4I=":{"valueMac":{"type":"Buffer","data":"HQAY/EeNLdEwcvgnRkUfr4g+B6pQKZu+2HzFXr7Y61Y="}},"/4WRdUJfEmlw+X2p905/6iwDpWOpId2/wWhrqdfzGnU=":{"valueMac":{"type":"Buffer","data":"O2QzM4VVHAKqBk5/RSDEURLLgkHoof5887y218oiWNU="}},"/5dWEbEUxAQ8LYjEKUvSvSz5iXfmwJ5TXbtbqUzr+po=":{"valueMac":{"type":"Buffer","data":"QHhbMwJy3C2gfh4gAiq/OCds+YVjNEkVN/tekaA4uUk="}},"/63jDUkOmcjOYcumL1U0Gyh+fqX/QrRIxtlKPcphcbE=":{"valueMac":{"type":"Buffer","data":"d+Z4mcusD0Mu0MR6FWZtqs3b0+JhjZNhzFGv2fMKYno="}},"/8iM6jjdwRMjUgodkkFIwLDd7OKW78obsqf63bYtKvY=":{"valueMac":{"type":"Buffer","data":"td/MR48l9siNnwhETE0NLrGGGqCzqGBFS2vDkwFfV+M="}},"CU4LFstW4qIkWN3gUnwIapB6MYRHxgiIvkA2L8DNOaQ=":{"valueMac":{"type":"Buffer","data":"h3s/06bLl7KuBu4+q13r8g2XzrmYloVKP6lU0rLJMEo="}},"rLYcWKcS7Y0My0uQy9F8tP0BZwveHSpHQy5C7+Y86W8=":{"valueMac":{"type":"Buffer","data":"vevsjlRKK1wFnvMfWqdSkjOSyS3IoRmis0nLUC+VTMo="}},"Z8sdCopOuHs74dmnB1jkFaLxEeSvxVY8BvU368cB2vw=":{"valueMac":{"type":"Buffer","data":"gtozeH8XJGuZ6dUqSku6HpqjefT61cuXOsUZAzPS2QI="}},"rC0Sh16YzBEzJ9qZdzaNgFfEs7bn+OGgRjKtNXrK8ww=":{"valueMac":{"type":"Buffer","data":"u2DOnKE/uZS/veUxLwlL7HArLkLLIM+1FK5M6xz+vb0="}},"HwofkWVbzFWuzPmvf7TNpdwRjQg+F63Py3H+M32Y/t4=":{"valueMac":{"type":"Buffer","data":"FqqWLQfX3q4EcgkzYjl8PfrD0N5E+9AbF2UwhlL7QVU="}},"zlzKvzU/2BZzgW0hto7b++2PHwwQdFSf/mMM9J/Zm90=":{"valueMac":{"type":"Buffer","data":"orRGdvSaBkpd1tax195Ns0atm1np4UhfhwuTwfnJA4M="}},"Z03svsQ8VpMIcprLdzl7vxEvvx12Blc4Gj1IM4GPGhY=":{"valueMac":{"type":"Buffer","data":"CxxJiTSmK9P0wqTCsR9TTPVqvezb/GYaJaeqgtbw5+Q="}},"xMhZSfaMQj4+PW2VRHKi4kgQHvzMDcLgrZa37ROeYlA=":{"valueMac":{"type":"Buffer","data":"RtmpNl1fN5F4m3o7J+7gz9OddI+DE6WFLEuH0NjAPhY="}},"m5ivt2Cg281ZdwlB/hMMe4oMKHeprw+OiW8DpZZWdmU=":{"valueMac":{"type":"Buffer","data":"oVaqP86zWivVlbe8wljCZVTYmllOi7+TQQtxKCeP6io="}},"HwGeiXYOcmyN758PP8fQsExufHtRvMcLYAn3VZtg74g=":{"valueMac":{"type":"Buffer","data":"b/Dvp26reog3wC1WeAmh0Q3/pvYNXoU0Kp+OybM33p0="}},"oNp67WPIrrJ2GiSdY5VBVF1MsgLmidsl+EXV3dME3qw=":{"valueMac":{"type":"Buffer","data":"VTvaATOrRCkROU1iquC2txQVq7iIenvslLZRjp6EZSE="}},"UFGsFa1Ku0iZ+EOaJ2cC9eV8kQdozyxa9bO9WJPKqi0=":{"valueMac":{"type":"Buffer","data":"J1o+YRmpKvcBWS+O6OkLU+7cLyN3r2sskKf8qFNBeM4="}},"AFxgtQDLYWOQGCxr9vsnfAXGoMFsLoJWdB4OEPhGNGs=":{"valueMac":{"type":"Buffer","data":"1K7YziPiWi/W7IlGLkyiDjOFEf/QmNpGBj2CHw3Ot18="}},"4YXz6Uz4XT5YfIaPbzSgsIAFrGPObuuTYpNFzk1la7o=":{"valueMac":{"type":"Buffer","data":"IJt8AAYTvKSM43yoLOgiq+jDdVitZxnnvjQeGIhZB20="}},"yRfD7R+a03Dmf/JMQbpalTHqcnNj313EspwefSjCTak=":{"valueMac":{"type":"Buffer","data":"P5BlduT4yxXLIdtaXjbNnQBeRAPwrSH4zZ2pf3zerNA="}},"+hJu62Q4x0DWgLyTcoOvtAaG9NicVRmIUrzG3q2P8ho=":{"valueMac":{"type":"Buffer","data":"GO50fv7jlu+AasyoA/odm88mo/sqvEcHaM60E3bLcW8="}},"XWGYaj0gsGZoonMe9EqONzm9u8H2uu2p1KJV+Nw4ddE=":{"valueMac":{"type":"Buffer","data":"NNbX4FhFhIlzhcRBCWOV4EEW9kOnkt24Tkkp7U4CoEI="}},"JQYnkhj5xSyQO+S9YzXgUZ4kjOBGLIRYp8BK5eLHW9c=":{"valueMac":{"type":"Buffer","data":"M6KSuK3PBYPoH+eMNUL3JCZQCd+ADIxQDqRPZCQJw7s="}},"nekeeq6fyzOmIBI/FAGvX4PLh/lIaOF8twXtmVB3bqw=":{"valueMac":{"type":"Buffer","data":"CRT3LguOU+2c/blAkT9DThLk/aTiM9hEHLI6RB51qQ0="}},"ayNc7bcBX17GTpbZAPQwysIc9LEO4iJMv0codyaeQqE=":{"valueMac":{"type":"Buffer","data":"F0otxHK5BDFs7sW64J7phRF7sMvUziTyeC7dXOGeKJA="}},"kCIN62PZJDJuuJ/FEMdx6jqACigGbMP+KY4QqGSt6Nw=":{"valueMac":{"type":"Buffer","data":"YInYfQZ9M6pvwVZCjoMekMltd4fICTwfnympMcDTneI="}},"XS/q5JlnNI7IHaylSFQxtu2XLpMHiV+Vy5wBLNDxaso=":{"valueMac":{"type":"Buffer","data":"SpxqsAHnooI0JqWAtUDuTwz639OEwe2poXdxF4PJCFs="}},"e5BuPM77Ful88DyJVZt3rfnm0OJ5a6Ip1knNrpH3090=":{"valueMac":{"type":"Buffer","data":"aTI8sl6qu2YJ5ax9i6AMUzGfww7DWCQOqUF1prdEw48="}}}}