{"version":7,"hash":{"type":"Buffer","data":"CAbw33DbpNiqxp9R/vETSglATjGVhfRH1p5PNos2uqDzU2pNQX2lWxr5NHfjjAYwz7iU4z7F4RJ5qH/mtyLN+B4SpEsR8OXFjlHfXy316mya8Y7jNdrEpjsApxyfJfpXArbozEcMUsVKq0aovy3kx1URBClaPD65gP/Uum4j7+c="},"indexValueMap":{"uID1yEH31SGxp+0I9hSWR1TgIDHra6IkizpGxlr6hS0=":{"valueMac":{"type":"Buffer","data":"lH71pNrgO+SCcCRwLNRNLrGXSkEwlbNecyhWDqKeedQ="}},"JYRnuTmCK5oiMffgPQDbTh6jwFC181JnHy4hWAjxfy0=":{"valueMac":{"type":"Buffer","data":"LTNNe3GTtKVmHZYoGMLuMD6ygdenBdp/JyEGbjEyWGg="}}}}