{"noiseKey":{"private":{"type":"Buffer","data":"8CzMf1Iktu12w0uKhg8Ccrvcyyl9DQ5pqfbpRDZxp2M="},"public":{"type":"Buffer","data":"FsMITqGgofjmxI0+X71tLKqNvf6XFOvmiuuQbdgiVH4="}},"signedIdentityKey":{"private":{"type":"Buffer","data":"kNm5WebgesLlTjnAYLC/6NGnNhn49sTW/f+I1jLq8Wc="},"public":{"type":"Buffer","data":"0TF5Bh1CUm4/5h2UAxRCp141GSRWQNdcXx9fiiQg92s="}},"signedPreKey":{"keyPair":{"private":{"type":"Buffer","data":"YD6jnjD1ewiee6xDTMNK9SrLdqZ+ZXhvxjGpphk9JX8="},"public":{"type":"Buffer","data":"0CPXMbXIj45od2vrZz+PC0+MdDJDo7c/p2SOOM0PBBM="}},"signature":{"type":"Buffer","data":"h5YzRJk24Vq290om4kk1zH5lKBmpvEDrK9gnnGDpZL5bRu/sNZnBX4csk7H0ojI1HyzqNbMzExMRzF4S7kMtCw=="},"keyId":1},"registrationId":82,"advSecretKey":"sDbUX/kUW47F8smWvTklxzxXxtsy8gaaxMwY8iKso3M=","processedHistoryMessages":[{"key":{"remoteJid":"5521976430222@s.whatsapp.net","fromMe":true,"id":"3DDACA1627328101ECFE1F036D6F8586"},"messageTimestamp":1683926387},{"key":{"remoteJid":"5521976430222@s.whatsapp.net","fromMe":true,"id":"3BFEF0D2E93B73D2DDA89F7F700FEF03"},"messageTimestamp":1683926388}],"nextPreKeyId":92,"firstUnuploadedPreKeyId":92,"accountSettings":{"unarchiveChats":false},"account":{"details":"CNbwzaMBEOTa+qIGGAE=","accountSignatureKey":"pWfjmkkpDH/J+2qbQHhMGFmvPU2mTPRZPJqBkrplh18=","accountSignature":"aPwr/tQAwnLwoU4+eIX5mae8EmNup20+jbQ74N2VRHEmSU4S85ivTExFmfxbP62XcSlp6jLVfrvoBLdInGTwDg==","deviceSignature":"2kvOSFUIHaGsvpLKfVji3DBEfsf99WLYu3q5tu9BXQ9Djf7Cv4MqwVl0hsWn20Mb7pKxQBD22CUV0Vqg2oH6Dw=="},"me":{"id":"5521976430222:9@s.whatsapp.net","name":"</• 𝓡𝓸𝓰𝓮𝓻́𝓲𝓸 - ℛ𝑜𝑜𝒽 •/> 🏳️‍🌈"},"signalIdentities":[{"identifier":{"name":"5521976430222:9@s.whatsapp.net","deviceId":0},"identifierKey":{"type":"Buffer","data":"BaVn45pJKQx/yftqm0B4TBhZrz1Npkz0WTyagZK6ZYdf"}}],"platform":"android","lastAccountSyncTimestamp":1683926911,"myAppStateKeyId":"AAAAAAYk"}