[{"senderKeyId":879530157,"senderChainKey":{"iteration":4,"seed":"Ck/JubrHEjyjzS1l1qUzPzdpbvhIigS2R39i8380eDc="},"senderSigningKey":{"public":"BVoOKAjwSsIzcrxk1XYx3Ruf6BRDWoqd64wpaikgJFZ9"},"senderMessageKeys":[{}]},{"senderKeyId":879530157,"senderChainKey":{"iteration":2,"seed":"cdMoD0/ikf/eMJJR+T2c7nlmh7LjlipePQugLgyc5o4="},"senderSigningKey":{"public":"BVoOKAjwSsIzcrxk1XYx3Ruf6BRDWoqd64wpaikgJFZ9"},"senderMessageKeys":[]},{"senderKeyId":164344866,"senderChainKey":{"iteration":3,"seed":"EuvMOiyGpaagQYXtg/560s2jr44VmByy9wqHYJDrIS4="},"senderSigningKey":{"public":"BQ2mIZR7vh85QYPDZw+LZPCTaqxuZoqd32/wvIxWqbR7"},"senderMessageKeys":[]}]