[{"senderKeyId":1322295060,"senderChainKey":{"iteration":6,"seed":"oyt3WaITl8J2dpfsv3hufYF92pEVq4aGcB4/txdfP0M="},"senderSigningKey":{"public":"BSS4B9sQpTnry7MvO0v55Ux6810SUAmkpN/61BYATUkv"},"senderMessageKeys":[]},{"senderKeyId":1322295060,"senderChainKey":{"iteration":8,"seed":"mIiV97yp/l4Fgts34QUlh9OebH15isZKLTHumCR5MWE="},"senderSigningKey":{"public":"BSS4B9sQpTnry7MvO0v55Ux6810SUAmkpN/61BYATUkv"},"senderMessageKeys":[]},{"senderKeyId":1322295060,"senderChainKey":{"iteration":8,"seed":"mIiV97yp/l4Fgts34QUlh9OebH15isZKLTHumCR5MWE="},"senderSigningKey":{"public":"BSS4B9sQpTnry7MvO0v55Ux6810SUAmkpN/61BYATUkv"},"senderMessageKeys":[]},{"senderKeyId":1322295060,"senderChainKey":{"iteration":8,"seed":"mIiV97yp/l4Fgts34QUlh9OebH15isZKLTHumCR5MWE="},"senderSigningKey":{"public":"BSS4B9sQpTnry7MvO0v55Ux6810SUAmkpN/61BYATUkv"}}]