[{"senderKeyId":1577868185,"senderChainKey":{"iteration":14,"seed":"0cuq4saxmbrXhN6qj2gU0oT+Px1WGKqd0/eTvVXHxSE="},"senderSigningKey":{"public":"BVXwdSoGl/6yzaZtJZgC0AtmS96vy59usTeDnOKYKv92"},"senderMessageKeys":[{},{},{},{},{},{},{},{},{},{},{},{},{}]},{"senderKeyId":625291133,"senderChainKey":{"iteration":1,"seed":"/TDoOT/IoRaJ5pburRoHznMW6Y69R2xbelrjyP3uTsw="},"senderSigningKey":{"public":"BeuNdTt8P+pR542b0r3l+W2eVAVqa1uHCO9llGXatuw5"},"senderMessageKeys":[]},{"senderKeyId":625291133,"senderChainKey":{"iteration":10,"seed":"fXhc8tkk9EL3v8/5HetiZCn9ePp4+HM/3/OBFS986Lo="},"senderSigningKey":{"public":"BeuNdTt8P+pR542b0r3l+W2eVAVqa1uHCO9llGXatuw5"},"senderMessageKeys":[]},{"senderKeyId":625291133,"senderChainKey":{"iteration":10,"seed":"fXhc8tkk9EL3v8/5HetiZCn9ePp4+HM/3/OBFS986Lo="},"senderSigningKey":{"public":"BeuNdTt8P+pR542b0r3l+W2eVAVqa1uHCO9llGXatuw5"},"senderMessageKeys":[]},{"senderKeyId":625291133,"senderChainKey":{"iteration":10,"seed":"fXhc8tkk9EL3v8/5HetiZCn9ePp4+HM/3/OBFS986Lo="},"senderSigningKey":{"public":"BeuNdTt8P+pR542b0r3l+W2eVAVqa1uHCO9llGXatuw5"},"senderMessageKeys":[]},{"senderKeyId":625291133,"senderChainKey":{"iteration":10,"seed":"fXhc8tkk9EL3v8/5HetiZCn9ePp4+HM/3/OBFS986Lo="},"senderSigningKey":{"public":"BeuNdTt8P+pR542b0r3l+W2eVAVqa1uHCO9llGXatuw5"},"senderMessageKeys":[]},{"senderKeyId":625291133,"senderChainKey":{"iteration":10,"seed":"fXhc8tkk9EL3v8/5HetiZCn9ePp4+HM/3/OBFS986Lo="},"senderSigningKey":{"public":"BeuNdTt8P+pR542b0r3l+W2eVAVqa1uHCO9llGXatuw5"},"senderMessageKeys":[]},{"senderKeyId":625291133,"senderChainKey":{"iteration":10,"seed":"fXhc8tkk9EL3v8/5HetiZCn9ePp4+HM/3/OBFS986Lo="},"senderSigningKey":{"public":"BeuNdTt8P+pR542b0r3l+W2eVAVqa1uHCO9llGXatuw5"}}]