[{"senderKeyId":696028801,"senderChainKey":{"iteration":18,"seed":"wRvELvrsHjYsZw9gexnj328tzewzTMRR63sOWS9puFU="},"senderSigningKey":{"public":"BeQekV9sP5en1nyzF5l96k4FauOqgJNWhd7XNFZo+4Nm"},"senderMessageKeys":[{},{},{},{},{},{},{},{},{},{},{}]},{"senderKeyId":696028801,"senderChainKey":{"iteration":6,"seed":"QNrd12dkUVyvFnV8kshmcAM/J4uU/aMEvlraaSIW89Q="},"senderSigningKey":{"public":"BeQekV9sP5en1nyzF5l96k4FauOqgJNWhd7XNFZo+4Nm"},"senderMessageKeys":[]},{"senderKeyId":696028801,"senderChainKey":{"iteration":6,"seed":"QNrd12dkUVyvFnV8kshmcAM/J4uU/aMEvlraaSIW89Q="},"senderSigningKey":{"public":"BeQekV9sP5en1nyzF5l96k4FauOqgJNWhd7XNFZo+4Nm"},"senderMessageKeys":[]},{"senderKeyId":696028801,"senderChainKey":{"iteration":6,"seed":"QNrd12dkUVyvFnV8kshmcAM/J4uU/aMEvlraaSIW89Q="},"senderSigningKey":{"public":"BeQekV9sP5en1nyzF5l96k4FauOqgJNWhd7XNFZo+4Nm"},"senderMessageKeys":[]},{"senderKeyId":696028801,"senderChainKey":{"iteration":6,"seed":"QNrd12dkUVyvFnV8kshmcAM/J4uU/aMEvlraaSIW89Q="},"senderSigningKey":{"public":"BeQekV9sP5en1nyzF5l96k4FauOqgJNWhd7XNFZo+4Nm"},"senderMessageKeys":[]},{"senderKeyId":696028801,"senderChainKey":{"iteration":6,"seed":"QNrd12dkUVyvFnV8kshmcAM/J4uU/aMEvlraaSIW89Q="},"senderSigningKey":{"public":"BeQekV9sP5en1nyzF5l96k4FauOqgJNWhd7XNFZo+4Nm"},"senderMessageKeys":[]},{"senderKeyId":696028801,"senderChainKey":{"iteration":6,"seed":"QNrd12dkUVyvFnV8kshmcAM/J4uU/aMEvlraaSIW89Q="},"senderSigningKey":{"public":"BeQekV9sP5en1nyzF5l96k4FauOqgJNWhd7XNFZo+4Nm"},"senderMessageKeys":[]},{"senderKeyId":696028801,"senderChainKey":{"iteration":6,"seed":"QNrd12dkUVyvFnV8kshmcAM/J4uU/aMEvlraaSIW89Q="},"senderSigningKey":{"public":"BeQekV9sP5en1nyzF5l96k4FauOqgJNWhd7XNFZo+4Nm"},"senderMessageKeys":[]},{"senderKeyId":696028801,"senderChainKey":{"iteration":6,"seed":"QNrd12dkUVyvFnV8kshmcAM/J4uU/aMEvlraaSIW89Q="},"senderSigningKey":{"public":"BeQekV9sP5en1nyzF5l96k4FauOqgJNWhd7XNFZo+4Nm"},"senderMessageKeys":[]},{"senderKeyId":696028801,"senderChainKey":{"iteration":6,"seed":"QNrd12dkUVyvFnV8kshmcAM/J4uU/aMEvlraaSIW89Q="},"senderSigningKey":{"public":"BeQekV9sP5en1nyzF5l96k4FauOqgJNWhd7XNFZo+4Nm"},"senderMessageKeys":[]},{"senderKeyId":696028801,"senderChainKey":{"iteration":6,"seed":"QNrd12dkUVyvFnV8kshmcAM/J4uU/aMEvlraaSIW89Q="},"senderSigningKey":{"public":"BeQekV9sP5en1nyzF5l96k4FauOqgJNWhd7XNFZo+4Nm"},"senderMessageKeys":[]},{"senderKeyId":696028801,"senderChainKey":{"iteration":6,"seed":"QNrd12dkUVyvFnV8kshmcAM/J4uU/aMEvlraaSIW89Q="},"senderSigningKey":{"public":"BeQekV9sP5en1nyzF5l96k4FauOqgJNWhd7XNFZo+4Nm"},"senderMessageKeys":[]},{"senderKeyId":696028801,"senderChainKey":{"iteration":6,"seed":"QNrd12dkUVyvFnV8kshmcAM/J4uU/aMEvlraaSIW89Q="},"senderSigningKey":{"public":"BeQekV9sP5en1nyzF5l96k4FauOqgJNWhd7XNFZo+4Nm"},"senderMessageKeys":[]},{"senderKeyId":696028801,"senderChainKey":{"iteration":6,"seed":"QNrd12dkUVyvFnV8kshmcAM/J4uU/aMEvlraaSIW89Q="},"senderSigningKey":{"public":"BeQekV9sP5en1nyzF5l96k4FauOqgJNWhd7XNFZo+4Nm"},"senderMessageKeys":[]},{"senderKeyId":696028801,"senderChainKey":{"iteration":6,"seed":"QNrd12dkUVyvFnV8kshmcAM/J4uU/aMEvlraaSIW89Q="},"senderSigningKey":{"public":"BeQekV9sP5en1nyzF5l96k4FauOqgJNWhd7XNFZo+4Nm"},"senderMessageKeys":[]},{"senderKeyId":696028801,"senderChainKey":{"iteration":6,"seed":"QNrd12dkUVyvFnV8kshmcAM/J4uU/aMEvlraaSIW89Q="},"senderSigningKey":{"public":"BeQekV9sP5en1nyzF5l96k4FauOqgJNWhd7XNFZo+4Nm"},"senderMessageKeys":[]},{"senderKeyId":696028801,"senderChainKey":{"iteration":6,"seed":"QNrd12dkUVyvFnV8kshmcAM/J4uU/aMEvlraaSIW89Q="},"senderSigningKey":{"public":"BeQekV9sP5en1nyzF5l96k4FauOqgJNWhd7XNFZo+4Nm"},"senderMessageKeys":[]},{"senderKeyId":696028801,"senderChainKey":{"iteration":6,"seed":"QNrd12dkUVyvFnV8kshmcAM/J4uU/aMEvlraaSIW89Q="},"senderSigningKey":{"public":"BeQekV9sP5en1nyzF5l96k4FauOqgJNWhd7XNFZo+4Nm"},"senderMessageKeys":[]},{"senderKeyId":696028801,"senderChainKey":{"iteration":6,"seed":"QNrd12dkUVyvFnV8kshmcAM/J4uU/aMEvlraaSIW89Q="},"senderSigningKey":{"public":"BeQekV9sP5en1nyzF5l96k4FauOqgJNWhd7XNFZo+4Nm"},"senderMessageKeys":[]},{"senderKeyId":696028801,"senderChainKey":{"iteration":6,"seed":"QNrd12dkUVyvFnV8kshmcAM/J4uU/aMEvlraaSIW89Q="},"senderSigningKey":{"public":"BeQekV9sP5en1nyzF5l96k4FauOqgJNWhd7XNFZo+4Nm"},"senderMessageKeys":[]},{"senderKeyId":696028801,"senderChainKey":{"iteration":6,"seed":"QNrd12dkUVyvFnV8kshmcAM/J4uU/aMEvlraaSIW89Q="},"senderSigningKey":{"public":"BeQekV9sP5en1nyzF5l96k4FauOqgJNWhd7XNFZo+4Nm"},"senderMessageKeys":[]},{"senderKeyId":696028801,"senderChainKey":{"iteration":6,"seed":"QNrd12dkUVyvFnV8kshmcAM/J4uU/aMEvlraaSIW89Q="},"senderSigningKey":{"public":"BeQekV9sP5en1nyzF5l96k4FauOqgJNWhd7XNFZo+4Nm"},"senderMessageKeys":[]},{"senderKeyId":696028801,"senderChainKey":{"iteration":6,"seed":"QNrd12dkUVyvFnV8kshmcAM/J4uU/aMEvlraaSIW89Q="},"senderSigningKey":{"public":"BeQekV9sP5en1nyzF5l96k4FauOqgJNWhd7XNFZo+4Nm"},"senderMessageKeys":[]},{"senderKeyId":696028801,"senderChainKey":{"iteration":6,"seed":"QNrd12dkUVyvFnV8kshmcAM/J4uU/aMEvlraaSIW89Q="},"senderSigningKey":{"public":"BeQekV9sP5en1nyzF5l96k4FauOqgJNWhd7XNFZo+4Nm"},"senderMessageKeys":[]},{"senderKeyId":696028801,"senderChainKey":{"iteration":6,"seed":"QNrd12dkUVyvFnV8kshmcAM/J4uU/aMEvlraaSIW89Q="},"senderSigningKey":{"public":"BeQekV9sP5en1nyzF5l96k4FauOqgJNWhd7XNFZo+4Nm"},"senderMessageKeys":[]},{"senderKeyId":696028801,"senderChainKey":{"iteration":6,"seed":"QNrd12dkUVyvFnV8kshmcAM/J4uU/aMEvlraaSIW89Q="},"senderSigningKey":{"public":"BeQekV9sP5en1nyzF5l96k4FauOqgJNWhd7XNFZo+4Nm"},"senderMessageKeys":[]},{"senderKeyId":696028801,"senderChainKey":{"iteration":6,"seed":"QNrd12dkUVyvFnV8kshmcAM/J4uU/aMEvlraaSIW89Q="},"senderSigningKey":{"public":"BeQekV9sP5en1nyzF5l96k4FauOqgJNWhd7XNFZo+4Nm"},"senderMessageKeys":[]},{"senderKeyId":696028801,"senderChainKey":{"iteration":6,"seed":"QNrd12dkUVyvFnV8kshmcAM/J4uU/aMEvlraaSIW89Q="},"senderSigningKey":{"public":"BeQekV9sP5en1nyzF5l96k4FauOqgJNWhd7XNFZo+4Nm"},"senderMessageKeys":[]},{"senderKeyId":696028801,"senderChainKey":{"iteration":6,"seed":"QNrd12dkUVyvFnV8kshmcAM/J4uU/aMEvlraaSIW89Q="},"senderSigningKey":{"public":"BeQekV9sP5en1nyzF5l96k4FauOqgJNWhd7XNFZo+4Nm"},"senderMessageKeys":[]}]