[{"senderKeyId":1306326285,"senderChainKey":{"iteration":1,"seed":"DxJ9bJb0fQk88t7VjPqMMUx6dftbVoHHSyLJU/N144s="},"senderSigningKey":{"public":"BYKcWl7CR/4tqUJdIKsC9vEakPiDhNStsFyYsT7a8A8h"},"senderMessageKeys":[]},{"senderKeyId":1306326285,"senderChainKey":{"iteration":6,"seed":"lJHQuxDKpTZfczppcdcnmPuicqBIvSHudtG1t8K3/2w="},"senderSigningKey":{"public":"BYKcWl7CR/4tqUJdIKsC9vEakPiDhNStsFyYsT7a8A8h"},"senderMessageKeys":[]},{"senderKeyId":1306326285,"senderChainKey":{"iteration":6,"seed":"lJHQuxDKpTZfczppcdcnmPuicqBIvSHudtG1t8K3/2w="},"senderSigningKey":{"public":"BYKcWl7CR/4tqUJdIKsC9vEakPiDhNStsFyYsT7a8A8h"},"senderMessageKeys":[]},{"senderKeyId":1306326285,"senderChainKey":{"iteration":6,"seed":"lJHQuxDKpTZfczppcdcnmPuicqBIvSHudtG1t8K3/2w="},"senderSigningKey":{"public":"BYKcWl7CR/4tqUJdIKsC9vEakPiDhNStsFyYsT7a8A8h"},"senderMessageKeys":[]},{"senderKeyId":1306326285,"senderChainKey":{"iteration":6,"seed":"lJHQuxDKpTZfczppcdcnmPuicqBIvSHudtG1t8K3/2w="},"senderSigningKey":{"public":"BYKcWl7CR/4tqUJdIKsC9vEakPiDhNStsFyYsT7a8A8h"},"senderMessageKeys":[]},{"senderKeyId":1306326285,"senderChainKey":{"iteration":6,"seed":"lJHQuxDKpTZfczppcdcnmPuicqBIvSHudtG1t8K3/2w="},"senderSigningKey":{"public":"BYKcWl7CR/4tqUJdIKsC9vEakPiDhNStsFyYsT7a8A8h"}}]