{"_sessions":{"BWQzPIoiAfJ1KJ5kQqho0Ps9dhxKodN5B/29GUzwBHk8":{"registrationId":2013026501,"currentRatchet":{"ephemeralKeyPair":{"pubKey":"BRvFrnsq3UoLidp/5mbrB4BamjwTUBfqa7eXiiZ4rMIt","privKey":"YJkX/5AFxxZIr9QZxDmDPhimMTWpE3E5M5h/0ZSziGY="},"lastRemoteEphemeralKey":"BfdEjN9ky79NB9ObF/srJustFXsCilmKPCyipJCfYkM1","previousCounter":0,"rootKey":"SgGY3Gz4NXINvl/uBQSew8tveghJxdMzf8jawJ8q/rI="},"indexInfo":{"baseKey":"BWQzPIoiAfJ1KJ5kQqho0Ps9dhxKodN5B/29GUzwBHk8","baseKeyType":2,"closed":-1,"used":1683926597636,"created":1683926597636,"remoteIdentityKey":"BYuooXNQUcAbw/GPrSPazWOKSEURtvwztYlQQUU46NkU"},"_chains":{"BfdEjN9ky79NB9ObF/srJustFXsCilmKPCyipJCfYkM1":{"chainKey":{"counter":0,"key":"JFiloTAL36TIE8CiR4lZ+qXzYa2wDMJBEScPoG2Gy/A="},"chainType":2,"messageKeys":{}},"BRvFrnsq3UoLidp/5mbrB4BamjwTUBfqa7eXiiZ4rMIt":{"chainKey":{"counter":-1,"key":"7soR/V1B4h8jvm3gv2JA8bZ4qyP+3Zv3SCZVe3kR9Us="},"chainType":1,"messageKeys":{}}}}},"version":"v1"}