{"_sessions":{"BThfyCc2euLEnCfDXjavLkZsEUL3SLiC1xEdnu4TCXUJ":{"registrationId":1288486498,"currentRatchet":{"ephemeralKeyPair":{"pubKey":"BRRkkLaOM36lZAHBu+ZRGWwq0kvK/5TAbEZiH6Ie1ARN","privKey":"aDRDxGaLBSllT+typIhPcYf49pjfbABNdMZUrmw4PmM="},"lastRemoteEphemeralKey":"BcIjP89j0r+czR3zJYGRvZ7AVG3vkHe/ifVmDzwv1nlF","previousCounter":0,"rootKey":"4GnDcLBeY8IEkCWEtMahTPWOMqBqgQKiG2zN9ls3VHc="},"indexInfo":{"baseKey":"BThfyCc2euLEnCfDXjavLkZsEUL3SLiC1xEdnu4TCXUJ","baseKeyType":2,"closed":-1,"used":1683926604079,"created":1683926604079,"remoteIdentityKey":"BWIJ3619UwUk1t4c73hGPbjayz8dY3oEkKRM5O6eEz07"},"_chains":{"BcIjP89j0r+czR3zJYGRvZ7AVG3vkHe/ifVmDzwv1nlF":{"chainKey":{"counter":0,"key":"3Ji/9aRlvhVzu8TThjbLgYFBopdTHUEz+fUrLbKxZfU="},"chainType":2,"messageKeys":{}},"BRRkkLaOM36lZAHBu+ZRGWwq0kvK/5TAbEZiH6Ie1ARN":{"chainKey":{"counter":-1,"key":"SHMU/4omTHZB/PHdwA1mNCwAyu5AXhA5AQMrqkYIT38="},"chainType":1,"messageKeys":{}}}}},"version":"v1"}