{"_sessions":{"BW9Gh6Emb4LvyuA4zK9D8N3479l9FBWvyjCp0PwwmN0w":{"registrationId":1449225484,"currentRatchet":{"ephemeralKeyPair":{"pubKey":"BXGw0+K7tjtn1rZxtjxEAGqGO/Lh3Zp4mY2hp0ImuE1B","privKey":"eKpI/ceiOvXvsf0WEdhnDS54T4MRR9EPGvRxZrVMMVw="},"lastRemoteEphemeralKey":"BZ53Ovk0PA5wQniS9Z2X9rl5l8YJtWDhFJ6h+8SyEJY9","previousCounter":0,"rootKey":"3sVqcr3Glx3RKs0t/pcHxuiudBB6LSrd6LY0Tj5nEUA="},"indexInfo":{"baseKey":"BW9Gh6Emb4LvyuA4zK9D8N3479l9FBWvyjCp0PwwmN0w","baseKeyType":2,"closed":-1,"used":1683926600889,"created":1683926600889,"remoteIdentityKey":"BZ90VESWS/CTtZ4zjbrhk4OqR5NaMAfT+5QUSKlNePQV"},"_chains":{"BZ53Ovk0PA5wQniS9Z2X9rl5l8YJtWDhFJ6h+8SyEJY9":{"chainKey":{"counter":0,"key":"biRJ9cPcd9W73NsTbm6DD7RSl/JvuZVzWwgmcak0Da4="},"chainType":2,"messageKeys":{}},"BXGw0+K7tjtn1rZxtjxEAGqGO/Lh3Zp4mY2hp0ImuE1B":{"chainKey":{"counter":-1,"key":"ZuCawGLNtc8QYb4eIDlL7aRN/+zSpiSlezKEYPCjhVg="},"chainType":1,"messageKeys":{}}}}},"version":"v1"}