{"_sessions":{"BQFthma/uxMMwBHn/DE5n6I3PBAQsWw1ye6XZEyC+TtT":{"registrationId":1336946551,"currentRatchet":{"ephemeralKeyPair":{"pubKey":"BZ+YnPRchprBNByMoyr2n4I3YRu0NYdkDYIgxe/xjY1W","privKey":"WD8S5J52Y62tpU/1o8VSMUHuX8kSA9t+Ku1sevE2tV8="},"lastRemoteEphemeralKey":"BWFL6rB4s0ZQgg0SFQ5Gjc9kL4SJFjY7l6wJOdPB45NJ","previousCounter":0,"rootKey":"V/6yCVnl0XtfvP5cYluAvMTKWig+eSaBmuU6MW05qgg="},"indexInfo":{"baseKey":"BQFthma/uxMMwBHn/DE5n6I3PBAQsWw1ye6XZEyC+TtT","baseKeyType":2,"closed":-1,"used":1683926598456,"created":1683926598456,"remoteIdentityKey":"BUwB4JcwesGUyeXCR3wwSwP4le+dNC9ZuXKkTRxqUIoV"},"_chains":{"BWFL6rB4s0ZQgg0SFQ5Gjc9kL4SJFjY7l6wJOdPB45NJ":{"chainKey":{"counter":0,"key":"HfTIlJgOO9u/QRmBAtqp+GA79RB3CSxfcFb2sn8shsw="},"chainType":2,"messageKeys":{}},"BZ+YnPRchprBNByMoyr2n4I3YRu0NYdkDYIgxe/xjY1W":{"chainKey":{"counter":-1,"key":"21ZRr0jkYVl4OnLAAkrOv8fsn6Kkl0n7C4VhF3btE5k="},"chainType":1,"messageKeys":{}}}}},"version":"v1"}