{"_sessions":{"BZB4f7KENQirwJfeuL2JDhMxLJ/ojjRQBQeUw+6pYD0y":{"registrationId":2145767651,"currentRatchet":{"ephemeralKeyPair":{"pubKey":"BYKivlflcoKpu7xv7+Q48Ig/T+PFxnca1DwBaqHXRn54","privKey":"gMMxLKtwF3muaqzmSP34i/4CHlRvL2a2Vutf57EEp1M="},"lastRemoteEphemeralKey":"BRpwYJvjIpM5c/luyt3rDQAxzOj7x0fFNtMzZxDhlwgt","previousCounter":0,"rootKey":"PXz+/0mk2DYycf/WuLELX5jQRQKb6OAshVqkZbIzXFQ="},"indexInfo":{"baseKey":"BZB4f7KENQirwJfeuL2JDhMxLJ/ojjRQBQeUw+6pYD0y","baseKeyType":2,"closed":-1,"used":1683926602249,"created":1683926602249,"remoteIdentityKey":"BR5938UiW7if1MJVsAEEz7hCQV0L+udZPWiqHJrLDAA4"},"_chains":{"BRpwYJvjIpM5c/luyt3rDQAxzOj7x0fFNtMzZxDhlwgt":{"chainKey":{"counter":0,"key":"DznT5FfalhGOsOCn2M2WEF7VqmDwjg7rVTHd9shD3og="},"chainType":2,"messageKeys":{}},"BYKivlflcoKpu7xv7+Q48Ig/T+PFxnca1DwBaqHXRn54":{"chainKey":{"counter":-1,"key":"o91+ge0+JprT3fKepXKvjnucKxW1W3fGkMx0QdLmes0="},"chainType":1,"messageKeys":{}}}}},"version":"v1"}