{"_sessions":{"BQf6Sb/i8xSYUgDxsst3pCPMCuTFOTPOARuvbPS+u5h5":{"registrationId":608884489,"currentRatchet":{"ephemeralKeyPair":{"pubKey":"BbgFlIm/MiTApOQj24I8EVtqiqtDehFMFJOH7j0ocDwo","privKey":"IJBpznx07dPRyRVwOi9JwUkozzz6mb6U9Pmr7ONkMVs="},"lastRemoteEphemeralKey":"Bcf6OS7X694zN4DLbPu2AuUjLmU8+VujPtf3ZgRiost8","previousCounter":0,"rootKey":"eg8YNLyvWVeeUFSZrgUSij5fmB/Jhn+3zq7jTKg7jnE="},"indexInfo":{"baseKey":"BQf6Sb/i8xSYUgDxsst3pCPMCuTFOTPOARuvbPS+u5h5","baseKeyType":2,"closed":-1,"used":1683926597404,"created":1683926597404,"remoteIdentityKey":"BV8uaDPvEjwEVYrWMZUT2vXwq24cdCctAUHz/iTjuBck"},"_chains":{"Bcf6OS7X694zN4DLbPu2AuUjLmU8+VujPtf3ZgRiost8":{"chainKey":{"counter":0,"key":"xk7Aw30c74Ikd2oBnlvcgd+rMvTqDDx7HJwQLHqPUkg="},"chainType":2,"messageKeys":{}},"BbgFlIm/MiTApOQj24I8EVtqiqtDehFMFJOH7j0ocDwo":{"chainKey":{"counter":-1,"key":"W9xAWQhJgubIYOgMy4mkrgDWJuBJu7kADQD0pzk5DJs="},"chainType":1,"messageKeys":{}}}}},"version":"v1"}