{"_sessions":{"BVXTWeGJABuG+CzT648UIKm+0ftd0ahdxIqFXV5mO1EQ":{"registrationId":1192624911,"currentRatchet":{"ephemeralKeyPair":{"pubKey":"BcGQBwcqe9XU9hnrgte40C9KVnWxzGIYQAr9GcCOAZ8J","privKey":"OKmg6ejmXRimHk/bEW4nyDEtUNbHTznnPodr/6DTV34="},"lastRemoteEphemeralKey":"BbJjIR8F+JZKpEFfQbG3hz1lNopu7QXoFrFw2mSERzoX","previousCounter":0,"rootKey":"n46W10sD6Eu0HvhNXX5CzK0mLF2VIzI0Y8BzQ7R8QTY="},"indexInfo":{"baseKey":"BVXTWeGJABuG+CzT648UIKm+0ftd0ahdxIqFXV5mO1EQ","baseKeyType":2,"closed":-1,"used":1683927416738,"created":1683927416738,"remoteIdentityKey":"BbzL0Ezt12MX8vg6SbLaa0EqdUcPhWD+CZ4AA5mUZOJa"},"_chains":{"BbJjIR8F+JZKpEFfQbG3hz1lNopu7QXoFrFw2mSERzoX":{"chainKey":{"counter":0,"key":"PZguCxO/kJynPgXDn2npYXo8ZWy6T9RAs0gteBHD7Y4="},"chainType":2,"messageKeys":{}},"BcGQBwcqe9XU9hnrgte40C9KVnWxzGIYQAr9GcCOAZ8J":{"chainKey":{"counter":-1,"key":"FXgIJmGlznAvEDoo7MIdtXwRG+Oeu42NSyhjg+L8lJ4="},"chainType":1,"messageKeys":{}}}}},"version":"v1"}