{"_sessions":{"BYXDZvQS9vcBok2E95yDuyiqqdyERvOW6r6HB2JasS8u":{"registrationId":785765737,"currentRatchet":{"ephemeralKeyPair":{"pubKey":"BY8s6QdQCyZDrwdXrBTc6bPOfFwnzkKCX61Mo7IxVRUA","privKey":"wIZE/KlKVafuzqs5VI8xZv7phPFSIN/k/HxRybFP0nc="},"lastRemoteEphemeralKey":"BZRAhDi49pLCEFDTKDJjre1Uo8tY329BfGuj+pzkDtwz","previousCounter":0,"rootKey":"DV87beydEAs9ehoof6t+RzICPPXIebRsx+N4tiOjX1A="},"indexInfo":{"baseKey":"BYXDZvQS9vcBok2E95yDuyiqqdyERvOW6r6HB2JasS8u","baseKeyType":2,"closed":-1,"used":1683926600986,"created":1683926600986,"remoteIdentityKey":"BTkwDnUiN9Ioy3Eu67a/CYtziC/HBkQVPdJLJphkF9Mi"},"_chains":{"BZRAhDi49pLCEFDTKDJjre1Uo8tY329BfGuj+pzkDtwz":{"chainKey":{"counter":0,"key":"3aGEaUCcYWtx+e9MmIbwgWORZKVGn+6DcjZTD5niPqE="},"chainType":2,"messageKeys":{}},"BY8s6QdQCyZDrwdXrBTc6bPOfFwnzkKCX61Mo7IxVRUA":{"chainKey":{"counter":-1,"key":"47dG4wicyQg6nrYk6nn1jpfR8MngFaUZD1bv4LxGQqk="},"chainType":1,"messageKeys":{}}}}},"version":"v1"}