{"_sessions":{"BeFCrTyjdNY57wVV0mfmQuRKydEAdOGOhSiTT6X8K7dj":{"registrationId":61309702,"currentRatchet":{"ephemeralKeyPair":{"pubKey":"BeawdCgJKQjRxjoO/R5NwT7ouFvtJEhOSpP5XX8WR/8A","privKey":"aIgSGv7fz57taEjs1zt/h8Ncqhj7QNdUFD4JaYmKB3g="},"lastRemoteEphemeralKey":"BUsSOFdhHUtd5KLcSiBVmi28wT2oxsLEXasyfnAUslk1","previousCounter":0,"rootKey":"ofDjXsrtPLaTavhcNjfVlSh42ML0nxsMz0fsynlVbHc="},"indexInfo":{"baseKey":"BeFCrTyjdNY57wVV0mfmQuRKydEAdOGOhSiTT6X8K7dj","baseKeyType":1,"closed":-1,"used":1683941621353,"created":1683941621353,"remoteIdentityKey":"BdZmzo/qf4jYqVK3yxvsWp0nfcK7tpm4VAs5h5JeDcMP"},"_chains":{"BeawdCgJKQjRxjoO/R5NwT7ouFvtJEhOSpP5XX8WR/8A":{"chainKey":{"counter":0,"key":"XWkoCrMwcueeO4lZitEEq/HM+teyiyC4ppWbtc1vsJ0="},"chainType":1,"messageKeys":{}}},"pendingPreKey":{"signedKeyId":6,"baseKey":"BeFCrTyjdNY57wVV0mfmQuRKydEAdOGOhSiTT6X8K7dj","preKeyId":1266087}}},"version":"v1"}