{"_sessions":{"Bfu9W7naXcW8hWizPPikkgj50QOCf5Z4EJSjyxqlX3h2":{"registrationId":47103325,"currentRatchet":{"ephemeralKeyPair":{"pubKey":"BawcpHI6tVAg+LP0dF+fgQsZP6yJ0r+CK0AE4i5zyDhR","privKey":"CBet+s6OvwOLtPBNOAAslBBq3Fk8G3h0uxih0SITyEQ="},"lastRemoteEphemeralKey":"Bc1VgKDf7LF9xFoNnjC6Zi7g9KjMwiqBxpxD7ATLCE97","previousCounter":0,"rootKey":"sT16TkTZ0N5jZ9fYZpX7Aj/s8G4hfH1USpRL6p3Uo0k="},"indexInfo":{"baseKey":"Bfu9W7naXcW8hWizPPikkgj50QOCf5Z4EJSjyxqlX3h2","baseKeyType":2,"closed":-1,"used":1683926602074,"created":1683926602074,"remoteIdentityKey":"BTe1heTUcQzoCPAKpBwedVTWseCxpQaSwiGx3wlBXMZG"},"_chains":{"Bc1VgKDf7LF9xFoNnjC6Zi7g9KjMwiqBxpxD7ATLCE97":{"chainKey":{"counter":0,"key":"tDboDbgibXxmx8kwvLEEeMXCdW2YCByYXSk8sNSB/Hs="},"chainType":2,"messageKeys":{}},"BawcpHI6tVAg+LP0dF+fgQsZP6yJ0r+CK0AE4i5zyDhR":{"chainKey":{"counter":-1,"key":"Jh4qi5QEETgvQ9sWkvTzlIpQ61EUuA176r5pku1INk8="},"chainType":1,"messageKeys":{}}}}},"version":"v1"}