{"_sessions":{"BS5GH4xek352wD8Zr1NitXw+sgmtz30r9pjPEJXHNWBg":{"registrationId":930249391,"currentRatchet":{"ephemeralKeyPair":{"pubKey":"BZbzOP72XbYPXUqrR0swgol04Zj+E3nVC7pBbd2ctFoD","privKey":"IMeCZlwWi2fZvQPEm0YhtzctfaZmiiX4gsru8N3XUEM="},"lastRemoteEphemeralKey":"BZSP7KXDIbSp7EibuwUrdMMW7PeKRtzRIpRPacf8vNwP","previousCounter":0,"rootKey":"03i0rEasQwj9c4opWWwB71pwbGh3uk7WIa4/vprkzSA="},"indexInfo":{"baseKey":"BS5GH4xek352wD8Zr1NitXw+sgmtz30r9pjPEJXHNWBg","baseKeyType":2,"closed":-1,"used":1683926911024,"created":1683926911024,"remoteIdentityKey":"BbkdvlHO/hokoGxfHiGB5ZM9m1UjL9tXLHfR8/Mi918J"},"_chains":{"BZSP7KXDIbSp7EibuwUrdMMW7PeKRtzRIpRPacf8vNwP":{"chainKey":{"counter":0,"key":"5U+h/eJq0sHTUtR3IYbJMXQaw8E0KNzgu5T5aN1Ylik="},"chainType":2,"messageKeys":{}},"BZbzOP72XbYPXUqrR0swgol04Zj+E3nVC7pBbd2ctFoD":{"chainKey":{"counter":-1,"key":"H6dUkDd/szd5Xg71L+0Xzdgfodso0WbRj+G/fvf1WYI="},"chainType":1,"messageKeys":{}}}}},"version":"v1"}