{"_sessions":{"BXXvKB5aCTYHLQPykB+lbwFiC8Hoig4DxJDP+OzTOrVL":{"registrationId":824397385,"currentRatchet":{"ephemeralKeyPair":{"pubKey":"BWOHx8UCGRX2E+9dtSiBeSAedLaqiO2QejV/NcDA44U5","privKey":"GMxsrfscqj2n/hCzqNCJpo3ufRgNg5xjyvQhKEBRCnc="},"lastRemoteEphemeralKey":"BYBczhish6nVEXtzgLLV/1de5ENa+alhnXigi4o2rqU5","previousCounter":0,"rootKey":"9ZVzpfNygdVjAbP0A31Eq6XN7AaV+8zUbk/LBSeFwN8="},"indexInfo":{"baseKey":"BXXvKB5aCTYHLQPykB+lbwFiC8Hoig4DxJDP+OzTOrVL","baseKeyType":2,"closed":-1,"used":1683926603442,"created":1683926603442,"remoteIdentityKey":"BTjPHGZsI3gw4JtaOxDk9myU5OyTCHRTC8SuANR9QyBd"},"_chains":{"BYBczhish6nVEXtzgLLV/1de5ENa+alhnXigi4o2rqU5":{"chainKey":{"counter":0,"key":"Dddfp6MdDa/d3wdNOhbs6mrfYrnH/WUytM9ExKfO4Zg="},"chainType":2,"messageKeys":{}},"BWOHx8UCGRX2E+9dtSiBeSAedLaqiO2QejV/NcDA44U5":{"chainKey":{"counter":-1,"key":"K7geKR/RAj8g8+06Sbs8Y/i2hDCqP5Hw1QCyaDTa+Kg="},"chainType":1,"messageKeys":{}}}}},"version":"v1"}