{"_sessions":{"BVWA0KO0i2/14Dz8nCeJn0/hL1KztPbpHMVw2Zxq1bZc":{"registrationId":1850739075,"currentRatchet":{"ephemeralKeyPair":{"pubKey":"BRsqoB34t6ZDBHCbyV7YJsXadSEznosMRUa6NwawnoM8","privKey":"+Pf41SDvj/gHVNupX3o54JfWtPmO+JUBsi08PA2W2nc="},"lastRemoteEphemeralKey":"BauPeMPQeZrDtWg34Ht5WG807wOuBnyW5owu0yjeVpoB","previousCounter":0,"rootKey":"eOkcty3yw0kGCjo2rK/DTOPAuU8bsc5EJaWtHEV/x74="},"indexInfo":{"baseKey":"BVWA0KO0i2/14Dz8nCeJn0/hL1KztPbpHMVw2Zxq1bZc","baseKeyType":2,"closed":-1,"used":1683929410770,"created":1683929410770,"remoteIdentityKey":"BZXR/oq01636OfNPemsVwILwybegHivZml0BYOpP/pl0"},"_chains":{"BauPeMPQeZrDtWg34Ht5WG807wOuBnyW5owu0yjeVpoB":{"chainKey":{"counter":0,"key":"lFxBC/Fhe6Ip6d7vL12lEsjaaLE9awGOVmQOPGe4LKc="},"chainType":2,"messageKeys":{}},"BRsqoB34t6ZDBHCbyV7YJsXadSEznosMRUa6NwawnoM8":{"chainKey":{"counter":-1,"key":"1U0PusUmroWFU/+16ub4ocuqGkDc/CCxczgLc1jqrzw="},"chainType":1,"messageKeys":{}}}}},"version":"v1"}