{"_sessions":{"BZQyoune1w0ctyaQMsC3P7LKbT98XnhlptDcNcFMfhMK":{"registrationId":73465660,"currentRatchet":{"ephemeralKeyPair":{"pubKey":"BdrZ3e77mUV3ycKXKP1ChmjVKjRek4CCt0GAWmCYlax9","privKey":"2BshUwCK0ll52Ej/nag/H+oUIEPw8XDdX5hg5Agyu0w="},"lastRemoteEphemeralKey":"BeDvrZuILQUp79cU7R92dkakaZaJQKsYpUDe0bujWpl9","previousCounter":0,"rootKey":"I3p7v9XDQifItfcV0LxQRHSyLjzv6y7erjhmXYaurko="},"indexInfo":{"baseKey":"BZQyoune1w0ctyaQMsC3P7LKbT98XnhlptDcNcFMfhMK","baseKeyType":2,"closed":-1,"used":1683926625210,"created":1683926625210,"remoteIdentityKey":"BdQXpc7Y3cGc2kj5AaWqpq0SwERES/Of6WvELKujidcn"},"_chains":{"BeDvrZuILQUp79cU7R92dkakaZaJQKsYpUDe0bujWpl9":{"chainKey":{"counter":1,"key":"0queD9EqxobwrmdzJUoIqrpsxwD3IRkK5gFsH6UI+p8="},"chainType":2,"messageKeys":{"0":"M5t4i6akGAXX1lhHeMMYwPwQSzVzCBtNhebzdTakUes="}},"BdrZ3e77mUV3ycKXKP1ChmjVKjRek4CCt0GAWmCYlax9":{"chainKey":{"counter":-1,"key":"edtrerW824KLyFywkUBK9LoAWmYnUT1nnCuZ8ZjIaIo="},"chainType":1,"messageKeys":{}}}}},"version":"v1"}