{"_sessions":{"BXCb9a5nrCMDo5agnH/QMeCgZkq4C3R1JPJ64mwJQgsI":{"registrationId":188,"currentRatchet":{"ephemeralKeyPair":{"pubKey":"BT8qJ2713Bj0bvAUx4e8u++2yc5in/wAZtfzKZP9aUAy","privKey":"4D9jsm3B+QyCZ2kD4WUnbIPCgPyejOFOSQ/kuYMF62E="},"lastRemoteEphemeralKey":"Bek64e+fVz9wvuz6BVy89swFVsKptHsjxWHW02X8KFE9","previousCounter":0,"rootKey":"VyXjKEP7Gcjvz6Opv9QYYXGzJIwQXLhwJoNNAPsnJ2I="},"indexInfo":{"baseKey":"BXCb9a5nrCMDo5agnH/QMeCgZkq4C3R1JPJ64mwJQgsI","baseKeyType":1,"closed":-1,"used":1683941621271,"created":1683941621271,"remoteIdentityKey":"BckhP+bQFgnsBzGs5LMPYjYQzajqHZhjdiQc+JbFjIkD"},"_chains":{"BT8qJ2713Bj0bvAUx4e8u++2yc5in/wAZtfzKZP9aUAy":{"chainKey":{"counter":0,"key":"Vn/BMSih9Czjf+6od36Lo8RpQRqxilk+2+NBlEAxGTU="},"chainType":1,"messageKeys":{}}},"pendingPreKey":{"signedKeyId":1,"baseKey":"BXCb9a5nrCMDo5agnH/QMeCgZkq4C3R1JPJ64mwJQgsI"}}},"version":"v1"}