{"_sessions":{"BWFxEhYRuA+hqq4XmUOG66b6KpYM23T2ywxHoIYhNdUL":{"registrationId":135,"currentRatchet":{"ephemeralKeyPair":{"pubKey":"BblYCeXJ+w7TdTiysLJe2X8o1B9evF2mAT1O8df7jydK","privKey":"YMVILfRXSK0vl9vxBemtSFRKKaUhs0Pr9RB7xpwP3lM="},"lastRemoteEphemeralKey":"BVEzNtI5NFsQ2stsgb8qVcBsAZuldOLzjKbBGuIyUnxT","previousCounter":0,"rootKey":"bdVHqv6XpW/xWsEHgP4vhB7AOC3z8Ew/RlZmG4ZmmQI="},"indexInfo":{"baseKey":"BWFxEhYRuA+hqq4XmUOG66b6KpYM23T2ywxHoIYhNdUL","baseKeyType":1,"closed":-1,"used":1683941621291,"created":1683941621291,"remoteIdentityKey":"BSqulj90LU5wHnQfUd/E4HckkJePsGPRv4T4aYYUZy4T"},"_chains":{"BblYCeXJ+w7TdTiysLJe2X8o1B9evF2mAT1O8df7jydK":{"chainKey":{"counter":0,"key":"CCSF3rBWfiHse8xJDRe1JP3hyBjtBgTsExWPhDfPlS4="},"chainType":1,"messageKeys":{}}},"pendingPreKey":{"signedKeyId":1,"baseKey":"BWFxEhYRuA+hqq4XmUOG66b6KpYM23T2ywxHoIYhNdUL","preKeyId":23}}},"version":"v1"}