{"_sessions":{"BY3JNpeCdP7AS1z4oMfSNqrwhyWHOVmYakS5fH/nzrIu":{"registrationId":72555256,"currentRatchet":{"ephemeralKeyPair":{"pubKey":"Bd1VDCkQPu6Tl5DCXKETyZM4E5Ej+QypnDqb0N2gaP46","privKey":"YP6xDjMMmTfNsmp9cBL7odhKtlBN+IoRxJ47cWG+i3k="},"lastRemoteEphemeralKey":"Bb/UwFfyysYSDDt+zqRBlpS1TQMHiDlBPksaxWT3wZsl","previousCounter":0,"rootKey":"cHeMnNi0NjMfX6lDrGYvi4Q/tdG7WgqjOPO2bCAOZNI="},"indexInfo":{"baseKey":"BY3JNpeCdP7AS1z4oMfSNqrwhyWHOVmYakS5fH/nzrIu","baseKeyType":2,"closed":-1,"used":1683926598046,"created":1683926598046,"remoteIdentityKey":"BRvVZlDxlw+xWvgjcfOq2vqXyVqHzbDPqK05DWpIMelZ"},"_chains":{"Bb/UwFfyysYSDDt+zqRBlpS1TQMHiDlBPksaxWT3wZsl":{"chainKey":{"counter":0,"key":"+qpeFFhhI9syGN/2IyRsSD8yXD2r61nVTTcH4SxvN1s="},"chainType":2,"messageKeys":{}},"Bd1VDCkQPu6Tl5DCXKETyZM4E5Ej+QypnDqb0N2gaP46":{"chainKey":{"counter":-1,"key":"7Ub5Uypd4TcdIJeEJeqMnMA40BM5kyKx+TwFuhqDGjc="},"chainType":1,"messageKeys":{}}}}},"version":"v1"}