{"_sessions":{"BUVPr/TUMUO75MCb4BWQNekbqEt3TT6cEKpnTHumGMAE":{"registrationId":1918078666,"currentRatchet":{"ephemeralKeyPair":{"pubKey":"BeepkrBZowB46jlni84EbZTg4rfPAkBrcwAdIrVEcAYU","privKey":"mEVu3XfDm4DzQUj8ny66JjaPy7OB3Eikn4H1MGxnU0g="},"lastRemoteEphemeralKey":"BRTl+IC2J7rgcLEQe4/QLZUKHlM9qguAJOROI5AX2URX","previousCounter":0,"rootKey":"i2P2CVwCnwPuMnSM7a8Jcm+Q2ORAg8bJ0i3m0Of8UCU="},"indexInfo":{"baseKey":"BUVPr/TUMUO75MCb4BWQNekbqEt3TT6cEKpnTHumGMAE","baseKeyType":2,"closed":-1,"used":1683926598642,"created":1683926598642,"remoteIdentityKey":"BcF7FL9XV5r6vrk4jvrkQpDqdmhXas7bVAXnDemrFZtj"},"_chains":{"BRTl+IC2J7rgcLEQe4/QLZUKHlM9qguAJOROI5AX2URX":{"chainKey":{"counter":0,"key":"A0vAyoOhjb/WBAXPrPdu5BtHGvJrSAu3i4QWnK6v5XQ="},"chainType":2,"messageKeys":{}},"BeepkrBZowB46jlni84EbZTg4rfPAkBrcwAdIrVEcAYU":{"chainKey":{"counter":-1,"key":"Kli0YVMx5OcJ0Afl+u5os1KkRhQT8GWmIhFOkA9oNLs="},"chainType":1,"messageKeys":{}}}}},"version":"v1"}