{"_sessions":{"BVl37GaiiAGl41OKOGz5HL3uvzjX/+/6JJt7DLaoLUwS":{"registrationId":909996954,"currentRatchet":{"ephemeralKeyPair":{"pubKey":"BVM+pXQtXq805PFQdnUGuChCc3CJKqKC8uNwHv2TIY4Q","privKey":"mAIKzSbeDM0/xztBHsEwAoQEPTPTzOJV/TVrS3jCMGk="},"lastRemoteEphemeralKey":"BWWTL4G10GqUUW/XLaUZb41wcwsaSE57oa6kIOC2kj4m","previousCounter":0,"rootKey":"TVKisRcPYPgkOTvEz9shNJ1GYE04sIKBFGRz3lecQWg="},"indexInfo":{"baseKey":"BVl37GaiiAGl41OKOGz5HL3uvzjX/+/6JJt7DLaoLUwS","baseKeyType":1,"closed":-1,"used":1683941621335,"created":1683941621335,"remoteIdentityKey":"BRbajZuB7CjB+M/6qouSfZHG9UW7PpsOqukCCsW/q2Vk"},"_chains":{"BVM+pXQtXq805PFQdnUGuChCc3CJKqKC8uNwHv2TIY4Q":{"chainKey":{"counter":0,"key":"qzv03+UOrB8DI3jYDAnfkCMfEoBuH67NXHtdmqS+/94="},"chainType":1,"messageKeys":{}}},"pendingPreKey":{"signedKeyId":1,"baseKey":"BVl37GaiiAGl41OKOGz5HL3uvzjX/+/6JJt7DLaoLUwS","preKeyId":16295044}}},"version":"v1"}