{"_sessions":{"Bdc0FAxb2+3AaOVrGp1NH6QlQPAaQsKowC1ViFNl9ihw":{"registrationId":50727229,"currentRatchet":{"ephemeralKeyPair":{"pubKey":"BY3iIqU4TX+g73x37CEyjeWNjtg2rQy1AF8uqZNUB2Rh","privKey":"CMY9weTZaU0nt3+fY5NR7qLKwCipKoZLOwiEbABB8Us="},"lastRemoteEphemeralKey":"BZYoy9OftfSX2av+PJJ8WlscxC0CHZc14CoGV45c/cpm","previousCounter":0,"rootKey":"0HpPzdfPSa4AEH9acGNJ54jwUf2BoIAxg5RDwAzxMg4="},"indexInfo":{"baseKey":"Bdc0FAxb2+3AaOVrGp1NH6QlQPAaQsKowC1ViFNl9ihw","baseKeyType":2,"closed":-1,"used":1683926599376,"created":1683926599376,"remoteIdentityKey":"BTilZx0Nv9g87W2kXb5rdeKMgXblpztnQQ78rQbB6DQm"},"_chains":{"BZYoy9OftfSX2av+PJJ8WlscxC0CHZc14CoGV45c/cpm":{"chainKey":{"counter":1,"key":"BrEfNBvwM4SXfwCwfhkPfWS3QzFDkTV7wc2RnvE097U="},"chainType":2,"messageKeys":{}},"BY3iIqU4TX+g73x37CEyjeWNjtg2rQy1AF8uqZNUB2Rh":{"chainKey":{"counter":-1,"key":"nkHlcc2tKkhP6AUF1OfavFsLBle0hjFcgAUl39wnAMA="},"chainType":1,"messageKeys":{}}}}},"version":"v1"}