{"_sessions":{"Bd38xEzmUK6br6poxRpQx35k7LkBHA2YkMKlblhIHnAw":{"registrationId":560928681,"currentRatchet":{"ephemeralKeyPair":{"pubKey":"BQma4HUlttIl/VsTyAnKraooDz5CAU0vfuI88LIWbpt4","privKey":"2Pokkj9ls0my8UKzNdaihNakn59NFnKwyu7CxBe+tWc="},"lastRemoteEphemeralKey":"Bb6kDbd6boZ9v/P0aZZf5ynOnzR6slVYb1q1RZ2Chekl","previousCounter":0,"rootKey":"Y2DeTCwDzBCEQctw9btS+YfUmn2M8Sy4MySeMYDsXHQ="},"indexInfo":{"baseKey":"Bd38xEzmUK6br6poxRpQx35k7LkBHA2YkMKlblhIHnAw","baseKeyType":2,"closed":-1,"used":1683926601469,"created":1683926601469,"remoteIdentityKey":"BUzFA9uKIJiuN/NdHERgMCA6caiBEJBLphtZTmGiR4E0"},"_chains":{"Bb6kDbd6boZ9v/P0aZZf5ynOnzR6slVYb1q1RZ2Chekl":{"chainKey":{"counter":0,"key":"RDUUKJCs6glwGPK50FSqvR65PbwTN/Edvr/ApONRFMU="},"chainType":2,"messageKeys":{}},"BQma4HUlttIl/VsTyAnKraooDz5CAU0vfuI88LIWbpt4":{"chainKey":{"counter":-1,"key":"RT7dPl5amvhxvcmwmtPfvp7v9s3AqQlCfhf9NZDaO2k="},"chainType":1,"messageKeys":{}}}}},"version":"v1"}