{"_sessions":{"Bbsv+H0qP2dceBgcJ9EEUZrDsh2VtPHraCxQJVXir8kx":{"registrationId":645836750,"currentRatchet":{"ephemeralKeyPair":{"pubKey":"BVD+Ft8mwaMVx1QPfhr9Ututxig8OBZ2GhzgPbnefVx9","privKey":"uEodUJYNy3udMwJIiPLeZ9ieu2GboHdGHGZFk6b3kE4="},"lastRemoteEphemeralKey":"BeVO9LXw0RCtqUEMglA8VsBykNy9s9rpYFxKjYCXFugs","previousCounter":0,"rootKey":"2lGsrJsNCTES1U86xVa2V3H5ND1qx2sCoLcQ+j03w58="},"indexInfo":{"baseKey":"Bbsv+H0qP2dceBgcJ9EEUZrDsh2VtPHraCxQJVXir8kx","baseKeyType":2,"closed":-1,"used":1683926650561,"created":1683926650561,"remoteIdentityKey":"BbuGl4Mt/ukjvHsFtHJy3WCm9y+BVksyqkQA2SG6HIAe"},"_chains":{"BeVO9LXw0RCtqUEMglA8VsBykNy9s9rpYFxKjYCXFugs":{"chainKey":{"counter":0,"key":"VPkj5xRdZrOWOAt/fw3YG8XeBTFzkE6ewtQFTnOHn1A="},"chainType":2,"messageKeys":{}},"BVD+Ft8mwaMVx1QPfhr9Ututxig8OBZ2GhzgPbnefVx9":{"chainKey":{"counter":-1,"key":"EH4A8KlfzB6XIswogYhLvN/51ypUM+AfdB56C575vec="},"chainType":1,"messageKeys":{}}}}},"version":"v1"}