{"_sessions":{"Ba5UO0DPi87uBlyklbxlhtwLNgambgHIubiWZzloe4cF":{"registrationId":633917205,"currentRatchet":{"ephemeralKeyPair":{"pubKey":"BSIr9+YbNcwQhUefxmMTWYmWbJcL4IAfJdJ/hl1YclxV","privKey":"eJ5np7WuGxhuYxlFw3MjSdKWVkm32bghIWvHoyWNp1c="},"lastRemoteEphemeralKey":"BSN0l0Ayo9JH2iwjqlQ2/9+UkYYOdbwOsm3caigI8pJg","previousCounter":0,"rootKey":"KmM/2j3xVpYoC9nmMR93t0ZN2ZlxlmTf4q/i3CG+zdc="},"indexInfo":{"baseKey":"Ba5UO0DPi87uBlyklbxlhtwLNgambgHIubiWZzloe4cF","baseKeyType":2,"closed":-1,"used":1683926598011,"created":1683926598011,"remoteIdentityKey":"BYHn3wk/0fH6PzS5Ns9im84NpaoNgzwHT69++pCXgqRZ"},"_chains":{"BSN0l0Ayo9JH2iwjqlQ2/9+UkYYOdbwOsm3caigI8pJg":{"chainKey":{"counter":0,"key":"M0NrFnDgAIbZ80Fk3Wsspz16i2DPDZXPwYgFgL+NRVM="},"chainType":2,"messageKeys":{}},"BSIr9+YbNcwQhUefxmMTWYmWbJcL4IAfJdJ/hl1YclxV":{"chainKey":{"counter":-1,"key":"N1TtKWeMxkOPJVHEcuXQ+G/KWoLXjFnblMFRov/hkd8="},"chainType":1,"messageKeys":{}}}}},"version":"v1"}