{"_sessions":{"BctyqkwypjjoTHlCu35F+sfHClDilHDmGzPnR50I13xQ":{"registrationId":387353427,"currentRatchet":{"ephemeralKeyPair":{"pubKey":"BXOifTVWPB4xWWHwCnjrXGULk/Dr7jR/PbaZSCbiYr4t","privKey":"+BTnqe8EESgrVZjAB6OVRqJoSj51xdFv+ggNqgsNY24="},"lastRemoteEphemeralKey":"BcBC5K/Tt2xMrLpNaEVUzw5GUNLI/98H8F/bc4FAMbkV","previousCounter":0,"rootKey":"avB/gHXHcxnvrz2lnyKXpBIhyGDTuFEo3VaDY/xACrs="},"indexInfo":{"baseKey":"BctyqkwypjjoTHlCu35F+sfHClDilHDmGzPnR50I13xQ","baseKeyType":2,"closed":-1,"used":1683926598605,"created":1683926598605,"remoteIdentityKey":"BQn2EKh/u7QS2AnhzEptG1aR+DINvj2snnJ3FhEtTLdn"},"_chains":{"BcBC5K/Tt2xMrLpNaEVUzw5GUNLI/98H8F/bc4FAMbkV":{"chainKey":{"counter":0,"key":"dMTTwspnzXrdQz1ZtNM0DDansdFGxHsTp9NDYMl2rms="},"chainType":2,"messageKeys":{}},"BXOifTVWPB4xWWHwCnjrXGULk/Dr7jR/PbaZSCbiYr4t":{"chainKey":{"counter":-1,"key":"OAXcMp5A0OIAr3cIlU/rf9wRS2Aoz2ThJedzc+j6YhE="},"chainType":1,"messageKeys":{}}}}},"version":"v1"}