{"_sessions":{"BUnlAlVJsrUrIaVtLYMYK3xBvvzaOpERsQR9Y3BsTc99":{"registrationId":1630647912,"currentRatchet":{"ephemeralKeyPair":{"pubKey":"BfD7AwRVvT/rbBhcct7uSc7gxop3/u781gVJRdSvoU0n","privKey":"yN2UMe2UThoAcYPQUvvUA94qYjb8aMi2qtBucr5ycn8="},"lastRemoteEphemeralKey":"BSGTYmKBkLxpYBXTtxFlKgIDbkqawvPT/bqMK46furxl","previousCounter":0,"rootKey":"rV0z0V+80LVZfU4i0li0J4z0C8Cd6TmbGMlpHpoJqQY="},"indexInfo":{"baseKey":"BUnlAlVJsrUrIaVtLYMYK3xBvvzaOpERsQR9Y3BsTc99","baseKeyType":2,"closed":-1,"used":1683926600350,"created":1683926600350,"remoteIdentityKey":"BfDTj15su2pdbspsnu1cK0vlinRlRpLK+nu363GYX5l7"},"_chains":{"BSGTYmKBkLxpYBXTtxFlKgIDbkqawvPT/bqMK46furxl":{"chainKey":{"counter":0,"key":"YHVu4GJI0Va+PCZsflM2EaxYXsPDMN9aE/CeZfPYPXg="},"chainType":2,"messageKeys":{}},"BfD7AwRVvT/rbBhcct7uSc7gxop3/u781gVJRdSvoU0n":{"chainKey":{"counter":-1,"key":"iNkOi2zx4paECfRCi5ltJPlHvApa1hXagcSXgEiruwI="},"chainType":1,"messageKeys":{}}}}},"version":"v1"}