{"_sessions":{"BfJmYRukcYt9hddJM9euivw6rSLfNpD304tIZ7LkfFZP":{"registrationId":1649097561,"currentRatchet":{"ephemeralKeyPair":{"pubKey":"BfwH76uAs+19SxrzjazIlKZZA0layqBhVbZ4btwSDdY+","privKey":"uB9+AK/9TZosR1sjNP2EX5aqx9FFgVWg2krhzrjZO2M="},"lastRemoteEphemeralKey":"BZablJZb/iotOvDqdbAhHAP/GnKr8qvCLvtEXnOLwzlH","previousCounter":0,"rootKey":"TVtwdPZiWpgvh+bLx3EXvZpK2ZPVbx7/i9ndWZLTD0E="},"indexInfo":{"baseKey":"BfJmYRukcYt9hddJM9euivw6rSLfNpD304tIZ7LkfFZP","baseKeyType":2,"closed":-1,"used":1683926599281,"created":1683926599281,"remoteIdentityKey":"BS+zf2/q10IsG3D49omOsEhhCf78P5TfaOUw2nFC9K42"},"_chains":{"BZablJZb/iotOvDqdbAhHAP/GnKr8qvCLvtEXnOLwzlH":{"chainKey":{"counter":0,"key":"i+1qYeUfl5ec+nBaVIpeCiCcx0wnrtsK6jB+bbxOfvg="},"chainType":2,"messageKeys":{}},"BfwH76uAs+19SxrzjazIlKZZA0layqBhVbZ4btwSDdY+":{"chainKey":{"counter":-1,"key":"9YWl4Uh6Gqw2tQlw4bO/skZ5wQWhUjFdINirNa7Cypk="},"chainType":1,"messageKeys":{}}}}},"version":"v1"}