{"_sessions":{"Bd92xTjtDN5Zn8zc5Zv55tFMK5jOP5LPiavdIN7P7Ew8":{"registrationId":1527390017,"currentRatchet":{"ephemeralKeyPair":{"pubKey":"BQRDp9tkVIXxfLUpREr/YcpFAze4sngfJW4GXEOQk6Mt","privKey":"CJpXoqV5JaU0oLfIS2liv586+rsVRp1OjSB5aKykrmM="},"lastRemoteEphemeralKey":"Bbb5EXRpdlZt8aXjvjg+3/QAO2Ak82/+SGor/Qbi+mUc","previousCounter":0,"rootKey":"JaGAlAZ79ZsxF2G3Dv9PRHAluYDo1PItIulLDRAXIrI="},"indexInfo":{"baseKey":"Bd92xTjtDN5Zn8zc5Zv55tFMK5jOP5LPiavdIN7P7Ew8","baseKeyType":2,"closed":-1,"used":1683939806997,"created":1683939806997,"remoteIdentityKey":"BS1J08wyh0F8F3HQ4POmhbqiGPKEG9aZm5CfUkELoRJ2"},"_chains":{"Bbb5EXRpdlZt8aXjvjg+3/QAO2Ak82/+SGor/Qbi+mUc":{"chainKey":{"counter":0,"key":"RB6auNAywuS7G1Wp9BeIaeAeUir0RDaVmwy41ymrYnI="},"chainType":2,"messageKeys":{}},"BQRDp9tkVIXxfLUpREr/YcpFAze4sngfJW4GXEOQk6Mt":{"chainKey":{"counter":-1,"key":"PpDa8eKiVhIuxA2G8VYYqnX3bmYI0BV3bFKJTBXxiUY="},"chainType":1,"messageKeys":{}}}}},"version":"v1"}