{"_sessions":{"BYSnEzgfxaeCVNrxWN8QV0VWc7Grjl/pLONs/MMB291E":{"registrationId":1898395872,"currentRatchet":{"ephemeralKeyPair":{"pubKey":"BTLiDh72anyWHDjPzTioJ15LVXIo7ykjbLpMp81zTGlv","privKey":"iAOvghYqu0eBUubpgRNoHmGSErOU74ZOBrLtVgWiPWk="},"lastRemoteEphemeralKey":"BcQ687O2ybqqrV8XQLIdPHcahABbP8Qc3+Vb/dbLTUEm","previousCounter":0,"rootKey":"1J+7cbUXohned6t6oB4zrx860Jmc82SvGbrGMkVDf48="},"indexInfo":{"baseKey":"BYSnEzgfxaeCVNrxWN8QV0VWc7Grjl/pLONs/MMB291E","baseKeyType":2,"closed":-1,"used":1683926597928,"created":1683926597928,"remoteIdentityKey":"BV6XV146iGu1gxqBiF+O0PVdxgux+JfgqCKV9dcaVk4n"},"_chains":{"BcQ687O2ybqqrV8XQLIdPHcahABbP8Qc3+Vb/dbLTUEm":{"chainKey":{"counter":0,"key":"A6yfWwlGe/8eja0oA01Z0HdQmf85TYyIWDT8sJ1njmg="},"chainType":2,"messageKeys":{}},"BTLiDh72anyWHDjPzTioJ15LVXIo7ykjbLpMp81zTGlv":{"chainKey":{"counter":-1,"key":"GcSRjd2jGmgfAPOWxeiGhT6ovpxX4ZDzuAqo3v3l2fM="},"chainType":1,"messageKeys":{}}}}},"version":"v1"}