{"_sessions":{"BcewMaUZOtvuSrzm/QNySOzV83GI41cnV5uz3pIktEdG":{"registrationId":13026,"currentRatchet":{"ephemeralKeyPair":{"pubKey":"BRebvOjd6+iLnQzfz5GCdGP/zx6h0C4RqPj19w1pUWsV","privKey":"kK0euJAYrv10mhI5+6FHOlVNQrbnu7DsGMQssR05zUY="},"lastRemoteEphemeralKey":"BUiGkeG3+0cLKBW05P5fqjBMy/TsGuKB7vCjTMV1w6Ih","previousCounter":0,"rootKey":"YjML0rspgyxLiKWOmacEttM/zDbwmbpofuzl4HMiiMQ="},"indexInfo":{"baseKey":"BcewMaUZOtvuSrzm/QNySOzV83GI41cnV5uz3pIktEdG","baseKeyType":1,"closed":-1,"used":1683941621300,"created":1683941621300,"remoteIdentityKey":"BdR5xvodyvkJaAKvswUX+pKaMo3FaHDFCiuUsc5KYO1a"},"_chains":{"BRebvOjd6+iLnQzfz5GCdGP/zx6h0C4RqPj19w1pUWsV":{"chainKey":{"counter":0,"key":"kE/5Mq6oUIICmeAEhCkMbU2xPZA9NlqJK/1jF1RrW4Q="},"chainType":1,"messageKeys":{}}},"pendingPreKey":{"signedKeyId":1,"baseKey":"BcewMaUZOtvuSrzm/QNySOzV83GI41cnV5uz3pIktEdG"}}},"version":"v1"}