{"_sessions":{"BTOoLdtWkFUjeNvJ4Cq4DCgaNB316p3zcJY14fSHvvla":{"registrationId":981223178,"currentRatchet":{"ephemeralKeyPair":{"pubKey":"BWu3YGuDdwTBCX9TT0w309RhnRJ8zCu872/Ux3i0ikk+","privKey":"SGUGP6Z5gE17FukA0AVb3UITNypGUMpnLuImzatt1Eg="},"lastRemoteEphemeralKey":"BWBjvgihVs+RW5380w1OkonTLjjpAYpV5vayJl5AeRsF","previousCounter":0,"rootKey":"nVWEaH3Zy48lfmCiMhwZAQc0j2YZADiT2xZ/AUd3qzc="},"indexInfo":{"baseKey":"BTOoLdtWkFUjeNvJ4Cq4DCgaNB316p3zcJY14fSHvvla","baseKeyType":2,"closed":-1,"used":1683926598225,"created":1683926598225,"remoteIdentityKey":"BfHKj1EmG84STLvpuoa//G54Fizl5kUsQUrX0T/BSj8T"},"_chains":{"BWBjvgihVs+RW5380w1OkonTLjjpAYpV5vayJl5AeRsF":{"chainKey":{"counter":0,"key":"hpWyO+VTXDfc/7TBm2eyeLe+b2RupM1UUNNvJ9GbCSI="},"chainType":2,"messageKeys":{}},"BWu3YGuDdwTBCX9TT0w309RhnRJ8zCu872/Ux3i0ikk+":{"chainKey":{"counter":-1,"key":"6ifzim0pxUrP1wZFVpFsbpqSZDhPkJ2pVgleXA5u5Nk="},"chainType":1,"messageKeys":{}}}}},"version":"v1"}