{"_sessions":{"BUoNke6ErEnn2QuQ83vxtxZsnnQBQHV9VPZwSJc9UUFH":{"registrationId":196203362,"currentRatchet":{"ephemeralKeyPair":{"pubKey":"BepE/MZiO7GsNByq6xqH/+lTRP6PJmkCIObp57q11TYA","privKey":"CE9z94JgBwyylda6ddGyty9188s8XGtis42K2/LprVA="},"lastRemoteEphemeralKey":"BSISON5t9Yh373flwiLO1MXahuYcr/BgN7f3RawyJU8X","previousCounter":0,"rootKey":"oEPm3cY1ukokxddui5bJtgx3SsLQIm8n+sgtQDZa5sc="},"indexInfo":{"baseKey":"BUoNke6ErEnn2QuQ83vxtxZsnnQBQHV9VPZwSJc9UUFH","baseKeyType":2,"closed":-1,"used":1683926600217,"created":1683926600217,"remoteIdentityKey":"BXEt7sOGivCF+PwpUN/mJB9wqlz3KXjLIs3huhTNA0Vo"},"_chains":{"BSISON5t9Yh373flwiLO1MXahuYcr/BgN7f3RawyJU8X":{"chainKey":{"counter":0,"key":"G+wFlnZxNjAUk7W7IPwleN7zmhBpWZaw1jDthk4hlxQ="},"chainType":2,"messageKeys":{}},"BepE/MZiO7GsNByq6xqH/+lTRP6PJmkCIObp57q11TYA":{"chainKey":{"counter":-1,"key":"xMhh9cRIO/Zkk2VTuGf6AxZ2ZccHUgBvI5Zv7QiDinI="},"chainType":1,"messageKeys":{}}}}},"version":"v1"}