{"_sessions":{"Bf9YGdJ74grShQn66c0tkGw9uhwgt0+tIeJDvGHjw3BN":{"registrationId":12679,"currentRatchet":{"ephemeralKeyPair":{"pubKey":"BTU7wHp7/EK7+DGGitn+XWNHE8P1z/VvL1/DB7s+08oP","privKey":"+GAe1h5w6aupa6f7xBocdD0zdsFfbLJJU8UshjeC/nY="},"lastRemoteEphemeralKey":"BV7A4LdXx6ZHNeRW9Yf0MSpFbIDHqIIxnE3txmY4Aogo","previousCounter":0,"rootKey":"ZtsS+Rp7WvLdNtmzq0M1n0d7yWxyUEyvX+9mJy3McJU="},"indexInfo":{"baseKey":"Bf9YGdJ74grShQn66c0tkGw9uhwgt0+tIeJDvGHjw3BN","baseKeyType":2,"closed":-1,"used":1683926492586,"created":1683926492583,"remoteIdentityKey":"BT0cN2tZDm3Iu2KeivdZpXXz+G4lYspG9cDv0bWmmZIW"},"_chains":{"BV7A4LdXx6ZHNeRW9Yf0MSpFbIDHqIIxnE3txmY4Aogo":{"chainKey":{"counter":0,"key":"S5Sw/vyeS3beVO0xXrskBcotykQ8+uB/wwTkwNmmC84="},"chainType":2,"messageKeys":{}},"BTU7wHp7/EK7+DGGitn+XWNHE8P1z/VvL1/DB7s+08oP":{"chainKey":{"counter":-1,"key":"5cCNqtuaWRfrkU/1ZZGIlJ0BmL0E1mEo8Aa7ZGauP4k="},"chainType":1,"messageKeys":{}}}}},"version":"v1"}