{"_sessions":{"BX/AhC3KD5HUKBbq/mXt0ySRrE/RmS+pNXHZIOkHz+5X":{"registrationId":422489672,"currentRatchet":{"ephemeralKeyPair":{"pubKey":"BdTxv/NVGYBs60Ph7QlFt98zENxTrwCUbO96MOxxpycb","privKey":"KGhmGCMWlDJMsablZz9AYKzpHLOisu4iQjLeLevZ5VU="},"lastRemoteEphemeralKey":"BY2tewaTCq6QRXo9WBrMV+YjinOePMW43S8jj5n1tWsN","previousCounter":0,"rootKey":"gp65mhAHjH80/bqjqwoIqeGOMGpp2R8GqHYfdkkqB3s="},"indexInfo":{"baseKey":"BX/AhC3KD5HUKBbq/mXt0ySRrE/RmS+pNXHZIOkHz+5X","baseKeyType":2,"closed":-1,"used":1683926597524,"created":1683926597524,"remoteIdentityKey":"Baoz6Wvp9ue5ENhOThaOIbx2oyaCUpx54O9PT4KaeE0X"},"_chains":{"BY2tewaTCq6QRXo9WBrMV+YjinOePMW43S8jj5n1tWsN":{"chainKey":{"counter":0,"key":"qcJP0auRor9nmXZ8z4bbAd23uYPixrSaSAQIH6Um23Q="},"chainType":2,"messageKeys":{}},"BdTxv/NVGYBs60Ph7QlFt98zENxTrwCUbO96MOxxpycb":{"chainKey":{"counter":-1,"key":"ASGUrNwHZPwfOPydEFll6SlHwQDnUC1KKwpdvAcVzCA="},"chainType":1,"messageKeys":{}}}}},"version":"v1"}