{"_sessions":{"BStJaUYIHO2ecyL4n6xybbwvAdVKMHyAyGCIgpAWmEhv":{"registrationId":1590679965,"currentRatchet":{"ephemeralKeyPair":{"pubKey":"BYkHYGZ9/gfT1Bf45JRoCKMdMBjLVhrfdRw/wQFaTGVv","privKey":"+CAH/o9m4GszXAwNE/zEhQLx6TtrszoRYd89AAmt3XA="},"lastRemoteEphemeralKey":"BXc6zQG8fetWn/yQT80g+y6i0h83um+zaDzqrMyuW8oc","previousCounter":0,"rootKey":"SBic1ZE8tj8cp27NfJmWTVxLXysOzIY2hmN3RxwxLls="},"indexInfo":{"baseKey":"BStJaUYIHO2ecyL4n6xybbwvAdVKMHyAyGCIgpAWmEhv","baseKeyType":2,"closed":-1,"used":1683926839722,"created":1683926839722,"remoteIdentityKey":"BeTLYsgP+em0zcHGPA21TaV/MClEMsaMXlqGZefaJqpq"},"_chains":{"BXc6zQG8fetWn/yQT80g+y6i0h83um+zaDzqrMyuW8oc":{"chainKey":{"counter":1,"key":"yTC2juaATudaiQFenjxqUV4Uf7BcY50K6vjZ/fgQpnU="},"chainType":2,"messageKeys":{"0":"XiFj79zCBaMnjl/yPeJik6lWGfHYaSv2u54JQdt9OLk="}},"BYkHYGZ9/gfT1Bf45JRoCKMdMBjLVhrfdRw/wQFaTGVv":{"chainKey":{"counter":-1,"key":"2dgOEPJh9c9HGW4hm4w/Cj8SY6mlE3/Q8bowNWGLoXs="},"chainType":1,"messageKeys":{}}}}},"version":"v1"}