{"_sessions":{"BXlik1306c3qafNBgL+K5akNfnLos+VedMTxcszG1C4E":{"registrationId":1100745623,"currentRatchet":{"ephemeralKeyPair":{"pubKey":"BaMP4DvEntP3y2WjaFRN41TPyXKNl40zYSTTHSbZEqcj","privKey":"4ANsYi/d3whsnpEJT98Tsn9tQsP/G0AQs32zXlsC+1Y="},"lastRemoteEphemeralKey":"BbDRQcrQD/6kdhPhRpIogmqyzzG5Fczh9KeyqDDfphQN","previousCounter":0,"rootKey":"pgOHIOwUPRIcCdCnJ6Olwwf+tt8RX2vz0wEK0QLsjzI="},"indexInfo":{"baseKey":"BXlik1306c3qafNBgL+K5akNfnLos+VedMTxcszG1C4E","baseKeyType":2,"closed":-1,"used":1683926596313,"created":1683926596313,"remoteIdentityKey":"BUV3nF6HgH6aJ40s8xOGB/nXSej3/MhBZ1leEBP29k05"},"_chains":{"BbDRQcrQD/6kdhPhRpIogmqyzzG5Fczh9KeyqDDfphQN":{"chainKey":{"counter":0,"key":"/Da2otMIoXC8eqaQ90QVK6YmdNEjBwvJv9DCAB8a2JQ="},"chainType":2,"messageKeys":{}},"BaMP4DvEntP3y2WjaFRN41TPyXKNl40zYSTTHSbZEqcj":{"chainKey":{"counter":-1,"key":"yJB5g38JBhj7m8GAaDT8x3JP+CNEHkYPGgp10HAuZDE="},"chainType":1,"messageKeys":{}}}}},"version":"v1"}