{"_sessions":{"Bfw2MfBNIXJ7OUlWFAYV7dT0psjlhceIhrO24IgfoBZe":{"registrationId":1976312187,"currentRatchet":{"ephemeralKeyPair":{"pubKey":"BaFmlJmrdTnszQFmdhjyFt9dXLZkPgYA3p4OUOiLWWZH","privKey":"WGtkWs5+KSCoJ4gLMCxKdWbbvjUbBejXHad8BXEeCFE="},"lastRemoteEphemeralKey":"BWACLjJCXOBz+M0GcPzPi9OXW3nX753motCezAZ2Uvwr","previousCounter":0,"rootKey":"jBGFOiJ11dFKj9UQgKHTZIh7NoecB2lT3yZFSF2bkHg="},"indexInfo":{"baseKey":"Bfw2MfBNIXJ7OUlWFAYV7dT0psjlhceIhrO24IgfoBZe","baseKeyType":2,"closed":-1,"used":1683926597902,"created":1683926597902,"remoteIdentityKey":"BRxiMRmJOxtuhUNZBldUshkcMsA0/db0e66Nbq9eGttw"},"_chains":{"BWACLjJCXOBz+M0GcPzPi9OXW3nX753motCezAZ2Uvwr":{"chainKey":{"counter":0,"key":"ZjIsT06+SuMMlxZbj2dxaw6pKQBUe0jccBaqy9/Qfps="},"chainType":2,"messageKeys":{}},"BaFmlJmrdTnszQFmdhjyFt9dXLZkPgYA3p4OUOiLWWZH":{"chainKey":{"counter":-1,"key":"q7OqfjnQNL3an+rXH38TH6f42N+105HgAp62InCgg8U="},"chainType":1,"messageKeys":{}}}}},"version":"v1"}