{"_sessions":{"Bf+V0RRlR8s/D+nVh6UoqNeywmcSrjdgAULU8obu83gR":{"registrationId":4135269891,"currentRatchet":{"ephemeralKeyPair":{"pubKey":"BeRfER1tp0pCBVj44ppBsRQjF6LSeqLOMtbNGFX/YBNq","privKey":"aO0DL5SK3O+Uxb0MrNLVGU/hNxn05WKWL56Cf/+giXg="},"lastRemoteEphemeralKey":"BQK+IzrYoZ84InznJZJc7Xa0gLgQDDu4PdNt9Nsb8LB3","previousCounter":0,"rootKey":"4XoF+dY7d22DqJP0hXQB0uLWigxC5Nxaqgs5M/2QpO0="},"indexInfo":{"baseKey":"Bf+V0RRlR8s/D+nVh6UoqNeywmcSrjdgAULU8obu83gR","baseKeyType":1,"closed":-1,"used":1683928039431,"created":1683928039431,"remoteIdentityKey":"BQCjrw72GykZdsdKjXKm8KwTXwOMbJrWUd2NW1yyt0JP"},"_chains":{"BeRfER1tp0pCBVj44ppBsRQjF6LSeqLOMtbNGFX/YBNq":{"chainKey":{"counter":2,"key":"y1BfhlhaOHycVxpXD+1AYNX/pLhTij5wL1iLPzMDDyE="},"chainType":1,"messageKeys":{}}},"pendingPreKey":{"signedKeyId":388736,"baseKey":"Bf+V0RRlR8s/D+nVh6UoqNeywmcSrjdgAULU8obu83gR"}}},"version":"v1"}