{"_sessions":{"BUEKf2ZpAfwqZJ6P9PsEQgJT6MgZP6UMXEXBhWv/fkhc":{"registrationId":765459267,"currentRatchet":{"ephemeralKeyPair":{"pubKey":"BT1c4HJGIq0x+nuAA7Xp2kRZJc73i3ei1M1eIwYVgFRR","privKey":"UOaKJzDb/gDLQoAFZCV/vhDfEn0nT3/6E/M8z+PfV0A="},"lastRemoteEphemeralKey":"BdYyVu9VB5jsDKYRd2JGGuluPNjvFNhtOpfnLGWqqDIh","previousCounter":0,"rootKey":"Qw5GkH9tQjvUpM8oUT5I1/fV5HHJ9NSFLj9aDQwq9w8="},"indexInfo":{"baseKey":"BUEKf2ZpAfwqZJ6P9PsEQgJT6MgZP6UMXEXBhWv/fkhc","baseKeyType":2,"closed":-1,"used":1683926606777,"created":1683926606777,"remoteIdentityKey":"BceuJRyBYDoXmwW8qclllrs5ceCJpJXmBR3gmOfDw61j"},"_chains":{"BdYyVu9VB5jsDKYRd2JGGuluPNjvFNhtOpfnLGWqqDIh":{"chainKey":{"counter":0,"key":"n3CF/AW1Z8u7BdnBu9nYgTvmPjKfFzLqFcizEW3Q2Y8="},"chainType":2,"messageKeys":{}},"BT1c4HJGIq0x+nuAA7Xp2kRZJc73i3ei1M1eIwYVgFRR":{"chainKey":{"counter":-1,"key":"okggYd9X9wzo5rNIxGhvaO+LAf8ZL1V/Rj9Oqzu1XfA="},"chainType":1,"messageKeys":{}}}}},"version":"v1"}