{"_sessions":{"BdOWsCh52TzOGzsZf27GNU1QC2DMUwT3cDiJZ2rjSecd":{"registrationId":644955528,"currentRatchet":{"ephemeralKeyPair":{"pubKey":"BacEb2qIaPA2FjyUHwy+WBtiLmZOsmA8meGcPOwlccRo","privKey":"aI70WfzBVbej5Hm2OX1v8HYZywTh1sj4p3WDd90FOWs="},"lastRemoteEphemeralKey":"BW5hS1reqljDrVuLAm+Z4gtkomJXdauFbljYtY+fcqo2","previousCounter":0,"rootKey":"fhkOmdLV144aGSmqOG5riSc5XNCbaBOeYi5eFuwWHUg="},"indexInfo":{"baseKey":"BdOWsCh52TzOGzsZf27GNU1QC2DMUwT3cDiJZ2rjSecd","baseKeyType":2,"closed":-1,"used":1683926598391,"created":1683926598391,"remoteIdentityKey":"BV8am8PnexlKe4FvQMJt56hW1QGkOPlbfgCOIooz7DgX"},"_chains":{"BW5hS1reqljDrVuLAm+Z4gtkomJXdauFbljYtY+fcqo2":{"chainKey":{"counter":1,"key":"6MOL1s0nqEv2wkqk83iYi3iZYmMMQ8TyAJzMpEB70s8="},"chainType":2,"messageKeys":{}},"BacEb2qIaPA2FjyUHwy+WBtiLmZOsmA8meGcPOwlccRo":{"chainKey":{"counter":-1,"key":"MT+I7RD/rn5PrY6ILPQsZ+uLBiC92Bu6FCe+rw5z+IM="},"chainType":1,"messageKeys":{}}}}},"version":"v1"}