{"_sessions":{"BUuhXCinsrTjKg6Cjt/jTQPj+0IXoPNy1zcF3iUiLHZP":{"registrationId":1603379471,"currentRatchet":{"ephemeralKeyPair":{"pubKey":"Bbf7yPMYr+pTDMhVJ8tihIzSdMXN0wiPpxHjXHCTi+E8","privKey":"KFCGpP84FrtmDw/5i/ICjnlpNb7nTxLLSXy+l+wWyFU="},"lastRemoteEphemeralKey":"BZQ7ULRXt3Dv6QHtboGwbYpdKGgDMIO+qtHe3aZF8AAw","previousCounter":0,"rootKey":"TTr+iwJ2GcWw9F+pdYU2FrvoCoQ4sy7hLsbgVzDLZnY="},"indexInfo":{"baseKey":"BUuhXCinsrTjKg6Cjt/jTQPj+0IXoPNy1zcF3iUiLHZP","baseKeyType":2,"closed":-1,"used":1683926598324,"created":1683926598324,"remoteIdentityKey":"BRw7CSuEOVIGspxNOnacbhjZ+ERs5y9CBKRoocCwkzh9"},"_chains":{"BZQ7ULRXt3Dv6QHtboGwbYpdKGgDMIO+qtHe3aZF8AAw":{"chainKey":{"counter":0,"key":"DcBo0MDN2QGhxBIXIiZCvogDpLapqHjUan45pREjIKs="},"chainType":2,"messageKeys":{}},"Bbf7yPMYr+pTDMhVJ8tihIzSdMXN0wiPpxHjXHCTi+E8":{"chainKey":{"counter":-1,"key":"fCEcmlQI0+KM4chXRuv32Uxw4b3nzzH89uLPYg8khxU="},"chainType":1,"messageKeys":{}}}}},"version":"v1"}