{"_sessions":{"BT6dHaEDrb8wt7R7U6crfNmedL6XLElMgYiDukkdl49M":{"registrationId":19,"currentRatchet":{"ephemeralKeyPair":{"pubKey":"BXp/lVbxw4Ejd3R2ajdcdN6M2kNv25yGSJgwRvm/I3ox","privKey":"QFOfvCnuvt4uonGi6XyxDLwDcOozDecceCa1ub8KAWo="},"lastRemoteEphemeralKey":"BcKM8ONSyi6FNiXYep1IqF/LpaAwjynyp3wmWSJgD3xh","previousCounter":0,"rootKey":"eg91N+By1+8EHt6rQ6AW8tMAlRjfWdHpeKxGFvcuj4c="},"indexInfo":{"baseKey":"BT6dHaEDrb8wt7R7U6crfNmedL6XLElMgYiDukkdl49M","baseKeyType":2,"closed":-1,"used":1683927419304,"created":1683927419304,"remoteIdentityKey":"BdKATxrGLyYQrRORFortnnVI8Omw9snX0VosceA3u6UX"},"_chains":{"BcKM8ONSyi6FNiXYep1IqF/LpaAwjynyp3wmWSJgD3xh":{"chainKey":{"counter":0,"key":"9YvW4GpMduWjWCNXJAuukx6v4ukWrbfnGcXYvvqOdQ4="},"chainType":2,"messageKeys":{}},"BXp/lVbxw4Ejd3R2ajdcdN6M2kNv25yGSJgwRvm/I3ox":{"chainKey":{"counter":-1,"key":"2qnG3WqjioX7J0KdtICbeZDsPN4QtE4dvF6UdQemRs0="},"chainType":1,"messageKeys":{}}}}},"version":"v1"}