{"_sessions":{"BV3eoYX7775Q8VBF1m4GD+uED8sErChGEO3v6cuYIvcR":{"registrationId":1443540246,"currentRatchet":{"ephemeralKeyPair":{"pubKey":"BekxLPW7DOrjgVYMueOXFGmLhaQApMnEkao1y/8YbAxM","privKey":"8ARRSrky3gwRBst4vWYATba8Lc3Y25nC1ogVtpRz13g="},"lastRemoteEphemeralKey":"BXxOER17qi+URLLXEh3rRnG7bjERa/ECIbbhqVTsEwsv","previousCounter":0,"rootKey":"rs1aUcgAunO/fZ3ZOdE6EQ2ap0N7/wjVzkOxFNiDVko="},"indexInfo":{"baseKey":"BV3eoYX7775Q8VBF1m4GD+uED8sErChGEO3v6cuYIvcR","baseKeyType":2,"closed":-1,"used":1683926597985,"created":1683926597985,"remoteIdentityKey":"BVYd/bqr/uYRPvcF4gTsDQbQEFZXDRsAN/WdGgyma/kk"},"_chains":{"BXxOER17qi+URLLXEh3rRnG7bjERa/ECIbbhqVTsEwsv":{"chainKey":{"counter":0,"key":"wMXi8QZuZxZez+UPp4hoJLUE2D52PSJuEHaO7x8ZoKE="},"chainType":2,"messageKeys":{}},"BekxLPW7DOrjgVYMueOXFGmLhaQApMnEkao1y/8YbAxM":{"chainKey":{"counter":-1,"key":"0eTZGkhLEsUcSNqSx0vYg/DSt6tQme3zYTOcVyZ6XwY="},"chainType":1,"messageKeys":{}}}}},"version":"v1"}