{"_sessions":{"BfvrdNNA/N8Z49XVBbHkob0F2bbU320l1lHGOy5tFEUb":{"registrationId":1552038937,"currentRatchet":{"ephemeralKeyPair":{"pubKey":"BWrvY2kXLdUlpZyHq7ja2Z0Qj/2lWhUQ0Im0dHRugcFn","privKey":"sLT/I/Lp0G6/JzYTA5gW6MNf3hZoBpo6tDL8ysR4mFI="},"lastRemoteEphemeralKey":"BWZbVWjEYpRuzSreYwYLcZ0oA71LdINJ/Q+cIBMuUl1m","previousCounter":0,"rootKey":"ESvOmhv8ghWxR7nMzPmk07/KRZ78XDl1BeGhi/Q/qaI="},"indexInfo":{"baseKey":"BfvrdNNA/N8Z49XVBbHkob0F2bbU320l1lHGOy5tFEUb","baseKeyType":2,"closed":-1,"used":1683939806931,"created":1683939806931,"remoteIdentityKey":"BS32dvUDzN8+UQvMPEKHaKqBjX1av+ZtuGAW+Ns3qDhI"},"_chains":{"BWZbVWjEYpRuzSreYwYLcZ0oA71LdINJ/Q+cIBMuUl1m":{"chainKey":{"counter":1,"key":"u+2kthUZvslB3HOvy3zL6RdksLvGpxTHCIxGkTTRN+g="},"chainType":2,"messageKeys":{}},"BWrvY2kXLdUlpZyHq7ja2Z0Qj/2lWhUQ0Im0dHRugcFn":{"chainKey":{"counter":-1,"key":"3OJ8etHDgpq0fKn/gSl8Lj8nt9RYj2o7ir8zh2o/WCw="},"chainType":1,"messageKeys":{}}}}},"version":"v1"}