{"_sessions":{"BdQWhG9gV+SxwFyLbroznCQSQqnV3TzyjOjoOUaZ88Im":{"registrationId":1098863707,"currentRatchet":{"ephemeralKeyPair":{"pubKey":"BcG3w+1isb5TQydBT6c0tEKN8C42ZkSZPsD1SBnLDHU+","privKey":"aEnmS3iMQSh8A02Q4z2efdG9/l0/qAYdrEi6uImH2nQ="},"lastRemoteEphemeralKey":"BfV8zOmo2G17jFHcJtbBE0OxkouEjGeoaPt8Kot6wflW","previousCounter":0,"rootKey":"r3Myl75lnJfHzqZJ9pzN3gWlfEgcmLhw4CPHaEs8QUg="},"indexInfo":{"baseKey":"BdQWhG9gV+SxwFyLbroznCQSQqnV3TzyjOjoOUaZ88Im","baseKeyType":2,"closed":-1,"used":1683926603542,"created":1683926603542,"remoteIdentityKey":"BfE6bavVNCyw0AUD7gYPl5mlJn6N44ZPbUREi8CyDbtH"},"_chains":{"BfV8zOmo2G17jFHcJtbBE0OxkouEjGeoaPt8Kot6wflW":{"chainKey":{"counter":0,"key":"gKK/Rvf15aDVsX+8/O6xhwTyPvL1lziWlU3rMo+vKa0="},"chainType":2,"messageKeys":{}},"BcG3w+1isb5TQydBT6c0tEKN8C42ZkSZPsD1SBnLDHU+":{"chainKey":{"counter":-1,"key":"zlxYkPCyy3vBtLRPqPb4lVlOMvev6Pe2k6oX3D77uww="},"chainType":1,"messageKeys":{}}}}},"version":"v1"}