{"_sessions":{"BTxuojl/YeQOdFhDIP6misycVd4rZ8aJ5+l9MDn7RCFC":{"registrationId":60911132,"currentRatchet":{"ephemeralKeyPair":{"pubKey":"BRkL1GTvJr/fhXsQiCu3yvELyc0igxpPfnfMcJEoLoR3","privKey":"WPOi5qekhfr7XIAEWGeIov959vJ7luByEU89oRvTR3g="},"lastRemoteEphemeralKey":"BeT5OdI0y9S4mfx0ojCZEAVWWh+Ac8sM5aY399KHco52","previousCounter":0,"rootKey":"j1toiu7CkvIcv/q0Aw0s1xskxojQDoxK3lNcz6pNNfI="},"indexInfo":{"baseKey":"BTxuojl/YeQOdFhDIP6misycVd4rZ8aJ5+l9MDn7RCFC","baseKeyType":1,"closed":-1,"used":1683941621390,"created":1683941621390,"remoteIdentityKey":"BdIlbQJPpqB/jB6TgN59awsI9CtynECT+g9X5ZdHJt16"},"_chains":{"BRkL1GTvJr/fhXsQiCu3yvELyc0igxpPfnfMcJEoLoR3":{"chainKey":{"counter":0,"key":"nlvtH6MF32raZZTSiudOKI64fMLQX9d0Pbl+/yN8BF0="},"chainType":1,"messageKeys":{}}},"pendingPreKey":{"signedKeyId":1,"baseKey":"BTxuojl/YeQOdFhDIP6misycVd4rZ8aJ5+l9MDn7RCFC","preKeyId":5717180}}},"version":"v1"}