{"_sessions":{"BW+BE26FMBwHtfno5WxeGgqBPuS6x2zU9z+apgxML2EO":{"registrationId":504232608,"currentRatchet":{"ephemeralKeyPair":{"pubKey":"BeAxcQlvW43nKyVcTXUuICCYT0EuPASpgt0SKgMDkhB5","privKey":"OJehwjZuBcJ0nB9Mz+HZrlgpdesvOrSgEXq1DZvULEI="},"lastRemoteEphemeralKey":"BeaLtd4gqMP3hvl60JrrGd9BZDNCugIuysHSy3MZ0WZY","previousCounter":0,"rootKey":"yxf6jVNNa2aSuJJRcgXK6ZWNXb8889F1B9162sogi/A="},"indexInfo":{"baseKey":"BW+BE26FMBwHtfno5WxeGgqBPuS6x2zU9z+apgxML2EO","baseKeyType":2,"closed":-1,"used":1683926599571,"created":1683926599571,"remoteIdentityKey":"BeHj0mJv1kzB8j2zivQtwDJJEIgs/mFOman1Kd1wK11r"},"_chains":{"BeaLtd4gqMP3hvl60JrrGd9BZDNCugIuysHSy3MZ0WZY":{"chainKey":{"counter":0,"key":"So4K9T8msh2jVnxEkiOs+HoUy4XzSxMQGHa8q3IiCog="},"chainType":2,"messageKeys":{}},"BeAxcQlvW43nKyVcTXUuICCYT0EuPASpgt0SKgMDkhB5":{"chainKey":{"counter":-1,"key":"5eLK9QqMOdj3ums1iu3tIwaKiO9viD2C7+vR67jnunY="},"chainType":1,"messageKeys":{}}}}},"version":"v1"}