{"_sessions":{"BSBD5BJST9wfPtwYbbNWWHM+WPC3wFhzE67YpO95mLcJ":{"registrationId":1216375758,"currentRatchet":{"ephemeralKeyPair":{"pubKey":"BZtfMVlTxT7p4AQSxz8sqXNhbFV5RiAP9UY8ftxcNHcC","privKey":"EMw7W7duPdKAtpRwWCbeLfsKhfOZGGtGK/Fo/xw5WVU="},"lastRemoteEphemeralKey":"BcRRdbdsiY45Xl5leD4FKRmJERGZeoj307KCWR4e2ncu","previousCounter":0,"rootKey":"4ewaPZWXNPKR7C8pmVZwGfAidm2HEOiBHTGX/PV637o="},"indexInfo":{"baseKey":"BSBD5BJST9wfPtwYbbNWWHM+WPC3wFhzE67YpO95mLcJ","baseKeyType":2,"closed":-1,"used":1683926597066,"created":1683926597066,"remoteIdentityKey":"Bc2WjSJpHqnqgi69LQke1iAZW82zZPCJpZ3zIkLhLVoH"},"_chains":{"BcRRdbdsiY45Xl5leD4FKRmJERGZeoj307KCWR4e2ncu":{"chainKey":{"counter":0,"key":"dZZracksd1OwOtLodn/gmGH7VQzrYBMaDBnRHX0Zl5o="},"chainType":2,"messageKeys":{}},"BZtfMVlTxT7p4AQSxz8sqXNhbFV5RiAP9UY8ftxcNHcC":{"chainKey":{"counter":-1,"key":"BBxnCBdCzaL9uKPj0idBNDjphS2oKCn7Et1S6zdaC8Y="},"chainType":1,"messageKeys":{}}}}},"version":"v1"}