{"_sessions":{"BZgu/tQ+oI2yfaPfeSP2vgabhEvDDhBNMQGSDiCjsHV2":{"registrationId":45288315,"currentRatchet":{"ephemeralKeyPair":{"pubKey":"BR4hRC8BeagqL832E04+K6R3Wx4CnqcicXzilsUCVDZc","privKey":"IMEKlEmtpHMXpdH/6fOZXpeK4u4nWwFqBOlt+yz3IWw="},"lastRemoteEphemeralKey":"BVCBX9YM3/O/iJ7O2Rxgl3PsKB8cQOaED94B/cjk+8Jd","previousCounter":0,"rootKey":"CDm34lbxgyIAx5aXiOBfJ2aXbSve+io+yYCa25qQSs8="},"indexInfo":{"baseKey":"BZgu/tQ+oI2yfaPfeSP2vgabhEvDDhBNMQGSDiCjsHV2","baseKeyType":2,"closed":-1,"used":1683926610823,"created":1683926610823,"remoteIdentityKey":"BeziYg31jISJ7lmiphmB/UKpypNq7n/r2x+RBXZ2ofxd"},"_chains":{"BVCBX9YM3/O/iJ7O2Rxgl3PsKB8cQOaED94B/cjk+8Jd":{"chainKey":{"counter":0,"key":"/YUOX2OlCfh7LYhHzjGTA2Ra28hypw3XeiHpyhKJ89I="},"chainType":2,"messageKeys":{}},"BR4hRC8BeagqL832E04+K6R3Wx4CnqcicXzilsUCVDZc":{"chainKey":{"counter":-1,"key":"0YdV3+4/apANM7LbCj0B2mOrYKc80SEIWIM2EhHBJKE="},"chainType":1,"messageKeys":{}}}}},"version":"v1"}