{"_sessions":{"BfvXwA8ZNrUI7NA6lkWZqo1yvzkQe4UvDW07VusDyfMH":{"registrationId":149398014,"currentRatchet":{"ephemeralKeyPair":{"pubKey":"BbTYN7i7diLHTm9pOgaDFKzDANd8GrqyeTsv+vcrxC9w","privKey":"8HA2RDAwvnU6T7M1yXlZiiZ9bl1rh5bFgcSg1o/G9FQ="},"lastRemoteEphemeralKey":"BcChdZULq/sA09GZtovHwLAy9+NbwbN1VJmZqSj6Cp1b","previousCounter":0,"rootKey":"3hIkYGP/wxsIx1ttSk2qxlt5gcdBNLZB3YztNdb6Fj8="},"indexInfo":{"baseKey":"BfvXwA8ZNrUI7NA6lkWZqo1yvzkQe4UvDW07VusDyfMH","baseKeyType":2,"closed":-1,"used":1683939806974,"created":1683939806974,"remoteIdentityKey":"BWBHCteOw6RwdlY+/kjeYAZt3+Iu8mzsIE1VAHq7ACc8"},"_chains":{"BcChdZULq/sA09GZtovHwLAy9+NbwbN1VJmZqSj6Cp1b":{"chainKey":{"counter":3,"key":"8LQpxit46qlTy6SgoRF2yFK0ClLvjd1YgTFZ4klNDxw="},"chainType":2,"messageKeys":{"0":"mVbKJMK1gNzXfyeMPC2innQr+7aZLjHVnYvAK0Nu3nQ=","1":"7NLp7DlBYtMjufEDV5KXJXxu/WwrEy7+woibctCBaVs="}},"BbTYN7i7diLHTm9pOgaDFKzDANd8GrqyeTsv+vcrxC9w":{"chainKey":{"counter":-1,"key":"CmoqCmsASVtMUPWAsKBvlL6rmdSUwp/l5CqjDhS/iL4="},"chainType":1,"messageKeys":{}}}}},"version":"v1"}