{"_sessions":{"Bfz2ah3pi4yIfO5nmSVvDykM9doHhI6s01T92fLwYD0Q":{"registrationId":257647673,"currentRatchet":{"ephemeralKeyPair":{"pubKey":"BQuTGBS2ZP+kL5mWckzpoCEWveip0dOkovIsAy8gsxAs","privKey":"6L5m5DINX82/R0jb4E5Fmfd4/XhHbynJ3xiFhGxW1W8="},"lastRemoteEphemeralKey":"BbG2iV+1ylpRdQsxNw57m8LO5ckFv7cMuR1eu9CLHgdN","previousCounter":0,"rootKey":"cyVMi087cCUnHiAjjxdMfhbb/FwtNgnRM6x74KCb/qY="},"indexInfo":{"baseKey":"Bfz2ah3pi4yIfO5nmSVvDykM9doHhI6s01T92fLwYD0Q","baseKeyType":2,"closed":-1,"used":1683939807093,"created":1683939807093,"remoteIdentityKey":"BbUKZ/MY1nj/u3Ff+ylD/ETYezaJT2xhCpBPA2xlI+t4"},"_chains":{"BbG2iV+1ylpRdQsxNw57m8LO5ckFv7cMuR1eu9CLHgdN":{"chainKey":{"counter":57,"key":"keyhW3CWArYBygbNzsPJyw0vi1TpHCzl1LjQOlcrThE="},"chainType":2,"messageKeys":{}},"BQuTGBS2ZP+kL5mWckzpoCEWveip0dOkovIsAy8gsxAs":{"chainKey":{"counter":-1,"key":"toSejd6/ICgtDwGdDTYtp60s7doTrtjnUmO9IRuSPeA="},"chainType":1,"messageKeys":{}}}}},"version":"v1"}