{"_sessions":{"BXE3iQp8Zf9hAAbpOy0BEVVfe+YLa027lAq5haWJr34m":{"registrationId":1527658470,"currentRatchet":{"ephemeralKeyPair":{"pubKey":"BV2AMNd8BHcjTu0DstnTPws3UljCBFugqXwy+QPrf71x","privKey":"yFmZG6WMZSRtGSzptFuFXUH5D1YutC7rGtLoNaKBXkQ="},"lastRemoteEphemeralKey":"BTpyOtNNlb50o9IYudQYt9OrlqpIxBYnqjLOHxyJBgdC","previousCounter":0,"rootKey":"p88Z2iZeTetgTxO1h3grF6sss6YwIKGQ+8SmleSraxw="},"indexInfo":{"baseKey":"BXE3iQp8Zf9hAAbpOy0BEVVfe+YLa027lAq5haWJr34m","baseKeyType":2,"closed":-1,"used":1683926600015,"created":1683926600015,"remoteIdentityKey":"BaCjwHSi7MpvxS812DWJGKUeuJONuequdlryJAQTY/Yx"},"_chains":{"BTpyOtNNlb50o9IYudQYt9OrlqpIxBYnqjLOHxyJBgdC":{"chainKey":{"counter":0,"key":"XYfSnbdfRZQMXFaUF5LKnfmhQwWTLY4NpevAiwS+t1Y="},"chainType":2,"messageKeys":{}},"BV2AMNd8BHcjTu0DstnTPws3UljCBFugqXwy+QPrf71x":{"chainKey":{"counter":-1,"key":"YbWUvb74kBs6JNculPSF9zKYFSIbsoChIOIKHydDFjI="},"chainType":1,"messageKeys":{}}}}},"version":"v1"}