{"_sessions":{"BZLQkI7HhSiJEdRN8vhA/z+ERh7OO50oPsJwGJLV/Ws6":{"registrationId":2143863885,"currentRatchet":{"ephemeralKeyPair":{"pubKey":"BT985mQIiEov+p45e2EHJOCMiCmr3ImBQh4Hf2L77bIY","privKey":"KFyN28wc3YfWXg/BlCMwkjLg1OLyo62WaasgcHVv8Wo="},"lastRemoteEphemeralKey":"Bet2VI/JzqBoYKcdFhFX/CAYO6b+y2SlrMp6UofZ4uYz","previousCounter":0,"rootKey":"wHTGUFqbVHZO9JbN2GsFYC85itx+DPXXU4oLyziCII8="},"indexInfo":{"baseKey":"BZLQkI7HhSiJEdRN8vhA/z+ERh7OO50oPsJwGJLV/Ws6","baseKeyType":2,"closed":-1,"used":1683939806954,"created":1683939806954,"remoteIdentityKey":"Bbfon3Au5ezq9o9N0GFbzfVo+i9WW03gi2K8rf5E7lwz"},"_chains":{"Bet2VI/JzqBoYKcdFhFX/CAYO6b+y2SlrMp6UofZ4uYz":{"chainKey":{"counter":0,"key":"Pg+/fUE+ZSM9+sE4dVW+w4o+zq1EkEsl0egJWlsY3C0="},"chainType":2,"messageKeys":{}},"BT985mQIiEov+p45e2EHJOCMiCmr3ImBQh4Hf2L77bIY":{"chainKey":{"counter":-1,"key":"tT9q8FwosLo0hAiUpt8qSVtLp02a+sC/4WDkk5nL0c4="},"chainType":1,"messageKeys":{}}}}},"version":"v1"}