{"_sessions":{"BclRKcoMP7WnUlnAi6BxlaVI7KaId7efWu3ZhxGTCacA":{"registrationId":608149343,"currentRatchet":{"ephemeralKeyPair":{"pubKey":"BUO1Z0jwgfAQhrbH39GXd4Lgy4ziJv92kNM1lW9n6QYS","privKey":"UGUd6+TJ3YyjxH0N+KsbUzI9RMqZkBHd5ARNf/i4Cmg="},"lastRemoteEphemeralKey":"BcwYXZxtqPY1zTjGvS9B1VJoDItQx/uzwiJQsNyMmcEs","previousCounter":0,"rootKey":"zzWOGssTwsWz7KWrtk/lbZq6XB6eHf6ISrYfmh0xNns="},"indexInfo":{"baseKey":"BclRKcoMP7WnUlnAi6BxlaVI7KaId7efWu3ZhxGTCacA","baseKeyType":2,"closed":-1,"used":1683926607967,"created":1683926607966,"remoteIdentityKey":"BRIEiyABODab/7rbrVYcTKkyZZK3AVLbUEn6EuvXDzlV"},"_chains":{"BcwYXZxtqPY1zTjGvS9B1VJoDItQx/uzwiJQsNyMmcEs":{"chainKey":{"counter":0,"key":"aVkjp7QZxkvQsQEuz9IEL+FDYNepDjcLit+pOyh7tNo="},"chainType":2,"messageKeys":{}},"BUO1Z0jwgfAQhrbH39GXd4Lgy4ziJv92kNM1lW9n6QYS":{"chainKey":{"counter":-1,"key":"X7CAyx3ZPnHuE/kvFn8Zn3mLeD769OERZKhCdGWTt3Y="},"chainType":1,"messageKeys":{}}}}},"version":"v1"}