{"_sessions":{"BVvELUYbTUJqzIUnlVAa3e1+3B4AAtXX8ujHl49RrScf":{"registrationId":75551955,"currentRatchet":{"ephemeralKeyPair":{"pubKey":"BY6XRSSBYzeEWcHNjWrE/bHDhGf7Ctuvgn1iaJ21b6ge","privKey":"MFIw/VZONhJtS1QZwZkEEJTT4UUVCh4TXlVXkc6iPHM="},"lastRemoteEphemeralKey":"BXDQwODNnWioYPWDXXJeFMqVqgD5N6FC3PkhP/Mn5HlJ","previousCounter":0,"rootKey":"g21/fQTQl44PGFB2HVwLxcgYfQctbFGXwLqwxpCSuA4="},"indexInfo":{"baseKey":"BVvELUYbTUJqzIUnlVAa3e1+3B4AAtXX8ujHl49RrScf","baseKeyType":1,"closed":-1,"used":1683941921902,"created":1683941621372,"remoteIdentityKey":"BRNQNzYac2ibQFKAbDG42rPf0YfN/JY+i7wGtS7h+f07"},"_chains":{"BXDQwODNnWioYPWDXXJeFMqVqgD5N6FC3PkhP/Mn5HlJ":{"chainKey":{"counter":0,"key":"L9Af1eKYKra3A5ffU0oRlT1/UPsYf8xYl+VMOxzmXPs="},"chainType":2,"messageKeys":{}},"BY6XRSSBYzeEWcHNjWrE/bHDhGf7Ctuvgn1iaJ21b6ge":{"chainKey":{"counter":-1,"key":"4WVfCNRzp8tgYAOEH921Qk52DRfHQ4SsjMNU4IHa638="},"chainType":1,"messageKeys":{}}}}},"version":"v1"}