{"_sessions":{"BW9G0RbE7jdCQUKyA2VuVLDGeX0YJfrdzt0TPVaVW1B0":{"registrationId":148433786,"currentRatchet":{"ephemeralKeyPair":{"pubKey":"BU8NYQI5Ru5OVFIU2RCqXs2FbyUVW1uOwn0rE0EqbvUL","privKey":"CGIC2Fx4GaeRlCqN/orYGk180aeiDm5aefUsNWxklHk="},"lastRemoteEphemeralKey":"BTj+HN3aKRDATA1ORLefHq1aqU4fjaGd6/tXdlEhHJoh","previousCounter":0,"rootKey":"m2L8fjEbmDpSjQ50s2PI+h6aJtwCFeXN4yX4DumOJxY="},"indexInfo":{"baseKey":"BW9G0RbE7jdCQUKyA2VuVLDGeX0YJfrdzt0TPVaVW1B0","baseKeyType":2,"closed":-1,"used":1683926597748,"created":1683926597748,"remoteIdentityKey":"BVcXznKXLYy6/cNdSMBjVwVpz6pC6EjJodkSrS9Uq18v"},"_chains":{"BTj+HN3aKRDATA1ORLefHq1aqU4fjaGd6/tXdlEhHJoh":{"chainKey":{"counter":0,"key":"aV8oYyRZ7FkoOQvxIF9VJUu4WuHea/kJMJRPOa++ILA="},"chainType":2,"messageKeys":{}},"BU8NYQI5Ru5OVFIU2RCqXs2FbyUVW1uOwn0rE0EqbvUL":{"chainKey":{"counter":-1,"key":"fNJZnTAnp67eT1rDXnKmusdoLkJPmCGaQ3HZ0/ryAzE="},"chainType":1,"messageKeys":{}}}}},"version":"v1"}