{"_sessions":{"BWk7gcU64zvFfP7gpxs6dK2AhDEYQ5FfZYtuFRQmL8Ue":{"registrationId":401093570,"currentRatchet":{"ephemeralKeyPair":{"pubKey":"BUi0dQwYJ5W38g+LCSpDlROQRl77wuSrh9piZOMNDqd7","privKey":"iLtT5KGe/hEI3Yb/8yhEBcfiaoDMHDS2VEl2ze5+tFY="},"lastRemoteEphemeralKey":"BSdRu2EZzCOCdUIKJKdfiK0KGie6lVoBA1mib4XrDUxz","previousCounter":0,"rootKey":"TZNuI3KQ0tnvx6D2aa+ga2hHwZgobKhMQKuyVZPk4d0="},"indexInfo":{"baseKey":"BWk7gcU64zvFfP7gpxs6dK2AhDEYQ5FfZYtuFRQmL8Ue","baseKeyType":2,"closed":-1,"used":1683926597957,"created":1683926597957,"remoteIdentityKey":"BVBgi8OYibUOF7atxW8gcqGHadTHSToIALo/5/GPYX1G"},"_chains":{"BSdRu2EZzCOCdUIKJKdfiK0KGie6lVoBA1mib4XrDUxz":{"chainKey":{"counter":0,"key":"vOjUu/H9DkPF7Qpx4EGhvr8eONZWFynM5ecuo0wTd1E="},"chainType":2,"messageKeys":{}},"BUi0dQwYJ5W38g+LCSpDlROQRl77wuSrh9piZOMNDqd7":{"chainKey":{"counter":-1,"key":"FVfYozjhZYk6HvNhedXjw4X8JkUK5s4mcJkqegnpTyk="},"chainType":1,"messageKeys":{}}}}},"version":"v1"}