{"_sessions":{"BWvGJQA4KYs1Nnr8c9qBaPVGsZNBAUP5cXp8IDGLeLlI":{"registrationId":499805254,"currentRatchet":{"ephemeralKeyPair":{"pubKey":"BZYp3JW+PgWwSTfLXD9Nxn+yBeyoHh4btvZqdulLztUk","privKey":"UGij6S9b2O3QRXQn62v9wxk5ZoKwk79XNHgaB7qwXUU="},"lastRemoteEphemeralKey":"BWTNDnIEKEZrgjzUymbqSU4V/q9Ew8IktgBSEQ1wDcZF","previousCounter":0,"rootKey":"SJCjRnC4U5urk1t/fhTXQIPH/Pd8j0alNK/gFlhXhwc="},"indexInfo":{"baseKey":"BWvGJQA4KYs1Nnr8c9qBaPVGsZNBAUP5cXp8IDGLeLlI","baseKeyType":1,"closed":-1,"used":1683941879851,"created":1683941621363,"remoteIdentityKey":"BT1sUd+iw8SAPhX+ZUH4vrZn5JgakzaJs/5wdCGTqNs6"},"_chains":{"BWTNDnIEKEZrgjzUymbqSU4V/q9Ew8IktgBSEQ1wDcZF":{"chainKey":{"counter":0,"key":"HWgUj0hIpZFSmvWI3hppRK8ugXq/pwdQoJB3+cNRwvk="},"chainType":2,"messageKeys":{}},"BZYp3JW+PgWwSTfLXD9Nxn+yBeyoHh4btvZqdulLztUk":{"chainKey":{"counter":-1,"key":"GECRN3rhRJGZ1YQMIApq07B9L0gmQ6UE74leIAUduWg="},"chainType":1,"messageKeys":{}}}}},"version":"v1"}