{"_sessions":{"BQ+IMxH2ccjV777/N8WspHpQNo/OSS3jJ3JJcxLaYP88":{"registrationId":172711663,"currentRatchet":{"ephemeralKeyPair":{"pubKey":"BflESCL5uCQfNVwa/ikVQ165w2TXPMUlBKqQppvpkwgv","privKey":"OPgFMBIlfxSamVvPLrxnnYNRv0m8Q755Fth2ITOCKV0="},"lastRemoteEphemeralKey":"BbkA17yuq/gSTQU0wMXi2U6H0yuK7+2KQp1jXSu2KXpI","previousCounter":0,"rootKey":"k1mEqGWYTg60Pp7WK16dGhOoUya+I5wThAx0O3SKk3g="},"indexInfo":{"baseKey":"BQ+IMxH2ccjV777/N8WspHpQNo/OSS3jJ3JJcxLaYP88","baseKeyType":2,"closed":-1,"used":1683926599672,"created":1683926599672,"remoteIdentityKey":"BeMfdFPJkAzgTCdbAy8tUI6mqKYrgVh0oNUPrSKYfwA/"},"_chains":{"BbkA17yuq/gSTQU0wMXi2U6H0yuK7+2KQp1jXSu2KXpI":{"chainKey":{"counter":0,"key":"eYynbJiejrzJU7ARRtaYzQwoRmWb5J3cjzD815yS6Gg="},"chainType":2,"messageKeys":{}},"BflESCL5uCQfNVwa/ikVQ165w2TXPMUlBKqQppvpkwgv":{"chainKey":{"counter":-1,"key":"wrS+a2/H9dozDfuZ6PNaYsMljtRC+x222C6O2bcp0Y0="},"chainType":1,"messageKeys":{}}}}},"version":"v1"}