{"_sessions":{"BWaMz0+h+XkV5Lh2NY9EtWNd3vyFXvBAMWQupF8IYOVZ":{"registrationId":2032434113,"currentRatchet":{"ephemeralKeyPair":{"pubKey":"BVE7CjofER5G88Nopw4wFV/ZU1FgU3THB7lsDzbH6xIl","privKey":"UPE+P5zz85NlUJB3c8b+7gR1aG+d35meiLOunkD7wX0="},"lastRemoteEphemeralKey":"Bfh+7htFmSt5dp6oGG+KqZBD8/B5R9idVixtrmoimL8G","previousCounter":0,"rootKey":"M9QdcV5s0Bx3el0/8f/wK9ovB/51Eu3/fzLZ4qRKGgM="},"indexInfo":{"baseKey":"BWaMz0+h+XkV5Lh2NY9EtWNd3vyFXvBAMWQupF8IYOVZ","baseKeyType":2,"closed":-1,"used":1683926597848,"created":1683926597848,"remoteIdentityKey":"BXfdK7yeFIhCyvEWe6fir+YymyAS2gOKtM7K7bu7rGlW"},"_chains":{"Bfh+7htFmSt5dp6oGG+KqZBD8/B5R9idVixtrmoimL8G":{"chainKey":{"counter":0,"key":"V63jFIoISEdOCZ/HK9zck03DPWfEZki44I4AQ4Zz1R8="},"chainType":2,"messageKeys":{}},"BVE7CjofER5G88Nopw4wFV/ZU1FgU3THB7lsDzbH6xIl":{"chainKey":{"counter":-1,"key":"/vjd8NSZeFqoQUsP6pPIWVx2oxDORnqXcNKI1vqvmao="},"chainType":1,"messageKeys":{}}}}},"version":"v1"}