{"_sessions":{"BUB7kqon9+cSUPq+rZ5qPdWYO83tz5lHB26bSa17CIUD":{"registrationId":1376464617,"currentRatchet":{"ephemeralKeyPair":{"pubKey":"Be0bfGpYfV966fGrioBHi41CDGeN+dMuHHZEzBnGUbcT","privKey":"0F9+gSM4YP/OVJZcFu2BD2SJrdwTopiyox67lNDSin0="},"lastRemoteEphemeralKey":"BVKTi+HERuS9x3J0rH6wR72LIM5aLwj76C2UK+H73OtR","previousCounter":0,"rootKey":"kqwbOdGAqLTQ5n5UtU4HCaMPdRmTwf0ofMeYcElJL6c="},"indexInfo":{"baseKey":"BUB7kqon9+cSUPq+rZ5qPdWYO83tz5lHB26bSa17CIUD","baseKeyType":2,"closed":-1,"used":1683926911061,"created":1683926911061,"remoteIdentityKey":"BWVeCYBDl8MeXhnc/fzPwcDGqHPMObSxwfxxZDj6ZN0W"},"_chains":{"BVKTi+HERuS9x3J0rH6wR72LIM5aLwj76C2UK+H73OtR":{"chainKey":{"counter":0,"key":"qQWB1TLipfGgQKdpCC24pN4By8nejt2PqL/K1F6+z3E="},"chainType":2,"messageKeys":{}},"Be0bfGpYfV966fGrioBHi41CDGeN+dMuHHZEzBnGUbcT":{"chainKey":{"counter":-1,"key":"F2jjgoOuiZikk4cadbZJ58+vVT6GkK+trUb2NfA0I9c="},"chainType":1,"messageKeys":{}}}}},"version":"v1"}