{"_sessions":{"BaXrz4jECu0ujS6o1vdCJLRa1izcZdl8Pd0SyTARQEEE":{"registrationId":1355846584,"currentRatchet":{"ephemeralKeyPair":{"pubKey":"Bd6iwiskTRQd5hnPaeT6yYtCB/gR8pMKQLn7DFKPaPll","privKey":"mHyAzkhPytcrj2Q5zczCV31Mf6ex6qKuILp69H+EAlk="},"lastRemoteEphemeralKey":"BRu5LTdCQYe4QLPSDOSdMDhjLQagO47HK0BBCaYjq0hJ","previousCounter":0,"rootKey":"oyvph7AdMTh2yNi40gG5gw4OycpTpXNROQa20u3jzrU="},"indexInfo":{"baseKey":"BaXrz4jECu0ujS6o1vdCJLRa1izcZdl8Pd0SyTARQEEE","baseKeyType":2,"closed":-1,"used":1683929162155,"created":1683929162155,"remoteIdentityKey":"BZgwT7vghUGNG+VruQXSa3NpNRinM/hkYsP8yosUjjRc"},"_chains":{"BRu5LTdCQYe4QLPSDOSdMDhjLQagO47HK0BBCaYjq0hJ":{"chainKey":{"counter":13,"key":"Z5PEI0yvlLThwEKjdNFzXB6YgdG1ShjFS+O98e1G/Jk="},"chainType":2,"messageKeys":{"4":"codNRx1qXpl35BCn7bNFiB/9xJkYVK/UB8nI4JiTcPk="}},"Bd6iwiskTRQd5hnPaeT6yYtCB/gR8pMKQLn7DFKPaPll":{"chainKey":{"counter":-1,"key":"N4jyBKRJ+Ryhhl7dAKEp0rWicRtaE9aYJ/odEIqkuOE="},"chainType":1,"messageKeys":{}}}}},"version":"v1"}