{"_sessions":{"BalpbL8ndGuKoaRUm6WalX+KDgyURWNXiEC2TV3wKttX":{"registrationId":244142115,"currentRatchet":{"ephemeralKeyPair":{"pubKey":"BYkli+yDXKDl3UqBlg3wWfwMV0ziLFhrQ1egr4Tgm40L","privKey":"WCOgqyAD5g5HRG4ahbp/1u7MsAn4DxYqPPizkyX7SkY="},"lastRemoteEphemeralKey":"BVLv4/Q7pmor3VRXXLJpOGXLx3GinHF4ExLs4WxVx1dH","previousCounter":0,"rootKey":"u+Qui6OcTUpcoiNzVahTJ86Bjb2i6DlWuIcUdWN6+ZY="},"indexInfo":{"baseKey":"BalpbL8ndGuKoaRUm6WalX+KDgyURWNXiEC2TV3wKttX","baseKeyType":2,"closed":-1,"used":1683926598481,"created":1683926598481,"remoteIdentityKey":"BaqW7CA5Jfxx1w9McDq05wrPl4/1HFKdczZ9GL62nNlh"},"_chains":{"BVLv4/Q7pmor3VRXXLJpOGXLx3GinHF4ExLs4WxVx1dH":{"chainKey":{"counter":0,"key":"ieh7f5cKHkvT/P5nCRgE9cwe0If1KwhNjurxAA3Qs3s="},"chainType":2,"messageKeys":{}},"BYkli+yDXKDl3UqBlg3wWfwMV0ziLFhrQ1egr4Tgm40L":{"chainKey":{"counter":-1,"key":"P1TZfMjBMWXxGKfb49Mqquj3b6TUe3Y2FhWyzecRn3U="},"chainType":1,"messageKeys":{}}}}},"version":"v1"}