{"_sessions":{"BQjZJhJlukXyUbm/sNRgoen4mfMT/uKl9SdKH+crDFQe":{"registrationId":844751679,"currentRatchet":{"ephemeralKeyPair":{"pubKey":"BXlXZHgBkKZ2c7qYDFMoc6+IWrbYnZw4ZsGlCloyA3Bw","privKey":"gOoUT2QQNCxYcrTSOuqydZzxVPbvIVA+034iOzuUlEE="},"lastRemoteEphemeralKey":"BXJ+YTpwWISX+k2S+NklGoN9YpaaPyKAp+rnjdCp3LdT","previousCounter":0,"rootKey":"JukGhzTEt6gee7dkS1SNb//k853YYO1uEazCSM6XjH4="},"indexInfo":{"baseKey":"BQjZJhJlukXyUbm/sNRgoen4mfMT/uKl9SdKH+crDFQe","baseKeyType":2,"closed":-1,"used":1683926600326,"created":1683926600326,"remoteIdentityKey":"BUmdYFgmsqSjj7ijqsvhlMxUF9MEXieR9Kmlh9Cvhiw9"},"_chains":{"BXJ+YTpwWISX+k2S+NklGoN9YpaaPyKAp+rnjdCp3LdT":{"chainKey":{"counter":0,"key":"JBF4dsdiDeFpTlvq98lHi50sXogVGGncy5JUi/xUWmA="},"chainType":2,"messageKeys":{}},"BXlXZHgBkKZ2c7qYDFMoc6+IWrbYnZw4ZsGlCloyA3Bw":{"chainKey":{"counter":-1,"key":"eUuSOBCaZfJ7aDRr3MSS2vYa8KiRcv3SrUwEFqefGBU="},"chainType":1,"messageKeys":{}}}}},"version":"v1"}