{"_sessions":{"BTPg6osoJVXY7REepDESA7thFKx27Q3AZ8MRbQIfkAN+":{"registrationId":1871706517,"currentRatchet":{"ephemeralKeyPair":{"pubKey":"BeqRyAZ7ec4FjMcIUV2E9AFqA2a3n//5evSZRSqZJi4H","privKey":"4CW8zw7r4uoNNsKhwhxf0lEPVD4BGTFZ9I6RRtgVLEY="},"lastRemoteEphemeralKey":"BaSAs3YqmTf/dEHyc5kaflj+qFj+e3uEfViw+u8v+Ptc","previousCounter":0,"rootKey":"IsuFTx539Yczju3OS6dxuSPMIFklR0COCwFFRjso7U4="},"indexInfo":{"baseKey":"BTPg6osoJVXY7REepDESA7thFKx27Q3AZ8MRbQIfkAN+","baseKeyType":2,"closed":-1,"used":1683926600065,"created":1683926600065,"remoteIdentityKey":"BZoEGpdwtOC5oSjzLbVZ3FhtdWx62BwZC0jKShpdGAlq"},"_chains":{"BaSAs3YqmTf/dEHyc5kaflj+qFj+e3uEfViw+u8v+Ptc":{"chainKey":{"counter":0,"key":"FhcN9iIRAFebB+yY/hFcqAxbS6d0ac9wmeqXp5HKCgk="},"chainType":2,"messageKeys":{}},"BeqRyAZ7ec4FjMcIUV2E9AFqA2a3n//5evSZRSqZJi4H":{"chainKey":{"counter":-1,"key":"OfmW1/2SNrlRJ8q7slvk6WdeTDMvC6xpVTE6YifSPdU="},"chainType":1,"messageKeys":{}}}}},"version":"v1"}