{"_sessions":{"BStAfN/sT7jobtfGsoOH8fM2210N/zKskv5Fy+wCLbIB":{"registrationId":1942459175,"currentRatchet":{"ephemeralKeyPair":{"pubKey":"BSBo7zGJOoYY4mAwwyTM7lZXMDbYrt9VfVMvtaroZJcX","privKey":"+FaEwEI7QM6dEXNrI8zfw+L5mh6UjHLDRn1zKcCtOH0="},"lastRemoteEphemeralKey":"BRLm+Dw9N7AWQDv5JD1TvUu81CEVsP1nla/CpuBUO0hl","previousCounter":0,"rootKey":"5sLj++I0Df/q7MNNWqGS2kjF/nCvDyJGbXyd+C6ivm0="},"indexInfo":{"baseKey":"BStAfN/sT7jobtfGsoOH8fM2210N/zKskv5Fy+wCLbIB","baseKeyType":2,"closed":-1,"used":1683926616601,"created":1683926616601,"remoteIdentityKey":"BcMlJHZMp9RnESuimkVsuzZmae3fMhLCxxQNsjxWgaoo"},"_chains":{"BRLm+Dw9N7AWQDv5JD1TvUu81CEVsP1nla/CpuBUO0hl":{"chainKey":{"counter":0,"key":"yWoSgMQSmg3EeMwCvrhDHYbF3+Akwb73r8ggM2ArnLA="},"chainType":2,"messageKeys":{}},"BSBo7zGJOoYY4mAwwyTM7lZXMDbYrt9VfVMvtaroZJcX":{"chainKey":{"counter":-1,"key":"byYYUeXwgeDgxRCpJ49uqhkdgQppQHm6+Nxil93cBvs="},"chainType":1,"messageKeys":{}}}}},"version":"v1"}