{"_sessions":{"BQ1QQJk4D/8y9gNOVU1hf8+Wzl/VxHxry3zEcyEp5KB6":{"registrationId":1299889446,"currentRatchet":{"ephemeralKeyPair":{"pubKey":"Bd5BbrI02pp1npn6Sz1Mlamn9qoHezW86q9a3KEAyBdN","privKey":"8CXSLOg1DsBrkFdsagk4BgFJ4f8HiFfiwBlKDEA9PU4="},"lastRemoteEphemeralKey":"BXHVyyVQkDaF9N0Y/Q6fxnk+i1ISWBX3TL0mbpMPNFJ6","previousCounter":0,"rootKey":"ONE50fwMGj76qpNLHoQrb4DXQ/6pIK/vhMXzgERq7HM="},"indexInfo":{"baseKey":"BQ1QQJk4D/8y9gNOVU1hf8+Wzl/VxHxry3zEcyEp5KB6","baseKeyType":2,"closed":-1,"used":1683926600252,"created":1683926600252,"remoteIdentityKey":"BROWp7mL6TahzySLUud8X5tQ8xv7DudfEb3KuZ8sqQtL"},"_chains":{"BXHVyyVQkDaF9N0Y/Q6fxnk+i1ISWBX3TL0mbpMPNFJ6":{"chainKey":{"counter":0,"key":"WeSp4nmRf3xRVP5Lz4JfLFXbpdpaZZrk3UMSUIGW4cM="},"chainType":2,"messageKeys":{}},"Bd5BbrI02pp1npn6Sz1Mlamn9qoHezW86q9a3KEAyBdN":{"chainKey":{"counter":-1,"key":"7PGD1Ic/iWG7K/TuGa/e4LZn4LIvRYJTv9WTAZ2s084="},"chainType":1,"messageKeys":{}}}}},"version":"v1"}