{"_sessions":{"BWwEzPMeonAxHnddIa608bcfnMoIHHutHgcZ1ThQBXIL":{"registrationId":1703233285,"currentRatchet":{"ephemeralKeyPair":{"pubKey":"BRPfn+yfIFqMhBV9LPTpJ8HukoQjwGp45cefwPuOHf9t","privKey":"WC/VBTdDnbtO+81Gftya3+j2o5mLbtjafyWLtSD3fmw="},"lastRemoteEphemeralKey":"BVbOqQcmO2tY5nXgcLE4aK7LGO74WvjkFt8EJ+pFR8lm","previousCounter":0,"rootKey":"c3NME2Qcq8KQSp1vl9KiBshYKH8UvhIBz1oKzUKYLTU="},"indexInfo":{"baseKey":"BWwEzPMeonAxHnddIa608bcfnMoIHHutHgcZ1ThQBXIL","baseKeyType":2,"closed":-1,"used":1683926618269,"created":1683926618269,"remoteIdentityKey":"BRjAM5cID1krqet2QlQhUdPRoJ6RUMyCjU/lTk3kUFBd"},"_chains":{"BVbOqQcmO2tY5nXgcLE4aK7LGO74WvjkFt8EJ+pFR8lm":{"chainKey":{"counter":0,"key":"iD7EUtEmJ0kaf4MesUtxQiPXdGf+hxsP4vAdHKmcqaU="},"chainType":2,"messageKeys":{}},"BRPfn+yfIFqMhBV9LPTpJ8HukoQjwGp45cefwPuOHf9t":{"chainKey":{"counter":-1,"key":"iYeJh/kRCJcj+tI0X4dOzD9G0zgaONwki1ZckuSEebQ="},"chainType":1,"messageKeys":{}}}}},"version":"v1"}