{"_sessions":{"BfODfNH8JDuqsUp0mLdu4pPgv588BZtp95y7psppSFQO":{"registrationId":1083961340,"currentRatchet":{"ephemeralKeyPair":{"pubKey":"BSfwb1MpV57broPIchPA+WHHcrDocSTCy+2AyfZIlb1P","privKey":"2G1DqeJFawzM7zosAHGoHOWpnOHifwcZgYZPqczIVkE="},"lastRemoteEphemeralKey":"BUb++8z+ksnkyCPQZrv/5cMHJW+O8N9cOuNqTRXwDS85","previousCounter":0,"rootKey":"LtAw435zfMy1G+eMQeEHLbEz5hqB84f+l5jt/bRzSjI="},"indexInfo":{"baseKey":"BfODfNH8JDuqsUp0mLdu4pPgv588BZtp95y7psppSFQO","baseKeyType":2,"closed":-1,"used":1683926596991,"created":1683926596991,"remoteIdentityKey":"BRYy6CBvuKcbvzos5jtF/jltLn+0muFZN97JzLtLTFZ/"},"_chains":{"BUb++8z+ksnkyCPQZrv/5cMHJW+O8N9cOuNqTRXwDS85":{"chainKey":{"counter":0,"key":"WSDY8oR0nz1rsr7zDFhQ0X7l3c3H8PWh0Dla6djgkyg="},"chainType":2,"messageKeys":{}},"BSfwb1MpV57broPIchPA+WHHcrDocSTCy+2AyfZIlb1P":{"chainKey":{"counter":-1,"key":"xEfSMnzPprOX8uVPx7v8c89+L9G6KAM37b5fonIp33o="},"chainType":1,"messageKeys":{}}}}},"version":"v1"}