{"_sessions":{"BbgCrXNrlhD+NCGAMfPdO0uoAQE0q61v5m4dY++GSJRH":{"registrationId":261006616,"currentRatchet":{"ephemeralKeyPair":{"pubKey":"Ba3+DoT9TGPtkA+s/2jC66d8duud5fdXRnSn3B2VepAh","privKey":"yHchnqmSIiA2TpUw6LZcWnf0SkYjVFiW4YzVVVUP+lI="},"lastRemoteEphemeralKey":"BfX5/fu4ltJHnzmXm+ZGyQZp+kl9DJtqnI1mgDfvXAM0","previousCounter":0,"rootKey":"oTkcbISUuASkXoNl46DQTe9cRQxw+qpHnH20DwOB4Ls="},"indexInfo":{"baseKey":"BbgCrXNrlhD+NCGAMfPdO0uoAQE0q61v5m4dY++GSJRH","baseKeyType":2,"closed":-1,"used":1683926645281,"created":1683926645281,"remoteIdentityKey":"BRt7O2m9cQxEScnGyyr/rGuUO2gshmZFyAlhshFAKzMm"},"_chains":{"BfX5/fu4ltJHnzmXm+ZGyQZp+kl9DJtqnI1mgDfvXAM0":{"chainKey":{"counter":1,"key":"xUHdRGlY+YkrDXIROAZ8wlpUqJdZpcc89YEh1HxgTpE="},"chainType":2,"messageKeys":{"0":"McsTxlC5LIf5mb7ZwfdyL5yUrVes56AeZ5d6TnIl4b0="}},"Ba3+DoT9TGPtkA+s/2jC66d8duud5fdXRnSn3B2VepAh":{"chainKey":{"counter":-1,"key":"5rqt2QRBBUUVR37p/NwNg31OhBhvlqVsHrMGcrRYlqQ="},"chainType":1,"messageKeys":{}}}}},"version":"v1"}