{"_sessions":{"BV/+idHZDk9rC1n10CNDLG41/9zrLPBCrWER7tkdK9N7":{"registrationId":1284080533,"currentRatchet":{"ephemeralKeyPair":{"pubKey":"BbpAcYgGPtnDaRD5QxVPtz85t7P6wyM0qawQ2QG681tp","privKey":"EI85tM9t2VJQuUM6lLLn02aquOkeGH10xP4MHFqUa24="},"lastRemoteEphemeralKey":"BaJ7NE7TTYmjdAwgR6OjlXm7snYVtQZ1AxyG5OsOomd2","previousCounter":0,"rootKey":"lrJuM9ewzZ/GktjLbsTom5CW56T1BfCFQhaSMHPzPSM="},"indexInfo":{"baseKey":"BV/+idHZDk9rC1n10CNDLG41/9zrLPBCrWER7tkdK9N7","baseKeyType":2,"closed":-1,"used":1683926597689,"created":1683926597689,"remoteIdentityKey":"BZzuxqyLuuTAD71ovsd6Eh7KBuTtN6LmkW2Yey4U7qdY"},"_chains":{"BaJ7NE7TTYmjdAwgR6OjlXm7snYVtQZ1AxyG5OsOomd2":{"chainKey":{"counter":0,"key":"pmNTXEAzSwANfSTnYi8ES3fV33tXJU0jTax7L44JW1M="},"chainType":2,"messageKeys":{}},"BbpAcYgGPtnDaRD5QxVPtz85t7P6wyM0qawQ2QG681tp":{"chainKey":{"counter":-1,"key":"DSDY0BlM+o9KvZVmTshtDoHV3okO6ngAq/WjnmJ8doA="},"chainType":1,"messageKeys":{}}}}},"version":"v1"}