{"_sessions":{"BYbwJsJEImubGzNKTt7+oeYxGtc2fSpGtyZWIZ3ZqIQG":{"registrationId":1985519298,"currentRatchet":{"ephemeralKeyPair":{"pubKey":"BTySvZ/5N4sg0+mBmnjjEXIdafu5O04DZWIQagaLJVZu","privKey":"OCAL1EvuXgnAIain/58UAmFA36cKjLoudDCIc2Rh6Go="},"lastRemoteEphemeralKey":"Be9NClifg/8WccRovh0mvnaCnYYTYuFU9cG483X4sZJq","previousCounter":0,"rootKey":"piYL97qQ3KsMt9mkSHJdOSLzL72s7auifcIDpZ6Hsbg="},"indexInfo":{"baseKey":"BYbwJsJEImubGzNKTt7+oeYxGtc2fSpGtyZWIZ3ZqIQG","baseKeyType":2,"closed":-1,"used":1683926597387,"created":1683926597387,"remoteIdentityKey":"BfJUKZ+/TJYFamwR+4xX867WtrmllMGACCAcFGoRwFQE"},"_chains":{"Be9NClifg/8WccRovh0mvnaCnYYTYuFU9cG483X4sZJq":{"chainKey":{"counter":0,"key":"D98zhF2wTxMM8jgsbLXzHGUPmMZoNVkZbpgaxU50yF8="},"chainType":2,"messageKeys":{}},"BTySvZ/5N4sg0+mBmnjjEXIdafu5O04DZWIQagaLJVZu":{"chainKey":{"counter":-1,"key":"jaE/3QgbPMJ9+/1DEbWQDh7z+7SR6oqXuoh4ce1ZVfU="},"chainType":1,"messageKeys":{}}}}},"version":"v1"}