{"_sessions":{"BS/Qb0SqfuI/M4oPxhs/YUboKeGEfqfPG6z6MAUqreVt":{"registrationId":936531870,"currentRatchet":{"ephemeralKeyPair":{"pubKey":"BZAON/4ZwhV560HWOBhG6ccq9CnkyFEA5tOZfrFqzn4p","privKey":"GHKzrRmTMGadoPV/gwt/r6piq6CLi/nFTNu8+rijWmw="},"lastRemoteEphemeralKey":"BVOQpIpvKyzbnmwEhGpIIEbbukzONcKxgp9rCXS8Szpp","previousCounter":0,"rootKey":"sonz+0yKYgEj3XZNGCJnhyp8jUM1xLVhXadLvjs52kg="},"indexInfo":{"baseKey":"BS/Qb0SqfuI/M4oPxhs/YUboKeGEfqfPG6z6MAUqreVt","baseKeyType":2,"closed":-1,"used":1683926601625,"created":1683926601625,"remoteIdentityKey":"BTBmbcEenLJ25Mk0zh1Q2ryYkx3sXjXVPOqpFWyQCkRY"},"_chains":{"BVOQpIpvKyzbnmwEhGpIIEbbukzONcKxgp9rCXS8Szpp":{"chainKey":{"counter":0,"key":"/kN7jdchHo7drmT5AxLPDSmtRJAtmNURpjYgZfARAfQ="},"chainType":2,"messageKeys":{}},"BZAON/4ZwhV560HWOBhG6ccq9CnkyFEA5tOZfrFqzn4p":{"chainKey":{"counter":-1,"key":"ZZT+0y2St8LDqP4gZoQctUkv/+BYE23v+rchL61yM1k="},"chainType":1,"messageKeys":{}}}}},"version":"v1"}