{"_sessions":{"BTw7qApHtuwxmaJD6/zjSKcAl4/RFNilIBwX/5BLnpRc":{"registrationId":640982149,"currentRatchet":{"ephemeralKeyPair":{"pubKey":"BbdeJD0tHpSQeCnKrpCkjfaTY1XBIFIwpKwQCwU5r3MS","privKey":"MLOCcMTuW/fPUPbvrDpElRSD1d72in0pC7Fh5Q5Gz00="},"lastRemoteEphemeralKey":"BanbeHhc2By0UkDqB6540fUbaSI9jdvEl0VLDnhWKGhV","previousCounter":0,"rootKey":"v5BmO88Sluy6aiPgDu36m/DvlP5pokLSJ2BjaCOoSh8="},"indexInfo":{"baseKey":"BTw7qApHtuwxmaJD6/zjSKcAl4/RFNilIBwX/5BLnpRc","baseKeyType":2,"closed":-1,"used":1683926597450,"created":1683926597450,"remoteIdentityKey":"BQXb1gelynTS+BVPYUTUoV38tkEVOoe6M2gWEiwUQadx"},"_chains":{"BanbeHhc2By0UkDqB6540fUbaSI9jdvEl0VLDnhWKGhV":{"chainKey":{"counter":0,"key":"xZIljx+alSCQcj+kMJaT1BBlBmGUOZG8lkqjgBQ33gk="},"chainType":2,"messageKeys":{}},"BbdeJD0tHpSQeCnKrpCkjfaTY1XBIFIwpKwQCwU5r3MS":{"chainKey":{"counter":-1,"key":"JP7Vaf9liDsD3ldeZ8Y1DPx+R4a3ZowbqkAsBisQevk="},"chainType":1,"messageKeys":{}}}}},"version":"v1"}