{"_sessions":{"Bfd2NsjGCrm7DWBLf6MG5WL9oMrAlYBorBJKFeHlKw8D":{"registrationId":1116125166,"currentRatchet":{"ephemeralKeyPair":{"pubKey":"Bad+BTEV3J3dC+cSV7aZZG9GQO76W5MvTtFghspu8B1M","privKey":"qAIbhfOC/F4RMa0kYvSxagh02zNPTtBoD5lCzaoPCmE="},"lastRemoteEphemeralKey":"BbKnfWyz7J/VqeT6vMuezrZj0QfexmBlHdWSvrxpcxlA","previousCounter":0,"rootKey":"IAvt8zwXSnBMNqf7xlQ90n2gm7z9LKhMH4A8RExNGP4="},"indexInfo":{"baseKey":"Bfd2NsjGCrm7DWBLf6MG5WL9oMrAlYBorBJKFeHlKw8D","baseKeyType":2,"closed":-1,"used":1683939807072,"created":1683939807072,"remoteIdentityKey":"BU4qN6xXIV+V8z0C6j9P9n993jS1MerzYkpX/gOMkrBW"},"_chains":{"BbKnfWyz7J/VqeT6vMuezrZj0QfexmBlHdWSvrxpcxlA":{"chainKey":{"counter":0,"key":"hvDnIJ+QcqSYJo4GFWsNeEv+q1dobKaqWQK9olG/Q5Q="},"chainType":2,"messageKeys":{}},"Bad+BTEV3J3dC+cSV7aZZG9GQO76W5MvTtFghspu8B1M":{"chainKey":{"counter":-1,"key":"XLq8J/TzaTEeGmYjh1BZOc7YcOrFbMyU4ZrT+szX1jo="},"chainType":1,"messageKeys":{}}}}},"version":"v1"}