{"_sessions":{"BeO3ExApZ0BG2JdnazA+0i8ef+aLff5VAL0iR4lwLygH":{"registrationId":677732351,"currentRatchet":{"ephemeralKeyPair":{"pubKey":"BeMeqlmbdHUR9hQr+xuV4KQeZM8zqsavjEr5dLlkrZt1","privKey":"+BoXzlWMRraqgbCp8p/6bqogDa8Au1A2dH+bFMm4BVQ="},"lastRemoteEphemeralKey":"Bczs/j2bMBVWNKoSyOVDN7tvMAPJDLq/Gu8F78bG/95M","previousCounter":0,"rootKey":"LZsnMa1YcuAzi+rNrMyoW5Y+3Tw1uCJEPaBYnKJIPd4="},"indexInfo":{"baseKey":"BeO3ExApZ0BG2JdnazA+0i8ef+aLff5VAL0iR4lwLygH","baseKeyType":2,"closed":-1,"used":1683926615633,"created":1683926615633,"remoteIdentityKey":"BaMrVC7WqTUEOoGOEOkldU7XBuCW6P7nvLgbbpgwMU16"},"_chains":{"Bczs/j2bMBVWNKoSyOVDN7tvMAPJDLq/Gu8F78bG/95M":{"chainKey":{"counter":0,"key":"uKJ23TYrz76ppP6vhOs+drbEa8ApKGIf/6egxMsCNz0="},"chainType":2,"messageKeys":{}},"BeMeqlmbdHUR9hQr+xuV4KQeZM8zqsavjEr5dLlkrZt1":{"chainKey":{"counter":-1,"key":"EpX3Z43ducxyXNXA74NE3v29tQWMgQOzPZ+kRxCvScw="},"chainType":1,"messageKeys":{}}}}},"version":"v1"}