{"_sessions":{"BR/Del0VEddux6H/fLZZvgTT93v1dpFmDLIUSPRQMAR6":{"registrationId":1415411430,"currentRatchet":{"ephemeralKeyPair":{"pubKey":"BVbqxaqDV0hBGJU39V0QPQJi+wBzYcjYVJsNQ1mPqm4M","privKey":"kHws/TeIlpp1LLL5c0DldaaQhGLsOZm0CCXJ0Fg0T1M="},"lastRemoteEphemeralKey":"BSqzXwyWasc4quM61PJELrrhweWp4tsAPFwR/FmfgzcQ","previousCounter":0,"rootKey":"zXKbQbWNMkmLGRIubxoJeWhHwakAPgNRNiim3r7coBk="},"indexInfo":{"baseKey":"BR/Del0VEddux6H/fLZZvgTT93v1dpFmDLIUSPRQMAR6","baseKeyType":2,"closed":-1,"used":1683926602919,"created":1683926602919,"remoteIdentityKey":"BZzumq2IkcdSmEAOCkjQN+am4D0uRclrvKoqotFaZaZR"},"_chains":{"BSqzXwyWasc4quM61PJELrrhweWp4tsAPFwR/FmfgzcQ":{"chainKey":{"counter":1,"key":"KeksgWHoAA9jcHIOzQEcFYNpFDZ7ulAL3pHx7ilg6n4="},"chainType":2,"messageKeys":{}},"BVbqxaqDV0hBGJU39V0QPQJi+wBzYcjYVJsNQ1mPqm4M":{"chainKey":{"counter":-1,"key":"7EnSBtuV652hzqOhX7TLat9WU122PosrGt9tvf0CQxY="},"chainType":1,"messageKeys":{}}}}},"version":"v1"}