{"_sessions":{"BVRq657W7agXgp5llgMEYx/4yx4BQ03Dj0eSqWKhrUBP":{"registrationId":1679893152,"currentRatchet":{"ephemeralKeyPair":{"pubKey":"BQoT2Olb8F/U3Rv8bfKh5aadY76I9MPjDA+10sMh5hVU","privKey":"kIRXKOspZKm5a8IZgJ3tMip/Swu7euMx9J0llUz+jmw="},"lastRemoteEphemeralKey":"BVktVevrfljlAlS3ZeiDANZR+/IdTee2PQ/X2qGneLxU","previousCounter":0,"rootKey":"fC60DL6TUGBbrDhEIZ77+sHl4VoqFITLL/hE/iEaipM="},"indexInfo":{"baseKey":"BVRq657W7agXgp5llgMEYx/4yx4BQ03Dj0eSqWKhrUBP","baseKeyType":2,"closed":-1,"used":1683926598289,"created":1683926598289,"remoteIdentityKey":"BdrkAv7tjxyGRpV7G1kT5Z8hQcFHuDAypH2232Fgp5pU"},"_chains":{"BVktVevrfljlAlS3ZeiDANZR+/IdTee2PQ/X2qGneLxU":{"chainKey":{"counter":0,"key":"5E8gjVlByi1dTNPS8ogt3aKrMemQEpxFUPScRArf1bg="},"chainType":2,"messageKeys":{}},"BQoT2Olb8F/U3Rv8bfKh5aadY76I9MPjDA+10sMh5hVU":{"chainKey":{"counter":-1,"key":"cEtr0MFuoH2sIZCG6B4ivvTDo3Pk8XNOXYzr0CxAk/8="},"chainType":1,"messageKeys":{}}}}},"version":"v1"}