{"_sessions":{"BZrR+xd/gYv22p1+fsHxItrp7wC0NzOvM0mXmoU3q+II":{"registrationId":879928270,"currentRatchet":{"ephemeralKeyPair":{"pubKey":"BS2ke3h8MmkX+HyYNx9pEMiK5fD5C5yVAe7G3+1UV8cn","privKey":"CGS2bMALRFW2vudK4mMLcnqF6NzZllqiLgbYkOs7iVM="},"lastRemoteEphemeralKey":"BbC8qzDhSjOOq8viBzRvt/Z91xEzT87xbSd3E4HS+2pd","previousCounter":0,"rootKey":"nfMk6hGlrg+uNU7bd8iPu1hBq8PXPJvCdoN2ShRsXfc="},"indexInfo":{"baseKey":"BZrR+xd/gYv22p1+fsHxItrp7wC0NzOvM0mXmoU3q+II","baseKeyType":2,"closed":-1,"used":1683926616298,"created":1683926616298,"remoteIdentityKey":"BabD5V9ByrGF78rS5ePJ73OOkGqbajFC1874YqAvCJUh"},"_chains":{"BbC8qzDhSjOOq8viBzRvt/Z91xEzT87xbSd3E4HS+2pd":{"chainKey":{"counter":0,"key":"4+4smJcWJN1944qt4w6sp4B0aW9/prvfCfJBc2BwRHU="},"chainType":2,"messageKeys":{}},"BS2ke3h8MmkX+HyYNx9pEMiK5fD5C5yVAe7G3+1UV8cn":{"chainKey":{"counter":-1,"key":"MJlqtXhVgO9lkZDnDgHMmzeB3nrE4gsBsC4jdzcWtqM="},"chainType":1,"messageKeys":{}}}}},"version":"v1"}