{"_sessions":{"BcNJTQVJ6DMttdGpHacf2AdK/TeNhsqRejwdd3zgKvs+":{"registrationId":233174248,"currentRatchet":{"ephemeralKeyPair":{"pubKey":"BXg7vVokrExO3418O2b2WToZzUc65k3Y2z1xrBeARdRO","privKey":"oI+gZlyVLOm9tFfVGWkKWKJ4aIxDXB14+RuMqZ4kJFo="},"lastRemoteEphemeralKey":"BZaH8DIdQ3vxDbAnHZWPrpLhCdgBJUOhw3tmxHVak1A0","previousCounter":0,"rootKey":"FRuPZtxRjn1FVWLgBDK9ThyvsrfZYtBzZkf2KHFj+2s="},"indexInfo":{"baseKey":"BcNJTQVJ6DMttdGpHacf2AdK/TeNhsqRejwdd3zgKvs+","baseKeyType":2,"closed":-1,"used":1683926598620,"created":1683926598620,"remoteIdentityKey":"BTMIC35ypprIrnr+QEkJ4fvRvnVlZ8ggXcsZKvdNAiE2"},"_chains":{"BZaH8DIdQ3vxDbAnHZWPrpLhCdgBJUOhw3tmxHVak1A0":{"chainKey":{"counter":0,"key":"xAu3se+VBhx+uaVxUUrIHiGSP9InSJv8RMTAjy3sxFY="},"chainType":2,"messageKeys":{}},"BXg7vVokrExO3418O2b2WToZzUc65k3Y2z1xrBeARdRO":{"chainKey":{"counter":-1,"key":"1Q94FqALFcP7hJC11WYxdXjF/OProR9ocK/Wzedn0bQ="},"chainType":1,"messageKeys":{}}}}},"version":"v1"}