{"_sessions":{"Bbjy25t4xYbdwRksBP4gEzJJX2MffwfOvR5rCAQ2nKgE":{"registrationId":643811349,"currentRatchet":{"ephemeralKeyPair":{"pubKey":"BQpk0JxmOH3gtJkiCyoEaDWec0dBMlqEVxIL6rrc9Xk9","privKey":"IOTxkxMdXZnMTUMTrnMczWp3rcWAmcFV1xCf+Zfqw28="},"lastRemoteEphemeralKey":"BTIAJ7U5q6cR3RrngPb8ZVNiIb6AH+UeFJHpcOo+U9cC","previousCounter":0,"rootKey":"15mV7p8hYqGof2Ad+U4xnL/ezC7MWRPzBx6NRTDlSws="},"indexInfo":{"baseKey":"Bbjy25t4xYbdwRksBP4gEzJJX2MffwfOvR5rCAQ2nKgE","baseKeyType":1,"closed":-1,"used":1683928606428,"created":1683928606428,"remoteIdentityKey":"Bf0exuxgCvf4PukyXqdAOWC8nLkdpqPa+OI/BECB8Z4U"},"_chains":{"BQpk0JxmOH3gtJkiCyoEaDWec0dBMlqEVxIL6rrc9Xk9":{"chainKey":{"counter":13,"key":"jMRrwuEX3lwaoIL5C4s894N6B2upSdMUirtOfHJ/WXM="},"chainType":1,"messageKeys":{}}},"pendingPreKey":{"signedKeyId":7,"baseKey":"Bbjy25t4xYbdwRksBP4gEzJJX2MffwfOvR5rCAQ2nKgE","preKeyId":1779810}}},"version":"v1"}