{"_sessions":{"BXNmNmxDFDmfyWUZ5b4F4dSB+CXxKAXPRin+ZgMt8ecy":{"registrationId":1581988045,"currentRatchet":{"ephemeralKeyPair":{"pubKey":"Bf4v3cxOFXru4aN7RnvFhdBUYhL7woaZJlLG9YHU9PQA","privKey":"EOWnGmxMmTocwSh0JnvEqFlLVKPl3yJ/60/DkJoosmU="},"lastRemoteEphemeralKey":"BQTd3y8xrtVcenl5eIbrWIua28pxq9vziklwYvqbHhp8","previousCounter":0,"rootKey":"Za4vy7TdoGxJaKf417diQSEm1kKFXSov3mxnozNH2pc="},"indexInfo":{"baseKey":"BXNmNmxDFDmfyWUZ5b4F4dSB+CXxKAXPRin+ZgMt8ecy","baseKeyType":2,"closed":-1,"used":1683926600693,"created":1683926600693,"remoteIdentityKey":"BdqxH2aBZ+sqYmLaunhPZcb2DCjBBW+Lv9qHnYl6dJd8"},"_chains":{"BQTd3y8xrtVcenl5eIbrWIua28pxq9vziklwYvqbHhp8":{"chainKey":{"counter":0,"key":"bLAwaj/ykvMwzVshspDmylX88drkLCPU6cHpThbCzeA="},"chainType":2,"messageKeys":{}},"Bf4v3cxOFXru4aN7RnvFhdBUYhL7woaZJlLG9YHU9PQA":{"chainKey":{"counter":-1,"key":"Iq04ke5zF9g4vFBMrsfIPOlrhX1hjVbqbBZ6qJK+Ino="},"chainType":1,"messageKeys":{}}}}},"version":"v1"}