{"_sessions":{"BYYO3fpfxLqyWUbnj4j+tJ0eugtoi6oGd8p1tJYQjo9F":{"registrationId":1039,"currentRatchet":{"ephemeralKeyPair":{"pubKey":"BbEPZsjW7zWOS3JDTWsG7ob1I0/kyWCcC+hP7j4zV9JW","privKey":"mHisRwvAxti900a6y701/ise513ORKWy9utE2JWCUmA="},"lastRemoteEphemeralKey":"BYLoWw++bbFzzKVoziDUZ+iwm1njdt32uNbQ/rU2BVoM","previousCounter":0,"rootKey":"cqDieSoRTDjW2fGmsn53mSwDm7tMGAL72cTn5rprrqg="},"indexInfo":{"baseKey":"BYYO3fpfxLqyWUbnj4j+tJ0eugtoi6oGd8p1tJYQjo9F","baseKeyType":1,"closed":-1,"used":1683941621309,"created":1683941621309,"remoteIdentityKey":"BXZek/4LaiMsCEJJs+g1q1ouYMzidCunfjYiyyU4Uvt9"},"_chains":{"BbEPZsjW7zWOS3JDTWsG7ob1I0/kyWCcC+hP7j4zV9JW":{"chainKey":{"counter":0,"key":"X/kAREvxNbjA+9Wtd6hZx737ES0YsbRfpPA2Bv6aNJQ="},"chainType":1,"messageKeys":{}}},"pendingPreKey":{"signedKeyId":1,"baseKey":"BYYO3fpfxLqyWUbnj4j+tJ0eugtoi6oGd8p1tJYQjo9F","preKeyId":1152}}},"version":"v1"}