{"_sessions":{"BdeftQYYhDo7jNyjVC319b6cCAImGNKgUIVpeRPKMLR8":{"registrationId":586465814,"currentRatchet":{"ephemeralKeyPair":{"pubKey":"BS0M1x2eopK3SxXiGKB90VBHtq/48UqYyfFyLdf7fQpF","privKey":"ILkCjvV55qKek5HFpt1yB5AoWWKxeyl6faUXc1ahN2M="},"lastRemoteEphemeralKey":"BVRxV+ULxGg3C6+pBRC+rPF9s4orgUSPWG1eGA2Sp0BR","previousCounter":0,"rootKey":"UCBJ7B9Df/AJC0eVmeXrVSl0t3MHJqo2lrtQPCGBEF0="},"indexInfo":{"baseKey":"BdeftQYYhDo7jNyjVC319b6cCAImGNKgUIVpeRPKMLR8","baseKeyType":2,"closed":-1,"used":1683926597354,"created":1683926597354,"remoteIdentityKey":"BRgdMF9lEyakJ7s4hbizmtdTt+18N86NxOozK/iFXOxM"},"_chains":{"BVRxV+ULxGg3C6+pBRC+rPF9s4orgUSPWG1eGA2Sp0BR":{"chainKey":{"counter":0,"key":"c6H/EZ173wpP5ef6AHW0MKcds0xwg3vDJnuJXBAnYF4="},"chainType":2,"messageKeys":{}},"BS0M1x2eopK3SxXiGKB90VBHtq/48UqYyfFyLdf7fQpF":{"chainKey":{"counter":-1,"key":"b7zIkaqq5HJRKYzY3xH5LIhad3SRNN9gOujYd2BucJM="},"chainType":1,"messageKeys":{}}}}},"version":"v1"}