{"_sessions":{"BZiUuIr3XhmB6ulQEySlbtsUub7wWuwcurpjR/znkgNo":{"registrationId":719168975,"currentRatchet":{"ephemeralKeyPair":{"pubKey":"BUYJLyn6F/FnOZseUQZc4AcxcFQ6Z6wgQDIwZGbKenVS","privKey":"ICxffQpYkh+xVqpxr0kwmD670tX9wETKazbC4K3QTUM="},"lastRemoteEphemeralKey":"Bet+8YGXaDfNUzPXw2S+KKyOZKUKairM2xEeVXlWQ6kJ","previousCounter":0,"rootKey":"MWWsPQos3qxBO8dU0zgEEnZzqtcDOrCYmsKa84H/mj0="},"indexInfo":{"baseKey":"BZiUuIr3XhmB6ulQEySlbtsUub7wWuwcurpjR/znkgNo","baseKeyType":1,"closed":-1,"used":1683941621344,"created":1683941621344,"remoteIdentityKey":"BRZY07Oi2V6VXt5Kqkcv4ecmQFO1nsuTGWrE2Ue+ZiMp"},"_chains":{"BUYJLyn6F/FnOZseUQZc4AcxcFQ6Z6wgQDIwZGbKenVS":{"chainKey":{"counter":0,"key":"yV92iiXZhvumQPJYX0y4h3PlOANNBe2AO13GUBUhUww="},"chainType":1,"messageKeys":{}}},"pendingPreKey":{"signedKeyId":0,"baseKey":"BZiUuIr3XhmB6ulQEySlbtsUub7wWuwcurpjR/znkgNo","preKeyId":4836171}}},"version":"v1"}