{"_sessions":{"BecKAeBDQ5Awq6izf4wLpLfdCnNWBBSmZF3Js3+9lFwH":{"registrationId":831078463,"currentRatchet":{"ephemeralKeyPair":{"pubKey":"Betc28bKu3oCtD7KkaE17em1Q+HIWsXM33R5eMxvfFxX","privKey":"WHG4DZfmENVoUWvBvoxWS0JNIQg60fsbuA6LLaPOslw="},"lastRemoteEphemeralKey":"BRn7VRCr/ndK8PnE3QUCWMWgiinHrv+pUNstHWsypXJ1","previousCounter":0,"rootKey":"wNQflCSzEjlfHcc5qukYTO8KFExTjG+lhctWlYGg2aE="},"indexInfo":{"baseKey":"BecKAeBDQ5Awq6izf4wLpLfdCnNWBBSmZF3Js3+9lFwH","baseKeyType":2,"closed":-1,"used":1683926601607,"created":1683926601607,"remoteIdentityKey":"BX18NoQeVAcVdWTFhanoPq875dR8/UvKRcO7FcZjqoRF"},"_chains":{"BRn7VRCr/ndK8PnE3QUCWMWgiinHrv+pUNstHWsypXJ1":{"chainKey":{"counter":1,"key":"NiQ6eL8MQIYu2LXGBZI9xtIcFiyhiuS/4IJIJJLT2EE="},"chainType":2,"messageKeys":{}},"Betc28bKu3oCtD7KkaE17em1Q+HIWsXM33R5eMxvfFxX":{"chainKey":{"counter":-1,"key":"DpLzP+qfh5EWr3Zkf0Osm0wvIGclwUSdwKbDIBEwKxA="},"chainType":1,"messageKeys":{}}}}},"version":"v1"}