{"_sessions":{"BRDXBAgJ6083lTuz93NdrsFUv2WT6mPvOS0NNb0TYUE8":{"registrationId":211,"currentRatchet":{"ephemeralKeyPair":{"pubKey":"BVSnHnUXunCqe4/aM0S5XgM/5RW2uabUFk+V7Qvw7246","privKey":"4KIE0pwAGecDu3W8mafa7v85yTU+o/genVZqr+w7hFU="},"lastRemoteEphemeralKey":"Bfzo9lTeMetdCD+6Tz0KlfyB5X5ILMei8jg0kzO/Fcor","previousCounter":0,"rootKey":"rM2D84c/7RwvcwJb3tzcXa64PGkTZsNph+Wei8SNTVg="},"indexInfo":{"baseKey":"BRDXBAgJ6083lTuz93NdrsFUv2WT6mPvOS0NNb0TYUE8","baseKeyType":1,"closed":-1,"used":1683941621258,"created":1683941621258,"remoteIdentityKey":"BTThmzwjWj8wJaYQSd42OzOEc9Id5xMfkaFdcnY0Lhl5"},"_chains":{"BVSnHnUXunCqe4/aM0S5XgM/5RW2uabUFk+V7Qvw7246":{"chainKey":{"counter":0,"key":"B91VIlkLL0vxRuyGPoPCAVrC/aFAsm7h8Qy9pvtgNSQ="},"chainType":1,"messageKeys":{}}},"pendingPreKey":{"signedKeyId":1,"baseKey":"BRDXBAgJ6083lTuz93NdrsFUv2WT6mPvOS0NNb0TYUE8"}}},"version":"v1"}