{"_sessions":{"BYbtdrVse6qEpOAXBCweB4OBSdRC0WkuFqo0Pu9nIP52":{"registrationId":332167494,"currentRatchet":{"ephemeralKeyPair":{"pubKey":"BWwHRxVwMlADMucqavam6TNIv2Fwz3hrAa0Gi4+dMFcB","privKey":"gH/RMm3yQJUHAMJX1n8LtzyUSDrk1F6NU7zuITyYKHw="},"lastRemoteEphemeralKey":"BT3qWfxElGnXdZu9XzDczdHNtgwP1aAjtisC0TLLFfBx","previousCounter":0,"rootKey":"HJFVDWaFD8INhidsgt+bekyM5ar6XVsMn90MzllgScw="},"indexInfo":{"baseKey":"BYbtdrVse6qEpOAXBCweB4OBSdRC0WkuFqo0Pu9nIP52","baseKeyType":2,"closed":-1,"used":1683926596747,"created":1683926596747,"remoteIdentityKey":"BSSViafgMO7pkQIB37JuxGRQdKJvAKJ2vQGztTMqGr5Z"},"_chains":{"BT3qWfxElGnXdZu9XzDczdHNtgwP1aAjtisC0TLLFfBx":{"chainKey":{"counter":0,"key":"jxLnC7LadT9IVAprt+exIy1kWX7P6SvxpTFM545SBtI="},"chainType":2,"messageKeys":{}},"BWwHRxVwMlADMucqavam6TNIv2Fwz3hrAa0Gi4+dMFcB":{"chainKey":{"counter":-1,"key":"XCasKpVQJEOX80OymJzaqqTc/FKU/UAfcdXkS4M4+P0="},"chainType":1,"messageKeys":{}}}}},"version":"v1"}