{"_sessions":{"BWLInr5RHp50xsLg9RXB+BknVJ81iAAIdgatU/bGPy0c":{"registrationId":108942500,"currentRatchet":{"ephemeralKeyPair":{"pubKey":"Bbs1mR+CPCr2YsWzQUp0JfmHvrWS+DkA/HEeAgNS7OND","privKey":"MDcZbryJPEaLOxsxcLsCqoZxyOuaLCaSEaDX47TZ3EI="},"lastRemoteEphemeralKey":"Bc1s5wW1O0KXtIuFcXAbERcWpvWyObE3bG903HWqlBph","previousCounter":0,"rootKey":"NwHX+NX9PMpkIoU6B4lBquhfRV3slTirG5pxE036qvI="},"indexInfo":{"baseKey":"BWLInr5RHp50xsLg9RXB+BknVJ81iAAIdgatU/bGPy0c","baseKeyType":2,"closed":-1,"used":1683939806900,"created":1683939806900,"remoteIdentityKey":"BRmDTrryifTs3NT896B9LuLEyEaUxOdxRS2IXLgiz7Zi"},"_chains":{"Bc1s5wW1O0KXtIuFcXAbERcWpvWyObE3bG903HWqlBph":{"chainKey":{"counter":6,"key":"63yzObHp4FZNdkCeuaJzxmfouAoDdZtstAoZqZCpt4w="},"chainType":2,"messageKeys":{}},"Bbs1mR+CPCr2YsWzQUp0JfmHvrWS+DkA/HEeAgNS7OND":{"chainKey":{"counter":-1,"key":"3G6VvMH+aYo64jDMt1avnE+4hHnRN5NOHmmxOW6EYFY="},"chainType":1,"messageKeys":{}}}}},"version":"v1"}