{"_sessions":{"BScCMRS374ikV+HPGhhxUaxfQwTFN+5+qs3kmLk9/GYj":{"registrationId":1744641432,"currentRatchet":{"ephemeralKeyPair":{"pubKey":"BQAEw194HjKvHzmg3+o1NmjRm3Ph9TBgH6VzYB4hdY8d","privKey":"gA89FsNBjDDNmeN/unVgKX96ZNiBjJB0kA1NAg8qb20="},"lastRemoteEphemeralKey":"BcbCf+e/zVo3mYc8q5fjR/CSlcoxI2WImIZQ5HTVW90F","previousCounter":0,"rootKey":"6sais4tCz3Bv+AanuvG8v1r5XVX40C3rGxNbKWpSFqE="},"indexInfo":{"baseKey":"BScCMRS374ikV+HPGhhxUaxfQwTFN+5+qs3kmLk9/GYj","baseKeyType":2,"closed":-1,"used":1683926598748,"created":1683926598748,"remoteIdentityKey":"BSkJRgmwEaZrHpAY1MFQurTs4MgLS2NhSuWyyCMN4CQJ"},"_chains":{"BcbCf+e/zVo3mYc8q5fjR/CSlcoxI2WImIZQ5HTVW90F":{"chainKey":{"counter":1,"key":"+9wYBJLTucXE83+zL+6wlJFULpakwGgW+ddXAIBrYL0="},"chainType":2,"messageKeys":{}},"BQAEw194HjKvHzmg3+o1NmjRm3Ph9TBgH6VzYB4hdY8d":{"chainKey":{"counter":-1,"key":"4KQiEAFEf9dOo0Sthqmz+EjbOw/TrkDwWsskQ6+MNps="},"chainType":1,"messageKeys":{}}}}},"version":"v1"}