{"_sessions":{"BW4IwYHLr4jSAcJpS0NPrumJqGKTfogCoWXvf8WdjHMP":{"registrationId":589482269,"currentRatchet":{"ephemeralKeyPair":{"pubKey":"BatvydJ23tCVRb4kFzYzUPSHRYXn4bcgcNaO7fIcVXYc","privKey":"gDe0oEsBAESx4YjUfoARFm0DzdF2EZxn9YvKfB8/4kY="},"lastRemoteEphemeralKey":"BfGOsBw8QeB7r/bP7RFXqvO+wF4IDsPgFkaaohza+jQ4","previousCounter":0,"rootKey":"WvkMgmfHD69Sc3xt/rbewoUd81x1gNt9nAAHMg0r1iw="},"indexInfo":{"baseKey":"BW4IwYHLr4jSAcJpS0NPrumJqGKTfogCoWXvf8WdjHMP","baseKeyType":2,"closed":-1,"used":1683926598768,"created":1683926598768,"remoteIdentityKey":"BZsZLMf/RuI2ACOgKaFAsFt45DmxT92Zlex5JNd+8IQ/"},"_chains":{"BfGOsBw8QeB7r/bP7RFXqvO+wF4IDsPgFkaaohza+jQ4":{"chainKey":{"counter":0,"key":"yYFBr9CUt7YTpv3Uk64cuOVc+HrunzS/5cGcHkvhciM="},"chainType":2,"messageKeys":{}},"BatvydJ23tCVRb4kFzYzUPSHRYXn4bcgcNaO7fIcVXYc":{"chainKey":{"counter":-1,"key":"LC5oVHC3hUvLt4emmBeXkI5MVKjkWWnu8M+fIgmBm3U="},"chainType":1,"messageKeys":{}}}}},"version":"v1"}