{"_sessions":{"BdO7RCWlrARzvkdojWu9us9Ly11DajzYfRkmNFiIZl8T":{"registrationId":405762895,"currentRatchet":{"ephemeralKeyPair":{"pubKey":"BUrwx1RCFKpQaDNXuC7ywE4cXAPVsXf0gYGeLzU7rlR8","privKey":"oGe+QwR2mJLCIj/kOEoWWXYc8H+dirjQl7ZmxyV4F1U="},"lastRemoteEphemeralKey":"BZ728YNbUJaDy05i5ti8b9LaPPqfr92ha2D6ezMUrgcQ","previousCounter":0,"rootKey":"YOortV6oa9ApErUMlZTMnPutuFgAZxmxD4LqD6+PdDo="},"indexInfo":{"baseKey":"BdO7RCWlrARzvkdojWu9us9Ly11DajzYfRkmNFiIZl8T","baseKeyType":2,"closed":-1,"used":1683926601004,"created":1683926601004,"remoteIdentityKey":"BdSx8/qqFswb5q/NTxSYhgd7ZfdpTvLKHN5BjWldIrUf"},"_chains":{"BZ728YNbUJaDy05i5ti8b9LaPPqfr92ha2D6ezMUrgcQ":{"chainKey":{"counter":0,"key":"UiGCP+yN3OntLIL0CG4gRgysaQCL1HI5UmkalfZEpjQ="},"chainType":2,"messageKeys":{}},"BUrwx1RCFKpQaDNXuC7ywE4cXAPVsXf0gYGeLzU7rlR8":{"chainKey":{"counter":-1,"key":"XnzWMza8Z86aywwjkkIyn0Z3xIxOiV1TKoPpsIq7PpM="},"chainType":1,"messageKeys":{}}}}},"version":"v1"}