{"_sessions":{"BfQ1/CmmxEw8pYnMOm3G6FMyWWxmmlvAZPcwTnDIBd4y":{"registrationId":1470798756,"currentRatchet":{"ephemeralKeyPair":{"pubKey":"BVIiasktxpeXPyGd1zwVkLpUVONsvyS1+u98luDYzpRB","privKey":"+KnN4au06tjjt1FcNWxDsh6RXstfbvmU1Fr+FL/Pz0A="},"lastRemoteEphemeralKey":"BYALei/rFNKFcVMKZ4zLsiZEKgBAY2p+r+JSFBBwDetI","previousCounter":0,"rootKey":"PevRk6U8kZLQ0p2ZqiQ2RAo0gUP50WiPko7LuONJmDQ="},"indexInfo":{"baseKey":"BfQ1/CmmxEw8pYnMOm3G6FMyWWxmmlvAZPcwTnDIBd4y","baseKeyType":2,"closed":-1,"used":1683926622568,"created":1683926622568,"remoteIdentityKey":"Bf/B/Rt870PbZeowKjmDvam0L67nAXRtuZktt5/3HuQa"},"_chains":{"BYALei/rFNKFcVMKZ4zLsiZEKgBAY2p+r+JSFBBwDetI":{"chainKey":{"counter":0,"key":"n0lW24Y89E3mwt5CDSac0qt0AQhBLDBFKl0t5i0u12o="},"chainType":2,"messageKeys":{}},"BVIiasktxpeXPyGd1zwVkLpUVONsvyS1+u98luDYzpRB":{"chainKey":{"counter":-1,"key":"bhzLiyC9pyN0ajmgpqO8IfZf6H6sVyKSXOVn2mNN6VE="},"chainType":1,"messageKeys":{}}}}},"version":"v1"}