{"_sessions":{"BSi4a58fAfglv0lVnwd+Xs+oaTCzeLjcMrEuHVRArP1i":{"registrationId":788753393,"currentRatchet":{"ephemeralKeyPair":{"pubKey":"Bb1qP3fzwczK9B0NRp9RUlLMjpp57U2EsoM/wo8BUUAK","privKey":"YJkcxmn4ovf6pweFQe/FN0Xh6lRSehSD7K4qMG7lDGg="},"lastRemoteEphemeralKey":"BY9iR8W0a5779JRVJxthEdqGx8vPV+4fDnVENbeYZNMP","previousCounter":0,"rootKey":"7wVr2WTCq1bdP2keI6J8PCdMe5n2VQmo/58rOu0TfpA="},"indexInfo":{"baseKey":"BSi4a58fAfglv0lVnwd+Xs+oaTCzeLjcMrEuHVRArP1i","baseKeyType":2,"closed":-1,"used":1683939829444,"created":1683939829444,"remoteIdentityKey":"BbmzWWaPrnZmd29bT8yN3EcB2vof0k6XwZanQsmViEda"},"_chains":{"BY9iR8W0a5779JRVJxthEdqGx8vPV+4fDnVENbeYZNMP":{"chainKey":{"counter":0,"key":"usB2vt6I1U1DoTOqhPmIxBx26ZQOCAGx+BklJwALT0s="},"chainType":2,"messageKeys":{}},"Bb1qP3fzwczK9B0NRp9RUlLMjpp57U2EsoM/wo8BUUAK":{"chainKey":{"counter":-1,"key":"mTGzVAjRJ4xY3kd+Q/m+2b3orrolHdWpnTp7xS1nFgk="},"chainType":1,"messageKeys":{}}}}},"version":"v1"}