{"_sessions":{"BThymbwf3Hl9ouGy3zmjvNDDFpzYQ7R/6J9vw9lm6pEG":{"registrationId":867431883,"currentRatchet":{"ephemeralKeyPair":{"pubKey":"BTApUi+DdxfcaZtK6L8Dvz6iELxfN+olHg5052a/YPpT","privKey":"QB4HdWYlQ73kltx2x+AXbTf08zB1ItwYcvZIrDlSOnk="},"lastRemoteEphemeralKey":"BYGurrfNvG5K9k/jZll1vmlgfPMs79m7n3HYU4DbyatC","previousCounter":0,"rootKey":"h78r6PVLvx/Hoid6WO4O1FFbUoKyMImcRfHGNOtq0UA="},"indexInfo":{"baseKey":"BThymbwf3Hl9ouGy3zmjvNDDFpzYQ7R/6J9vw9lm6pEG","baseKeyType":2,"closed":-1,"used":1683926597597,"created":1683926597597,"remoteIdentityKey":"BYD2ulpIgb8JWG4/clLixVcK6S19brPM5xsRcSyYtOB/"},"_chains":{"BYGurrfNvG5K9k/jZll1vmlgfPMs79m7n3HYU4DbyatC":{"chainKey":{"counter":0,"key":"LEPoRgqmSxpk0/zWTqNmxVXnIjTE8JndA3S1LRIbDWI="},"chainType":2,"messageKeys":{}},"BTApUi+DdxfcaZtK6L8Dvz6iELxfN+olHg5052a/YPpT":{"chainKey":{"counter":-1,"key":"KvO4+DJw6tkpE6iclem6MX1uSPKIroKzt1vw/nB1npY="},"chainType":1,"messageKeys":{}}}}},"version":"v1"}