{"_sessions":{"BXJF2hb1LCKDbbh3VY/xIhtaMEbODbGGdUM9qh62wUZk":{"registrationId":1397538002,"currentRatchet":{"ephemeralKeyPair":{"pubKey":"BRmDCAGBxN5kaHaO95GwkIZjdYpmI+MnENeilW4QvoJj","privKey":"+IT3q2y8v/W+zIoGxEIyNIDPeqpcFrZBM9fyjkfmo0w="},"lastRemoteEphemeralKey":"BV3NSXGETIRCRQaeXN9v2hG8WbK7zmBGqRiCyFqvfTAR","previousCounter":0,"rootKey":"/JaBtSI3XOcWo6gskEQTNXxR26DpCoFybx2tvii+QvY="},"indexInfo":{"baseKey":"BXJF2hb1LCKDbbh3VY/xIhtaMEbODbGGdUM9qh62wUZk","baseKeyType":2,"closed":-1,"used":1683926597541,"created":1683926597541,"remoteIdentityKey":"BfvMFmc2n3rkaMNHdp48mp21wRztFJE8ak0X+NGJ2fBS"},"_chains":{"BV3NSXGETIRCRQaeXN9v2hG8WbK7zmBGqRiCyFqvfTAR":{"chainKey":{"counter":0,"key":"wWr+GhRSpQAU6sDwFdfYvc+hxObqm5h5dGTYPfIJGJk="},"chainType":2,"messageKeys":{}},"BRmDCAGBxN5kaHaO95GwkIZjdYpmI+MnENeilW4QvoJj":{"chainKey":{"counter":-1,"key":"rvWEm5XLVkwsv+RbdZnJ31mRUim0FUPULuO4Dw6skj8="},"chainType":1,"messageKeys":{}}}}},"version":"v1"}