{"_sessions":{"BRTfin5EsHrRYjzYAbc6Edh3An53Y7+BIS8sH1VIMhoh":{"registrationId":624065920,"currentRatchet":{"ephemeralKeyPair":{"pubKey":"BT+qM3mOaerFpkFRkh16G8LFoB3PMSreFRjV8ZTm9lBx","privKey":"oCh5O4FA+4Olnqm2U03O7V27BzO2ixn4r4xz6gEAa2Y="},"lastRemoteEphemeralKey":"Bcia4y6jeIHNUzgvN1p+mzXC2DZiAhwDqNLJ0SthmFlS","previousCounter":0,"rootKey":"dpzj6P80UGE9h8MZH+j3uSXllSdy7/4Oucy/BTT4BVs="},"indexInfo":{"baseKey":"BRTfin5EsHrRYjzYAbc6Edh3An53Y7+BIS8sH1VIMhoh","baseKeyType":1,"closed":-1,"used":1683941621326,"created":1683941621326,"remoteIdentityKey":"BcsY98X0xapHYf+zW59Tx/x6Lhe32uDpsJTj7Zv1pYk+"},"_chains":{"BT+qM3mOaerFpkFRkh16G8LFoB3PMSreFRjV8ZTm9lBx":{"chainKey":{"counter":0,"key":"O19etfjKipzB6mbabLXGgS1/Ki/AfW3nFW5LgQwmE7s="},"chainType":1,"messageKeys":{}}},"pendingPreKey":{"signedKeyId":2,"baseKey":"BRTfin5EsHrRYjzYAbc6Edh3An53Y7+BIS8sH1VIMhoh","preKeyId":13289288}}},"version":"v1"}