{"_sessions":{"BV3VozIrtpY9jXXVNyvwqhwOfv8KABMSHg39DvOYO7Uv":{"registrationId":180524488,"currentRatchet":{"ephemeralKeyPair":{"pubKey":"BcGyhRzfZIhtnCBrYeY4kO018xJF8uwRaT5iHt4NLehM","privKey":"OOqWrYKfEW0btV70DqUADfg8TkvpFFvun2PdjUNmuW4="},"lastRemoteEphemeralKey":"BYuNtJNk4/57G2XSXuOJYRZDE9ErXmxY3a1P63e6+Lhf","previousCounter":0,"rootKey":"vFlGp8/rzhCGuZoNinEddNVTKBY79CT3ZPafU6HjiAU="},"indexInfo":{"baseKey":"BV3VozIrtpY9jXXVNyvwqhwOfv8KABMSHg39DvOYO7Uv","baseKeyType":2,"closed":-1,"used":1683939807053,"created":1683939807053,"remoteIdentityKey":"BZU70XZRWbKY0PbiHZiRe/zE6tS8OFKo7O4hQylj7h5H"},"_chains":{"BYuNtJNk4/57G2XSXuOJYRZDE9ErXmxY3a1P63e6+Lhf":{"chainKey":{"counter":4,"key":"5o8RiWftIW6joaEdNjgP9SdK6O6Ee/sb04MFdCKbM2s="},"chainType":2,"messageKeys":{}},"BcGyhRzfZIhtnCBrYeY4kO018xJF8uwRaT5iHt4NLehM":{"chainKey":{"counter":-1,"key":"vJwqWAg1vbiOs0b4TMMH9Pn+z0YP7KIZZf26WBNZMC4="},"chainType":1,"messageKeys":{}}}}},"version":"v1"}