{"_sessions":{"BRJVKwXQ6izCkKzeYHgY1j3MZVCAiLVTuFaq58deX2gb":{"registrationId":53,"currentRatchet":{"ephemeralKeyPair":{"pubKey":"Bdbv8sDud2cXY0nyk7LybmVZNK/BIImXwcfZomCv4rtv","privKey":"EHRlOhiR029ful4PZ3E7JdlasRbPK0KEq9ZkKj+97GU="},"lastRemoteEphemeralKey":"BUxiLxj7yWZZqm1ECTSmLjoVCOviXK0/FyrDYAmnA7tD","previousCounter":0,"rootKey":"YlEas2e3Px4YWaGj6pdg1ju0VXn1mUFibe16ypwD880="},"indexInfo":{"baseKey":"BRJVKwXQ6izCkKzeYHgY1j3MZVCAiLVTuFaq58deX2gb","baseKeyType":1,"closed":-1,"used":1683941621317,"created":1683941621317,"remoteIdentityKey":"BZYOtRxjR8Y/u8pL+Gubm3PZ1uf+NXZ6sd5ryqL5dV8G"},"_chains":{"Bdbv8sDud2cXY0nyk7LybmVZNK/BIImXwcfZomCv4rtv":{"chainKey":{"counter":0,"key":"hbqOjTmgSHWx8GAqR3q3FcraUX4NJw+g6LAgtvBy2yE="},"chainType":1,"messageKeys":{}}},"pendingPreKey":{"signedKeyId":1,"baseKey":"BRJVKwXQ6izCkKzeYHgY1j3MZVCAiLVTuFaq58deX2gb"}}},"version":"v1"}