{"_sessions":{"BYXBhMk4iaeh9Y0AsLoPystAbLwlI10MvGK60WGiw3tX":{"registrationId":52078939,"currentRatchet":{"ephemeralKeyPair":{"pubKey":"BfZ6Ng4uEqx/KYgGT5coTrQrDqW0wB8Qsf7cZCQONttw","privKey":"QHuy9VzQif4ajs1ud188eGdLDB7HAgpNFpKIGjACk0M="},"lastRemoteEphemeralKey":"BU1cPDRZ/3omo9TwbrG3xVR4qBxVXYPiNGPCgyBV9/F+","previousCounter":0,"rootKey":"4nF7QCz6G3j6JjDYrZld1ZnEn1D7t5DZOXb5SvtlCw8="},"indexInfo":{"baseKey":"BYXBhMk4iaeh9Y0AsLoPystAbLwlI10MvGK60WGiw3tX","baseKeyType":2,"closed":-1,"used":1683926690198,"created":1683926690198,"remoteIdentityKey":"BYSIZTRhHdTNCZatoTyuOXKluKdYV4/gpT0N4DR0rpV9"},"_chains":{"BU1cPDRZ/3omo9TwbrG3xVR4qBxVXYPiNGPCgyBV9/F+":{"chainKey":{"counter":17,"key":"ILqxyyiO//GymoSaaJkPQ6SQ6YSv+raMxnQyo/Uby48="},"chainType":2,"messageKeys":{}},"BfZ6Ng4uEqx/KYgGT5coTrQrDqW0wB8Qsf7cZCQONttw":{"chainKey":{"counter":0,"key":"LEkytjELXXeLE79KhxKz0SJiNWw8lSniFm+TFyL46QA="},"chainType":1,"messageKeys":{}}}}},"version":"v1"}