{"_sessions":{"BRDs6aRFNb9rkkNYsofz5P3NAn8h/jvP+2AuSEsXz6hH":{"registrationId":1522534806,"currentRatchet":{"ephemeralKeyPair":{"pubKey":"BdCw77tCfeTJ9xR1agtoe9uE/nQtv6e8/ecat7w/NB4j","privKey":"+KnxBj97zg7g/zYa+ILIKMSA3IDASV/HYtBONUwHJFo="},"lastRemoteEphemeralKey":"BW44Yl73BKi9NPU+6S0nN3AEi1bJI8eEJNgABKs43p4Z","previousCounter":0,"rootKey":"b62Fof7my9utlk5ObNy1pboUlFIIN6wlnI3//u3cgeE="},"indexInfo":{"baseKey":"BRDs6aRFNb9rkkNYsofz5P3NAn8h/jvP+2AuSEsXz6hH","baseKeyType":2,"closed":-1,"used":1683926599461,"created":1683926599461,"remoteIdentityKey":"BcVWtyPFv5JWWSqYT9Lhii2u3vGEkg/x/KQSDVL80f1w"},"_chains":{"BW44Yl73BKi9NPU+6S0nN3AEi1bJI8eEJNgABKs43p4Z":{"chainKey":{"counter":0,"key":"bDwYQQh0zrSBMG8TI/xOnVP+iEEId8F3Fut2AvGn/AI="},"chainType":2,"messageKeys":{}},"BdCw77tCfeTJ9xR1agtoe9uE/nQtv6e8/ecat7w/NB4j":{"chainKey":{"counter":-1,"key":"NRKK0wEsy+4gEOqXDWLB9WJVic+dBwQLOUrDqr5dokw="},"chainType":1,"messageKeys":{}}}}},"version":"v1"}