{"_sessions":{"BXdHVDw6UvXPRGcK6fAyd0AYEP8TXcT0zwquhLfRcKsd":{"registrationId":2127633658,"currentRatchet":{"ephemeralKeyPair":{"pubKey":"BZdxNljZly/Is6PNMIcp1nBAIRTWl50I00yteez7WUo4","privKey":"wAADqPGYTKfOGl9gDGPVa+bl+dwaVhw4PgbnAlda1HM="},"lastRemoteEphemeralKey":"BeP4XbppX7qNpoHrE4jFI0D6OUSq1altXZFc3UpB4Qki","previousCounter":0,"rootKey":"qnKBjA7TsF8+lT3y77l3t92N/K584xFVp/lS/Ytt6uM="},"indexInfo":{"baseKey":"BXdHVDw6UvXPRGcK6fAyd0AYEP8TXcT0zwquhLfRcKsd","baseKeyType":2,"closed":-1,"used":1683926614362,"created":1683926614362,"remoteIdentityKey":"BZs6Cr/Blt62daeB3+5vrMlE5drEDTc+4+iEka/19yw2"},"_chains":{"BeP4XbppX7qNpoHrE4jFI0D6OUSq1altXZFc3UpB4Qki":{"chainKey":{"counter":0,"key":"tJpADHhNGE8sY6ZcO2Qed2BGxiRXS7wXGNJi4FIxI0U="},"chainType":2,"messageKeys":{}},"BZdxNljZly/Is6PNMIcp1nBAIRTWl50I00yteez7WUo4":{"chainKey":{"counter":-1,"key":"Ns2itvKnt7Xtk+30v2dinZf+YWRh/MYuCF61u0Nlv8U="},"chainType":1,"messageKeys":{}}}}},"version":"v1"}