{"_sessions":{"Bbc47UJ5ij0r+AIhU9YPBwnmZn0MBEIctKLfRxVdi+dW":{"registrationId":1357839080,"currentRatchet":{"ephemeralKeyPair":{"pubKey":"BdpY+4YbMS2rvnKe5H0M6zt9+5cYgKKMhzvxvP+tWlp/","privKey":"qPAE6JGQvfKp8otFoVYYAxwl73Vo0uDvav/jBITjSVQ="},"lastRemoteEphemeralKey":"BUhlteQeUMvZ9HUcUelhiSzRBfSwWYbZHH8LJ1+UJ91j","previousCounter":0,"rootKey":"1ZMpexol+MKBKmmjmKhhnYctVoefCEs7vA4BQJnLanA="},"indexInfo":{"baseKey":"Bbc47UJ5ij0r+AIhU9YPBwnmZn0MBEIctKLfRxVdi+dW","baseKeyType":2,"closed":-1,"used":1683926599649,"created":1683926599649,"remoteIdentityKey":"BRJ/43T6ma8aK6JpWBH7x9Yp3m2sGU/Zj3wAKmPFNNt4"},"_chains":{"BUhlteQeUMvZ9HUcUelhiSzRBfSwWYbZHH8LJ1+UJ91j":{"chainKey":{"counter":0,"key":"Vfut9e6yoHnuq9r0KxuiFa2U2sCAXc5CfH1r6pUBj0Y="},"chainType":2,"messageKeys":{}},"BdpY+4YbMS2rvnKe5H0M6zt9+5cYgKKMhzvxvP+tWlp/":{"chainKey":{"counter":-1,"key":"B15BM2dKrJrJ8mwAEn5l82RR88yZEMqsbEnMAoIJiSo="},"chainType":1,"messageKeys":{}}}}},"version":"v1"}