{"_sessions":{"BWo5f3x5LmGTGvrdwCVLFRkfcsdC2xpw6WRxZ1zD8Bs7":{"registrationId":261145977,"currentRatchet":{"ephemeralKeyPair":{"pubKey":"BUb0SpiS36dB6953C1Vr1OAtzctesinTGCqhVU0M3WRj","privKey":"KC/Cg4K3AjGHrVHRxK3kgJBKWU6rNDmGNSljsmaNcWI="},"lastRemoteEphemeralKey":"BQB7nkauOuG5hmtkKBDb+C02wGr6DCKXlr60HWG5Jex+","previousCounter":0,"rootKey":"IxvNFElolVTMSvzqH8qjAgm00SP1W61vPCeg6LYy7aY="},"indexInfo":{"baseKey":"BWo5f3x5LmGTGvrdwCVLFRkfcsdC2xpw6WRxZ1zD8Bs7","baseKeyType":2,"closed":-1,"used":1683926677135,"created":1683926677135,"remoteIdentityKey":"BZx3SzSpEhXYZQWPDeJbbrbTPLuPgD326NbKyTC/02dC"},"_chains":{"BQB7nkauOuG5hmtkKBDb+C02wGr6DCKXlr60HWG5Jex+":{"chainKey":{"counter":0,"key":"N8FU4l203ZKEpYcQ191vn/TMUAPaNCVJyvuK3RYBGtE="},"chainType":2,"messageKeys":{}},"BUb0SpiS36dB6953C1Vr1OAtzctesinTGCqhVU0M3WRj":{"chainKey":{"counter":-1,"key":"+q+JOuWWGmPs/wPFYYjjmrO+SkP0r+bMeYmrWfHDupU="},"chainType":1,"messageKeys":{}}}}},"version":"v1"}