{"_sessions":{"BTnbq3P+nElo5c0t/z/dZhLbss6I6LK48mSCjJGn8DZu":{"registrationId":1025669752,"currentRatchet":{"ephemeralKeyPair":{"pubKey":"BTDRApMbkvOFMsxqQWlhxVU1XeBt7deG89Kd/0On/f4x","privKey":"wKgA5TZlvTZ6RxhjppIjZhXTkRZIi4MR9K8XhptJZWc="},"lastRemoteEphemeralKey":"BUAfqylEPUA/ATl8hLJ8zrqCGXkxqeK1ZW5Bdc+pt2JD","previousCounter":0,"rootKey":"QIGQu/PF+KozgvvVmd0ieHanHC1Za3119lH8te7A8Q4="},"indexInfo":{"baseKey":"BTnbq3P+nElo5c0t/z/dZhLbss6I6LK48mSCjJGn8DZu","baseKeyType":2,"closed":-1,"used":1683926599525,"created":1683926599525,"remoteIdentityKey":"BQ4xg48Gq6XA8mgND/j9ZY3U1y44WsN4LQnPfpPTdwgj"},"_chains":{"BUAfqylEPUA/ATl8hLJ8zrqCGXkxqeK1ZW5Bdc+pt2JD":{"chainKey":{"counter":0,"key":"QzWjFImkozcEk89pfZiXpmHjZZJ1C7KW/boDq2ELGPY="},"chainType":2,"messageKeys":{}},"BTDRApMbkvOFMsxqQWlhxVU1XeBt7deG89Kd/0On/f4x":{"chainKey":{"counter":-1,"key":"0UkPZ9LDUO6faa62i2osgODcJGwddw0UV4LPUC/95z0="},"chainType":1,"messageKeys":{}}}}},"version":"v1"}