{"_sessions":{"BZ5/bkYxRMVs/GC7OFDoVr4h5jt6ZY5bmulLxq5nDWx8":{"registrationId":146,"currentRatchet":{"ephemeralKeyPair":{"pubKey":"Bb4oWc0p1tvhcOKkOFFea112R9FVubpbMjm/xEXKMCwi","privKey":"WELdABZVbaOuP0H6fJyIYqCUKhKFFzZq6RDWC32BGEQ="},"lastRemoteEphemeralKey":"BbzIFQ109LFkYAiI+pMwdl5yilqHKeVKOWohd4/TqWRf","previousCounter":0,"rootKey":"n8iMJXAw1FDslZw8diJrl/hfdmQ7kJwQ1+2zxzimEws="},"indexInfo":{"baseKey":"BZ5/bkYxRMVs/GC7OFDoVr4h5jt6ZY5bmulLxq5nDWx8","baseKeyType":1,"closed":-1,"used":1683941621280,"created":1683941621280,"remoteIdentityKey":"BeAzWJ31lVu4qyyDgBFILucI9vByfHPYnghlusk+B+cR"},"_chains":{"Bb4oWc0p1tvhcOKkOFFea112R9FVubpbMjm/xEXKMCwi":{"chainKey":{"counter":0,"key":"KfsmzStZF/ZYtGanGRiLLAnDEDqxQQSk7EO5kCvrjRE="},"chainType":1,"messageKeys":{}}},"pendingPreKey":{"signedKeyId":1,"baseKey":"BZ5/bkYxRMVs/GC7OFDoVr4h5jt6ZY5bmulLxq5nDWx8"}}},"version":"v1"}