{"_sessions":{"BWIZaERtdOh2weUxbhyFaPXRnV1Pkc4c+VtM/YkOhDRV":{"registrationId":1186951019,"currentRatchet":{"ephemeralKeyPair":{"pubKey":"BeSfqTTdGwOE4W4unh/QJ/2bjLwVDrpWZE6TIVj/cBMb","privKey":"+P0qq7W+fBlshc+3rQkiQVMvyQhamviTDEo9o4Cm83w="},"lastRemoteEphemeralKey":"BRIYmjlklB8uS1dkyhg8XDw21QHbda/8o7MqALJTf5o9","previousCounter":0,"rootKey":"Zsnl3w3LiLbwakE0PQPAo2seCduQ9FkNEAlRxOBesks="},"indexInfo":{"baseKey":"BWIZaERtdOh2weUxbhyFaPXRnV1Pkc4c+VtM/YkOhDRV","baseKeyType":2,"closed":-1,"used":1683939807022,"created":1683939807022,"remoteIdentityKey":"Bc7ySvQtM//6CurHp2fGkJp03qBC9sRDJ2051TfBNVJk"},"_chains":{"BRIYmjlklB8uS1dkyhg8XDw21QHbda/8o7MqALJTf5o9":{"chainKey":{"counter":5,"key":"EhQOWBZQ77AhA92pkI4pPyn6brgO6+JCHTVq3tu3tVs="},"chainType":2,"messageKeys":{}},"BeSfqTTdGwOE4W4unh/QJ/2bjLwVDrpWZE6TIVj/cBMb":{"chainKey":{"counter":-1,"key":"7bfWP6XPQr+l6d2u3kQo+t9TA4oFecVJC5WiZl7Sq2U="},"chainType":1,"messageKeys":{}}}}},"version":"v1"}