{"_sessions":{"BXaMSZXlciD5bMbSWa+RjCzJ0VsUi1zMwr3zIsFyGwZl":{"registrationId":1589327323,"currentRatchet":{"ephemeralKeyPair":{"pubKey":"Be6LrHPcD70nCTPKSYaITrjRGJhPzChgbxxul92CdMkl","privKey":"4PDwwVq5UrVShlM3y4wz+3c9V2uPy/9CQ6NNvibIFHc="},"lastRemoteEphemeralKey":"BTm5EVnAATfiLif0p6QCrQdG+ht0hWO9CH3Nf92odRRT","previousCounter":0,"rootKey":"X30wugsiRFmmdRdn7F3aFfGZF6X9ra8oslXUtItNeWU="},"indexInfo":{"baseKey":"BXaMSZXlciD5bMbSWa+RjCzJ0VsUi1zMwr3zIsFyGwZl","baseKeyType":1,"closed":-1,"used":1683941621399,"created":1683941621399,"remoteIdentityKey":"BdnbhnhDMEp5EL3kUPmkdLrp7HfAjRiRZqU2qswNW1Rx"},"_chains":{"Be6LrHPcD70nCTPKSYaITrjRGJhPzChgbxxul92CdMkl":{"chainKey":{"counter":0,"key":"Ku40dQLwCdu5FyA3nN9D96GMBae5HeEGB4b/Fd9GyMA="},"chainType":1,"messageKeys":{}}},"pendingPreKey":{"signedKeyId":1,"baseKey":"BXaMSZXlciD5bMbSWa+RjCzJ0VsUi1zMwr3zIsFyGwZl","preKeyId":843878}}},"version":"v1"}