{"_sessions":{"BS55m9LfemLngCcgLSnzjivEyKSajluIlEqMglH5sFhg":{"registrationId":1046308654,"currentRatchet":{"ephemeralKeyPair":{"pubKey":"BflZTUgNie0uVLmj3n0Y+50KVvS2UEEo1FNWT0MiL7NP","privKey":"KGUdms6+aERC5KwuG4OMMmUvUP029Yodh+T9HmPm/24="},"lastRemoteEphemeralKey":"BcNoftJDsY9GX/WPQ2UY+r51QzV3bXLxKfB4jOvMsaEr","previousCounter":0,"rootKey":"ejZafZ5g638cTpm0NdXPSrD8EiZr9y6PL98NtV0u7EE="},"indexInfo":{"baseKey":"BS55m9LfemLngCcgLSnzjivEyKSajluIlEqMglH5sFhg","baseKeyType":2,"closed":-1,"used":1683926596799,"created":1683926596799,"remoteIdentityKey":"BX5cuz+C1ES0v3isNqgFKa9wbn5z5+WeTSh0pWl7300Z"},"_chains":{"BcNoftJDsY9GX/WPQ2UY+r51QzV3bXLxKfB4jOvMsaEr":{"chainKey":{"counter":0,"key":"fzGamCLatC8O9mVkUPcgChmg6/jtkYo2vjfmOBNebjY="},"chainType":2,"messageKeys":{}},"BflZTUgNie0uVLmj3n0Y+50KVvS2UEEo1FNWT0MiL7NP":{"chainKey":{"counter":-1,"key":"9bNOFIYcnI3neL4SXYGtoCZ3m6kHonPVOuvzizj+FGY="},"chainType":1,"messageKeys":{}}}}},"version":"v1"}