{"_sessions":{"Beqowun6NPfkdqLC9+DihmPu8Iyup92WQevhevaOqsRM":{"registrationId":1019137835,"currentRatchet":{"ephemeralKeyPair":{"pubKey":"BYIrnKEG5+/gWjKiIfpqlAxB5FaUsqPXcVIjfrHLO6hT","privKey":"GNR4W2oUiOkdgCSjAFbfgBmXHOIO8FzRaq4EENYXolk="},"lastRemoteEphemeralKey":"BbokWJ3kw9kXpHMN4ynIDmgk6vrHKT38sfhViQ8O/mUi","previousCounter":0,"rootKey":"giKM1vSoFG44s9QeWRVHNLDOcqcR+xfJO1SRTfCF2/k="},"indexInfo":{"baseKey":"Beqowun6NPfkdqLC9+DihmPu8Iyup92WQevhevaOqsRM","baseKeyType":2,"closed":-1,"used":1683929942949,"created":1683929942949,"remoteIdentityKey":"BV8rLdEPuh87z0S/wy1HevmYX9nx8JBcfHcM5SKHDKFP"},"_chains":{"BbokWJ3kw9kXpHMN4ynIDmgk6vrHKT38sfhViQ8O/mUi":{"chainKey":{"counter":0,"key":"vg8gwLL+eIJL3CeyzGVtnDObwtr7ADPAyBeJ9D8qtU4="},"chainType":2,"messageKeys":{}},"BYIrnKEG5+/gWjKiIfpqlAxB5FaUsqPXcVIjfrHLO6hT":{"chainKey":{"counter":0,"key":"RLTg7luJ63x8N9G+x+eVHSf3MG3Jdovv0+Ljn0UB7ug="},"chainType":1,"messageKeys":{}}}}},"version":"v1"}