{"_sessions":{"BePjYyge6Jdw1sIpj0iwDP4tflOR/k/w0oznsCr1NLlr":{"registrationId":459701951,"currentRatchet":{"ephemeralKeyPair":{"pubKey":"BRXqJ58KfQoYLfwr/qH5Mmd3W2UdDM87xmAPscjUcpoY","privKey":"ULKbzIQaladJamYHqgRom4dkDWh7K6sbI3yici5cSmM="},"lastRemoteEphemeralKey":"BQpnPpf+ezzXyaB6UUWWOZAGfM8ua8JYYUoupQ2z1IxH","previousCounter":0,"rootKey":"iHjFBCBe0gGAZ5v8NVjdTpySGZQwLD6eue6fFVL4hNY="},"indexInfo":{"baseKey":"BePjYyge6Jdw1sIpj0iwDP4tflOR/k/w0oznsCr1NLlr","baseKeyType":2,"closed":-1,"used":1683926598799,"created":1683926598799,"remoteIdentityKey":"BdKWMK9h6msX3dG0apBOl9d/HDwJ/cC/zAjoPBdGcE4F"},"_chains":{"BQpnPpf+ezzXyaB6UUWWOZAGfM8ua8JYYUoupQ2z1IxH":{"chainKey":{"counter":0,"key":"nxbl+EAn1oRsTop+krmAeeOSKY0/bH5lCl05ZCeQ6ig="},"chainType":2,"messageKeys":{}},"BRXqJ58KfQoYLfwr/qH5Mmd3W2UdDM87xmAPscjUcpoY":{"chainKey":{"counter":-1,"key":"4Jsep/O9F+0Ra7KcwxZcVIzcfzSGagSZFWoBuHUXzfc="},"chainType":1,"messageKeys":{}}}}},"version":"v1"}