{"_sessions":{"BT8vvqXJ7kMjYR8ZajIm+3vZqtuS6F7/e+s62fbS/t8P":{"registrationId":1549019608,"currentRatchet":{"ephemeralKeyPair":{"pubKey":"BWJToywpBDss+/Q73W24DNz/LBHzdMOPC2i6VLlkcmwA","privKey":"CEIPbinLYNj1eqzQVkgrQ0m8URuYdaOtaZn2C7B/f3A="},"lastRemoteEphemeralKey":"BfOrIQwMCtWEa8cA24RM3KMqbXp8xETeScsXn95KIWNI","previousCounter":0,"rootKey":"/GrZQk1l7kTrUn1GHM67deaT5eUSBm3LDFVH44STNTk="},"indexInfo":{"baseKey":"BT8vvqXJ7kMjYR8ZajIm+3vZqtuS6F7/e+s62fbS/t8P","baseKeyType":2,"closed":-1,"used":1683926603334,"created":1683926603334,"remoteIdentityKey":"BWVRm3poUiYu7D0vb0+WAcLoPLgD3QeZ13Nbobm2Lf1i"},"_chains":{"BfOrIQwMCtWEa8cA24RM3KMqbXp8xETeScsXn95KIWNI":{"chainKey":{"counter":0,"key":"mmexIUej3xIuuxFUBpeYG8j7wQOOYG13w7gEDWVAdzs="},"chainType":2,"messageKeys":{}},"BWJToywpBDss+/Q73W24DNz/LBHzdMOPC2i6VLlkcmwA":{"chainKey":{"counter":-1,"key":"/RfgPAfLgVT1L3o9BTVKGg8EUoJIEpaKjvMZjNjKcMA="},"chainType":1,"messageKeys":{}}}}},"version":"v1"}