{"_sessions":{"BaEQJm1J9qvT+yz58KkaXZsFP6PoJNm1Y9ISeajG7mRY":{"registrationId":1815133869,"currentRatchet":{"ephemeralKeyPair":{"pubKey":"BWbODDP4/fbgJaJnrG66N95gjZmGomHWxXP7DjG4ycoM","privKey":"KI5qo0DFh1oN4yi0FIc4AM6LbfKIIHNDr1fuacT372E="},"lastRemoteEphemeralKey":"BaPmt1X0Mitc6NJ0K3fYcmLo1o0TTY3urjs0kgxqizw3","previousCounter":0,"rootKey":"aZXwTPUrg8K4cMFT6vFHiKUvhx/l0STX7Kl/2ni8ZWM="},"indexInfo":{"baseKey":"BaEQJm1J9qvT+yz58KkaXZsFP6PoJNm1Y9ISeajG7mRY","baseKeyType":2,"closed":-1,"used":1683926597420,"created":1683926597420,"remoteIdentityKey":"BV/JLcBzBtXgKL3nkLixEW6LL62lFlwl4sycuCbdckQ7"},"_chains":{"BaPmt1X0Mitc6NJ0K3fYcmLo1o0TTY3urjs0kgxqizw3":{"chainKey":{"counter":0,"key":"HE06L2gKvd98hJE+2EB3Ap2q9GeuHN+YTO6E9wZ0jLg="},"chainType":2,"messageKeys":{}},"BWbODDP4/fbgJaJnrG66N95gjZmGomHWxXP7DjG4ycoM":{"chainKey":{"counter":-1,"key":"Vi6A9ZWZsnuw9zeZnWs8YGCZ37xcJF5k8FVmPP9Xi84="},"chainType":1,"messageKeys":{}}}}},"version":"v1"}