{"_sessions":{"BXp8tT0VwOzFr4zv7Hfz2zo3ary2ZMwNf96tO8DQTLsp":{"registrationId":1561498466,"currentRatchet":{"ephemeralKeyPair":{"pubKey":"BXPVAps1tNSe35aHc4+fm6teu1GDWJhR2TwxKVW9ZocU","privKey":"GPULXjQ1oXoCUP96JN8O5azkim+OefS3s33G1capQng="},"lastRemoteEphemeralKey":"BSBzNrdbzoTVcwqX9SjyGm4ZgSzo28p0vbivM47f+kwz","previousCounter":0,"rootKey":"fUzIhizhOJejDL5ztn63RXPXozxn/QO6BhdFZg2bEt4="},"indexInfo":{"baseKey":"BXp8tT0VwOzFr4zv7Hfz2zo3ary2ZMwNf96tO8DQTLsp","baseKeyType":2,"closed":-1,"used":1683929187592,"created":1683929187592,"remoteIdentityKey":"Bd4PuM1twJr6jAKh3kEl4U4SL0FTWUZfN+XBnn8qXb5u"},"_chains":{"BSBzNrdbzoTVcwqX9SjyGm4ZgSzo28p0vbivM47f+kwz":{"chainKey":{"counter":20,"key":"4qzpcroILJnUGN1DsbAmIuZUk07njeNM+Z9jPZE4QmY="},"chainType":2,"messageKeys":{"0":"4QkZAQKc5A2fgJ2p4AbopGTinTf6v6PC1e7hndUK6y4=","1":"+w4h/Za4JilWu5eIbnOxdzmflwf7LZuRB/DCIUGrJQc="}},"BXPVAps1tNSe35aHc4+fm6teu1GDWJhR2TwxKVW9ZocU":{"chainKey":{"counter":-1,"key":"U7uqVq34dWZyeVu5de708os7EOLtWNi6tnoRIZ9QmJ8="},"chainType":1,"messageKeys":{}}}}},"version":"v1"}