{"_sessions":{"Bb/HcvYawlk9jkyWxb+k5xWwSL6a8ETZMkgQc5Obichz":{"registrationId":2012272672,"currentRatchet":{"ephemeralKeyPair":{"pubKey":"BVPkOmHQyX3B4+BnluZH/i6+H2kti7WPmyfMCLWJ6icd","privKey":"wLmZK2MSolwVbhSsfm1Acrc4RM0F8eccU2bqwB3OImQ="},"lastRemoteEphemeralKey":"BQ6eReX3bQ0boK9antbzAYkAOp4HB96jvHb2OmqIdDs4","previousCounter":0,"rootKey":"SvvNBhrEPtANy20wVYioWeCafiA2JpbZ2pveLLogG/8="},"indexInfo":{"baseKey":"Bb/HcvYawlk9jkyWxb+k5xWwSL6a8ETZMkgQc5Obichz","baseKeyType":2,"closed":-1,"used":1683926597171,"created":1683926597171,"remoteIdentityKey":"BdYQr3Oc6rb2syWueVijpANoWHUfutaHQJlqXhDeVBcB"},"_chains":{"BQ6eReX3bQ0boK9antbzAYkAOp4HB96jvHb2OmqIdDs4":{"chainKey":{"counter":0,"key":"AGu3noO0K9DNqbrZxYAZJRz6e2f101xEvYpo74DRpXc="},"chainType":2,"messageKeys":{}},"BVPkOmHQyX3B4+BnluZH/i6+H2kti7WPmyfMCLWJ6icd":{"chainKey":{"counter":-1,"key":"LfRAGUvqBLMb2SNHlA+MDa7f8QLgwkA9sGhLPP9O6+A="},"chainType":1,"messageKeys":{}}}}},"version":"v1"}