{"_sessions":{"BYs27FENptynx/Tx4Lex0PZYLOwDgAZcymTUKJjfMIc/":{"registrationId":1576773481,"currentRatchet":{"ephemeralKeyPair":{"pubKey":"Bb0/N/uF76rRAM2NCVerIGg8RLWxDhQpimuVFUhh/cAs","privKey":"AJk/UIa2n7HzHuKVX/yMn4pn8iRW6ewGzALEruNADWQ="},"lastRemoteEphemeralKey":"BYKh7lTKpotq2RDW2X9PQC63j8Pwr06gZndYgEelc1gX","previousCounter":0,"rootKey":"MYbc8fTWpZRBk1InlbWvvZehyXHV0uZGPEnu5JcxCuA="},"indexInfo":{"baseKey":"BYs27FENptynx/Tx4Lex0PZYLOwDgAZcymTUKJjfMIc/","baseKeyType":2,"closed":-1,"used":1683926599126,"created":1683926599126,"remoteIdentityKey":"BTNCp3PLohH023Az4VWGGPOePt04tBrh48b7JnctfPcP"},"_chains":{"BYKh7lTKpotq2RDW2X9PQC63j8Pwr06gZndYgEelc1gX":{"chainKey":{"counter":0,"key":"7hYg8AoBxemOPHf5wbch1lw/VeDtSHceTIlRsPZLDLk="},"chainType":2,"messageKeys":{}},"Bb0/N/uF76rRAM2NCVerIGg8RLWxDhQpimuVFUhh/cAs":{"chainKey":{"counter":-1,"key":"nzL1mDA0puBXuwQZqr2CogNfu9m37YwGJoF31/H6uNw="},"chainType":1,"messageKeys":{}}}}},"version":"v1"}