{"_sessions":{"BfmKyaOGhS76nfK+3WQ67FES8JbwGBsScwZqbUgeeMY7":{"registrationId":1192804768,"currentRatchet":{"ephemeralKeyPair":{"pubKey":"BcBHjVC0+alPIaoi6E2Xwyik7PoagwDySihqYfwjFBYo","privKey":"oIituBS4vsP6A4VMe0zdmYMmF5wUyBI3j8yfOOrmKXM="},"lastRemoteEphemeralKey":"BXfs0USZbyx+AqWBams/OIQ7LL+FJPIbOjq9lCCeER5M","previousCounter":0,"rootKey":"FslqkgGiJFlR2Lr6QKEAdKaSyQg4iIuSiAg8hTZWUY8="},"indexInfo":{"baseKey":"BfmKyaOGhS76nfK+3WQ67FES8JbwGBsScwZqbUgeeMY7","baseKeyType":2,"closed":-1,"used":1683926608534,"created":1683926608534,"remoteIdentityKey":"BSyl3YwnwSFkgXSYcHMDGD7SzPSGwKgWua3pgG1CPgNi"},"_chains":{"BXfs0USZbyx+AqWBams/OIQ7LL+FJPIbOjq9lCCeER5M":{"chainKey":{"counter":0,"key":"VaNjM8KQVWRtkHekGeAdZ4iLVNkvMheq66WEi2sPIrU="},"chainType":2,"messageKeys":{}},"BcBHjVC0+alPIaoi6E2Xwyik7PoagwDySihqYfwjFBYo":{"chainKey":{"counter":-1,"key":"B0qR0MI5gGmUeb/4HmljqTAyX5OZX9Ts+dTjdA/CmSI="},"chainType":1,"messageKeys":{}}}}},"version":"v1"}