{"_sessions":{"Ba8Bq1bnxZTNdCSwQGP1iEJp9FkWh0eutxeKuBKE0RNv":{"registrationId":206860310,"currentRatchet":{"ephemeralKeyPair":{"pubKey":"BfgsncV36rLd4bI9WxbDSXGthr3ByAgdAKrrqOu6F0dV","privKey":"2Oq5+OaDCPOtHobLKpfhyTeLnAiEKt4WCnI5d5TC8m0="},"lastRemoteEphemeralKey":"BVmI0DSaloE1sr1+sxaKn32lWkU9avmDjWIETnsmjYNf","previousCounter":0,"rootKey":"j0tvyD/WeYZbLPljXBTO284LDMgoWvFCQIbaiJoDpFM="},"indexInfo":{"baseKey":"Ba8Bq1bnxZTNdCSwQGP1iEJp9FkWh0eutxeKuBKE0RNv","baseKeyType":2,"closed":-1,"used":1683926599303,"created":1683926599303,"remoteIdentityKey":"BaKjr4X9UVZlNk5J8ULS5ztMNMO/b5XLb7sGKD1z5ect"},"_chains":{"BVmI0DSaloE1sr1+sxaKn32lWkU9avmDjWIETnsmjYNf":{"chainKey":{"counter":0,"key":"rODRqJwgqlxuWZfKBEIpXv8ubORRuSYiHALmny3t9zk="},"chainType":2,"messageKeys":{}},"BfgsncV36rLd4bI9WxbDSXGthr3ByAgdAKrrqOu6F0dV":{"chainKey":{"counter":-1,"key":"hTp/RL87tEsm29Vg56aIvlM/4yjKAoYTesWlUs1OpeM="},"chainType":1,"messageKeys":{}}}}},"version":"v1"}