{"_sessions":{"BeXgCUEmFvsKul8J/u/6JKyQXV6RyQHvz9/A/NZkuUUj":{"registrationId":1876185727,"currentRatchet":{"ephemeralKeyPair":{"pubKey":"Bc8shLhKk8orlrIJReSlKjqVUATIQimDnbIh/ulNuoQw","privKey":"GAoGvy9SZCArgvpG6JyGcNGwRoqA9l98dgmzKBYjRnE="},"lastRemoteEphemeralKey":"BfZGwtYRw8qjs3gQvtbSFsS1bakv5vcIabuDQC1S4usw","previousCounter":0,"rootKey":"sbZn5Uj8w64uEl5CecRHJj6Dfz3oDUuJMq4IvyD+vXE="},"indexInfo":{"baseKey":"BeXgCUEmFvsKul8J/u/6JKyQXV6RyQHvz9/A/NZkuUUj","baseKeyType":2,"closed":-1,"used":1683939823349,"created":1683939807117,"remoteIdentityKey":"BUym8U7LeZ6I3X4hrUsL1NVNmI2Rs9HgIENw/Q0GwZYJ"},"_chains":{"BRS2/rxEIgTgj4K/sxpyQ13c4zkZpU0VsGkgCGJtk5wP":{"chainKey":{"counter":0},"chainType":2,"messageKeys":{}},"BfZGwtYRw8qjs3gQvtbSFsS1bakv5vcIabuDQC1S4usw":{"chainKey":{"counter":1,"key":"SmcO9TH0s+aAhKJgUWEbOslJuvZ9N9wbKHeygqHYvgI="},"chainType":2,"messageKeys":{}},"Bc8shLhKk8orlrIJReSlKjqVUATIQimDnbIh/ulNuoQw":{"chainKey":{"counter":10,"key":"L+Ov0bjyFeTvtsh0dC6caFj0+9DWXksL2lApyVZVCN0="},"chainType":1,"messageKeys":{}}}}},"version":"v1"}