{"_sessions":{"BaF5ceup338LwUxyVEG0mL3YnTJyCP5pP6s7avAa4ghl":{"registrationId":2016021067,"currentRatchet":{"ephemeralKeyPair":{"pubKey":"BWe7PsKNFyzIuXTW6sCJpoo4O4a/gp7qq65vTMaSQrFO","privKey":"mOo3MtEvAdFT+1BtdSJu7mFQ6Mx3KxAharVfDAeFwmI="},"lastRemoteEphemeralKey":"BeB8Z3nat+1XUWdOjb3r8/r0yArdYJWbVIp9ZVQ2A5hw","previousCounter":0,"rootKey":"APT6AtpMofiHftrvXeg12kVriJU9pkMMeM/lWiRdcv8="},"indexInfo":{"baseKey":"BaF5ceup338LwUxyVEG0mL3YnTJyCP5pP6s7avAa4ghl","baseKeyType":2,"closed":-1,"used":1683926597873,"created":1683926597873,"remoteIdentityKey":"BevKOoDmHx9B8E0rdH3a/PdfvZtrM6904jSHEKSwFLUX"},"_chains":{"BeB8Z3nat+1XUWdOjb3r8/r0yArdYJWbVIp9ZVQ2A5hw":{"chainKey":{"counter":0,"key":"OiwSEYchf3fYNLRHgSLARleb8XOzE6GYAiRhCdMq8nw="},"chainType":2,"messageKeys":{}},"BWe7PsKNFyzIuXTW6sCJpoo4O4a/gp7qq65vTMaSQrFO":{"chainKey":{"counter":-1,"key":"HttaPDd3N3RuMmM3r802ZF2ZLIx7W3TSH1In8hv+oM8="},"chainType":1,"messageKeys":{}}}}},"version":"v1"}