{"_sessions":{"BblbjvdfgAhQSkeiXOKT/Tb9ripZe56VM9/MGBzWAhF5":{"registrationId":100753590,"currentRatchet":{"ephemeralKeyPair":{"pubKey":"BUw/wiD2bnsNEQpFfPZV8U8Jb5dqYOYCtKl9mKR/toAW","privKey":"yFmpW5a8GNJHlPYWLvJxindkFiDbqZHWPw3xc/SERVQ="},"lastRemoteEphemeralKey":"BbjpdlRPR90zuffNDx12r2HFPrDOznjUtKwFO+LvaAl7","previousCounter":0,"rootKey":"8pbjhvLSIvIM6ZeRCyeDiDgPY1q7MNvFIs3FkTyaJt8="},"indexInfo":{"baseKey":"BblbjvdfgAhQSkeiXOKT/Tb9ripZe56VM9/MGBzWAhF5","baseKeyType":2,"closed":-1,"used":1683926597507,"created":1683926597507,"remoteIdentityKey":"Bd7xfocCtYJ/n/FLXf8a9OxG1WJqH0PKderM1KsBE0pQ"},"_chains":{"BbjpdlRPR90zuffNDx12r2HFPrDOznjUtKwFO+LvaAl7":{"chainKey":{"counter":0,"key":"USeLRvZfZ50mpqMifZwVgfSS0K6yzN5IWkGX1qDXMpQ="},"chainType":2,"messageKeys":{}},"BUw/wiD2bnsNEQpFfPZV8U8Jb5dqYOYCtKl9mKR/toAW":{"chainKey":{"counter":-1,"key":"3k0nB9axcLK2T2ZX249q/+5kaDMPZFiP/9MCaG0a84s="},"chainType":1,"messageKeys":{}}}}},"version":"v1"}