{"_sessions":{"BfxIiXyfl8n8N8lHST5ihb8bQAS4Qp8f2HJwJMfpa9E3":{"registrationId":752652617,"currentRatchet":{"ephemeralKeyPair":{"pubKey":"BQ5bVHL+6Y9ODTXLVjPgl+xJw+rqvRUhgfgN9FT2m9EW","privKey":"MDiM/6n9bc5+9ovE4WR4HitV9yiXyFtNl6cPXhXTy00="},"lastRemoteEphemeralKey":"BUvUrT7QgUBRdAfEMGtStUOdXRCBAKoghbjZNpGotGQ+","previousCounter":0,"rootKey":"iablKWVk08Y9vgf/2nJ7CWXeo2p0CCOglNBxIvpuDGs="},"indexInfo":{"baseKey":"BfxIiXyfl8n8N8lHST5ihb8bQAS4Qp8f2HJwJMfpa9E3","baseKeyType":2,"closed":-1,"used":1683926602841,"created":1683926602841,"remoteIdentityKey":"BZaKuQx1BIv0WpHDgcOeDoQpGwBidRtV1CPu2ifqBrwD"},"_chains":{"BUvUrT7QgUBRdAfEMGtStUOdXRCBAKoghbjZNpGotGQ+":{"chainKey":{"counter":0,"key":"wP7Mr3MLCfm6nBgDurwOBzKaDXEC2jZuX7dcwWwKONk="},"chainType":2,"messageKeys":{}},"BQ5bVHL+6Y9ODTXLVjPgl+xJw+rqvRUhgfgN9FT2m9EW":{"chainKey":{"counter":-1,"key":"BgNADSu4/7vC/8DSVcnHfFPis5UDxQ7gop2MTFnVxq4="},"chainType":1,"messageKeys":{}}}}},"version":"v1"}