{"_sessions":{"BYqfi1aPOFetgWREhmIOvAjRIdMUOuso/E9XDcEw/91E":{"registrationId":546421077,"currentRatchet":{"ephemeralKeyPair":{"pubKey":"BYcGcAh82rdO6dvGNIpE8suatlGADe0eNvZB1qRP7VNW","privKey":"mDBuY4Mwp4Sdp4cvaQ4onjmVCAC+TdAPtRKoSGwo1UM="},"lastRemoteEphemeralKey":"BfQo7iLKAnPnDIMLsUZP2EmIf2EmCq8f30d19CzfjH8k","previousCounter":0,"rootKey":"05OoLKWQYngD55FPLQQNsQ7fnzAzTKCADflKl1gXBR4="},"indexInfo":{"baseKey":"BYqfi1aPOFetgWREhmIOvAjRIdMUOuso/E9XDcEw/91E","baseKeyType":2,"closed":-1,"used":1683926598374,"created":1683926598374,"remoteIdentityKey":"BU4MKml8UgxLuF6sVdDgCcKGdehkr3gQP83p3jlwaLYP"},"_chains":{"BfQo7iLKAnPnDIMLsUZP2EmIf2EmCq8f30d19CzfjH8k":{"chainKey":{"counter":0,"key":"I9q0ywXMyAS3edJyTgloXbleEac3fJE/F1qXr9k9g+s="},"chainType":2,"messageKeys":{}},"BYcGcAh82rdO6dvGNIpE8suatlGADe0eNvZB1qRP7VNW":{"chainKey":{"counter":-1,"key":"zx+dgCCOarE+oRD4nzjGe18+rufloDDAsFMpJNwYaBA="},"chainType":1,"messageKeys":{}}}}},"version":"v1"}