{"_sessions":{"BQncC5ZKAhGUDTOExs6oeMDHaZ/u8Rf3XtUGPV+PuytM":{"registrationId":1459094998,"currentRatchet":{"ephemeralKeyPair":{"pubKey":"BWUmYvKvMmPYuwH4mnADlPxZHTLRsiOrrUSC2Vdwvf0L","privKey":"CEvRssBLFxAZH5dYEjJlWT3jahyu73DiL2XMvOw+XVE="},"lastRemoteEphemeralKey":"BXnCObAfhGIt0s/+1OG6wHHKuXubYLt7F9skShe8orct","previousCounter":0,"rootKey":"KVTlbF3fL4SyDQa9LGGwUdy4soMb82t8FTXCMVDPraM="},"indexInfo":{"baseKey":"BQncC5ZKAhGUDTOExs6oeMDHaZ/u8Rf3XtUGPV+PuytM","baseKeyType":2,"closed":-1,"used":1683926598100,"created":1683926598100,"remoteIdentityKey":"BQ1YazRlwZJnMKSgpnU5TYmja8WU5XCSeALfKER7EplA"},"_chains":{"BXnCObAfhGIt0s/+1OG6wHHKuXubYLt7F9skShe8orct":{"chainKey":{"counter":0,"key":"NRIwIvVBV1r+tDZLTcOEZwdDN+aMiFIdzorM9lleVQk="},"chainType":2,"messageKeys":{}},"BWUmYvKvMmPYuwH4mnADlPxZHTLRsiOrrUSC2Vdwvf0L":{"chainKey":{"counter":-1,"key":"wmovbBToZu89/e/dycwOgZviQm9KH6W4JryWOa5fS50="},"chainType":1,"messageKeys":{}}}}},"version":"v1"}