{"_sessions":{"BSPklH1Okv30CCryQtS1GSYLS6FsfsGCGlpjYxaqEoou":{"registrationId":1280607767,"currentRatchet":{"ephemeralKeyPair":{"pubKey":"BfH2p7ob9GozQAT1WLYT8ERlsQNbRyMwnWpgb/YM+8we","privKey":"KGUbsZoajlFJ2pE9vPMTc0iJxnyyk03t5gMc5Svbk24="},"lastRemoteEphemeralKey":"BYhYTt3kRW2nuhHkuqWo+34RzFESJxld6E1j0W90hx5F","previousCounter":0,"rootKey":"LqWQHpHHuMP+jnyWSsQX9wWzygkqo5tFsGLqGP6wBJE="},"indexInfo":{"baseKey":"BSPklH1Okv30CCryQtS1GSYLS6FsfsGCGlpjYxaqEoou","baseKeyType":1,"closed":-1,"used":1683941621381,"created":1683941621381,"remoteIdentityKey":"BcPn9R7ncf+xb6pdxKXuv0n3aOMYU6iGDU2SZOvmdvxD"},"_chains":{"BfH2p7ob9GozQAT1WLYT8ERlsQNbRyMwnWpgb/YM+8we":{"chainKey":{"counter":0,"key":"A1A3fHHLMzB5mOBKEw51SXeBktbuYlbVHhtpkH54fg4="},"chainType":1,"messageKeys":{}}},"pendingPreKey":{"signedKeyId":1,"baseKey":"BSPklH1Okv30CCryQtS1GSYLS6FsfsGCGlpjYxaqEoou","preKeyId":14948642}}},"version":"v1"}