{"_sessions":{"BYHAQNooR+2HcOc2+NDXZ8d1XXQb2YcWseErm9xBxk4g":{"registrationId":1486462821,"currentRatchet":{"ephemeralKeyPair":{"pubKey":"BRp7QR9tU61EYGS06jcdpDrq7Tm6FJg/Jy0/zmjTbEpr","privKey":"mEu5aC7tiVfNvjT7oaq4c+shdnsW9BzZpnTP+BFQWHw="},"lastRemoteEphemeralKey":"BcmM6ED6SMnM+za0Gd+iBUaShW30pG8/56dDq9z/r4Ju","previousCounter":0,"rootKey":"+4EA+HICEuztLhYm2TL3Ts2dQoKiPIfOvLDAYjuyd2g="},"indexInfo":{"baseKey":"BYHAQNooR+2HcOc2+NDXZ8d1XXQb2YcWseErm9xBxk4g","baseKeyType":2,"closed":-1,"used":1683926598124,"created":1683926598124,"remoteIdentityKey":"Ba85wbxfbBeEyDq2EbYEYHiOTCvjgT1fKWg0bW6pToFf"},"_chains":{"BcmM6ED6SMnM+za0Gd+iBUaShW30pG8/56dDq9z/r4Ju":{"chainKey":{"counter":0,"key":"DNm5CoAbuxwkz16sZqBP+TSkMJWLJuXoZUOs9VOVPII="},"chainType":2,"messageKeys":{}},"BRp7QR9tU61EYGS06jcdpDrq7Tm6FJg/Jy0/zmjTbEpr":{"chainKey":{"counter":-1,"key":"sEDogLDXvZGaXt8qYY8Lfh5kt+tHyLbY3XWJcEaEfpg="},"chainType":1,"messageKeys":{}}}}},"version":"v1"}