{"_sessions":{"BcTtTwRvZ6sP6tYYILB2OVjq9VixopjVUzF8MeZDmMYV":{"registrationId":649046210,"currentRatchet":{"ephemeralKeyPair":{"pubKey":"BaSYIwhUcB4chOhisEdPoXsG0sj9Ca9kgx4mqVYEPIcW","privKey":"kBtQamieXCf1uuhGdfqucyr82mklakBeojU7S12LCko="},"lastRemoteEphemeralKey":"BfIJkqFtnfcvPKrnC8tEgT7BaDZPjklDmD4cHsCh34Ih","previousCounter":0,"rootKey":"wt8w3Sh8pHtiLiqglkXq0ensVZrXXURUAYB6pEOr0cU="},"indexInfo":{"baseKey":"BcTtTwRvZ6sP6tYYILB2OVjq9VixopjVUzF8MeZDmMYV","baseKeyType":2,"closed":-1,"used":1683926601324,"created":1683926601324,"remoteIdentityKey":"BU+iYTBQbacdEjDD18mjOJT6evmGjodqTNajlfGaMpg6"},"_chains":{"BfIJkqFtnfcvPKrnC8tEgT7BaDZPjklDmD4cHsCh34Ih":{"chainKey":{"counter":0,"key":"Bre/1I036g+hjmFQ4ZBY1r32J4mOhKUzVkGQDIeseYg="},"chainType":2,"messageKeys":{}},"BaSYIwhUcB4chOhisEdPoXsG0sj9Ca9kgx4mqVYEPIcW":{"chainKey":{"counter":-1,"key":"3bPIQUhT+sCB/I7fGt8NTPLHcEd4CNGcN6Xldlslc3k="},"chainType":1,"messageKeys":{}}}}},"version":"v1"}