{"_sessions":{"Bf7+5Z/IaKcptW1X7zG6ems8JN1iIPVbeJq21Re+y69m":{"registrationId":1788216008,"currentRatchet":{"ephemeralKeyPair":{"pubKey":"BfvjFXc3nx6hKvpJXofemY0mk237iZ3/CXfRyaQRjjg9","privKey":"yJm7V/R8xCwk2QPEV7qX5I3q6HQvyYfElECp3+E/6Ew="},"lastRemoteEphemeralKey":"BdcNT4JH5Jow6wUGY78KerfffIQBn4Fq66/12IKDFukt","previousCounter":0,"rootKey":"AyF+LPMVa4mh3A1lFoOxtRcQqAu34VlYF2cOwFUoG+U="},"indexInfo":{"baseKey":"Bf7+5Z/IaKcptW1X7zG6ems8JN1iIPVbeJq21Re+y69m","baseKeyType":2,"closed":-1,"used":1683926597777,"created":1683926597777,"remoteIdentityKey":"BXvy9ZHwHoTL7z/HhNqsSVfujIWaxPc5NilX4P0zrUsL"},"_chains":{"BdcNT4JH5Jow6wUGY78KerfffIQBn4Fq66/12IKDFukt":{"chainKey":{"counter":0,"key":"bvu4tK6mDWbLF9kGj6EXFP816Ptbz1qc8K9zrjtJ6ZQ="},"chainType":2,"messageKeys":{}},"BfvjFXc3nx6hKvpJXofemY0mk237iZ3/CXfRyaQRjjg9":{"chainKey":{"counter":-1,"key":"xz1NaQQrUUNDmoRaUt6qY0DiH0wXic1Lc58iSMHFiJ0="},"chainType":1,"messageKeys":{}}}}},"version":"v1"}