{"_sessions":{"BXfGkEE9gLhxjih6R/ipjYQVjghtWJ32mCTsZZSVdx8h":{"registrationId":930709671,"currentRatchet":{"ephemeralKeyPair":{"pubKey":"BZXTrLGNeJ0o27ZQ08qSzH3dnJ/LCK/FKXJKF40CwMEk","privKey":"0FOegSOlTZFqpA6COUGu71z/aAfiHU1LcgkI0Co5cHc="},"lastRemoteEphemeralKey":"BcfmaqBaGRDhXY+DGG6PzjbX4I6lh1jx5N3QZj3qPFhq","previousCounter":0,"rootKey":"TsMOI52NuJz8ZwCkxExTUXAbWIH+RKYp+kLQZDH/e7Y="},"indexInfo":{"baseKey":"BXfGkEE9gLhxjih6R/ipjYQVjghtWJ32mCTsZZSVdx8h","baseKeyType":2,"closed":-1,"used":1683926615272,"created":1683926615272,"remoteIdentityKey":"BQburkRghZnSgOq3ZjeIpCJxJO4MS5QRsbzj1APpbakz"},"_chains":{"BcfmaqBaGRDhXY+DGG6PzjbX4I6lh1jx5N3QZj3qPFhq":{"chainKey":{"counter":0,"key":"UoBQseeNGnLr0Y7RBB8M2NGepseRRBGrg56vNf/SOU4="},"chainType":2,"messageKeys":{}},"BZXTrLGNeJ0o27ZQ08qSzH3dnJ/LCK/FKXJKF40CwMEk":{"chainKey":{"counter":-1,"key":"KD9NlqmxZnvCO2m1oytVYLjrYHb+zV3rx7sjp8B4GU4="},"chainType":1,"messageKeys":{}}}}},"version":"v1"}