{"_sessions":{"BTweVXAoK6W+IE6kq0hN6XoiN38+AMW41fwjBo7NIqpt":{"registrationId":261065337,"currentRatchet":{"ephemeralKeyPair":{"pubKey":"BcwKOBq3YL8GYOJjpRKIYmiOUkjCvDxLcy77UiNTL+Fx","privKey":"MPGj1zfO0Q9IjglQ/pQFD36pTsSNNfuC4spECctn910="},"lastRemoteEphemeralKey":"BcXrRH5TxxL/miGORY3B8NvWlsKSPV6C3g5cnHhFJ24p","previousCounter":0,"rootKey":"lseZS8WyhHX/320qZwxpx4HFz9WX/zQVqmrUlnpGieM="},"indexInfo":{"baseKey":"BTweVXAoK6W+IE6kq0hN6XoiN38+AMW41fwjBo7NIqpt","baseKeyType":1,"closed":-1,"used":1683927700158,"created":1683927700158,"remoteIdentityKey":"BUcPe7uq5nb6o7Nw2sb0avUyMLAy55ZecGFMvEboEWhh"},"_chains":{"BcwKOBq3YL8GYOJjpRKIYmiOUkjCvDxLcy77UiNTL+Fx":{"chainKey":{"counter":0,"key":"FAlShD3bPq+f2xzhkyi2OzrzKpQpnv5uLAiSdnlHYzs="},"chainType":1,"messageKeys":{}}},"pendingPreKey":{"signedKeyId":12060057,"baseKey":"BTweVXAoK6W+IE6kq0hN6XoiN38+AMW41fwjBo7NIqpt"}}},"version":"v1"}