{"_sessions":{"BZhbxarwOFWD2SoN5E8f20eCGZU3D9ZuOyI3chgjzrd4":{"registrationId":1823237647,"currentRatchet":{"ephemeralKeyPair":{"pubKey":"BVfx1hQi3FVrG2OFsAIiwhRG7zu9PBWBClPDL7pqwJVE","privKey":"gJQ49tzGM/NdwL1B0roPzSvSB7D+kWZTTas5fBvbTGw="},"lastRemoteEphemeralKey":"BSFIRx+5hkHcLBJmVFBPT3gBSMGYTLu8HEGqbr46Knpc","previousCounter":0,"rootKey":"lxcRvLFvsKkuSnM9TYSFgjumU26MMgZ/UVZJqOYWpfw="},"indexInfo":{"baseKey":"BZhbxarwOFWD2SoN5E8f20eCGZU3D9ZuOyI3chgjzrd4","baseKeyType":2,"closed":-1,"used":1683926598890,"created":1683926598890,"remoteIdentityKey":"BQZKeFA++mtgraGfvYHAv9TirzdG01DrFIJyKtmbv2YB"},"_chains":{"BSFIRx+5hkHcLBJmVFBPT3gBSMGYTLu8HEGqbr46Knpc":{"chainKey":{"counter":0,"key":"pdKx2nqpCRYzb1O5Bs3UXbZGpXcJ1oOoETSTCUNSmPM="},"chainType":2,"messageKeys":{}},"BVfx1hQi3FVrG2OFsAIiwhRG7zu9PBWBClPDL7pqwJVE":{"chainKey":{"counter":-1,"key":"uDf3HUsBvau5WEho23PTA0j5wJBMOdrDmDPaXf8/Lqg="},"chainType":1,"messageKeys":{}}}}},"version":"v1"}