{"_sessions":{"BdrNzZXkZ8PTJuKrLx24X/Mbeo1okuR30UbRuGOQQ3MH":{"registrationId":3751418,"currentRatchet":{"ephemeralKeyPair":{"pubKey":"BWNgNIPt7RSjaop34MBj96mTFxxZzA7XdC3jBsKNdsMn","privKey":"0O13VvtJZWmrxDF5cJM9cgkzqMYZdDykCOUX73qQn2E="},"lastRemoteEphemeralKey":"BTBmE8i6Q1YpHmr40CBGkHg+wEWhOir4cznpAhsTYdBl","previousCounter":0,"rootKey":"i1HZ1mmIkxQJutE/tCQrjHaxucXirffKi8HSSY6zq9c="},"indexInfo":{"baseKey":"BdrNzZXkZ8PTJuKrLx24X/Mbeo1okuR30UbRuGOQQ3MH","baseKeyType":2,"closed":-1,"used":1683926597466,"created":1683926597466,"remoteIdentityKey":"Ba2tDShRs9nSi1GhB5+fzISFKKYiMcV6vNr9/4/gVTJ2"},"_chains":{"BTBmE8i6Q1YpHmr40CBGkHg+wEWhOir4cznpAhsTYdBl":{"chainKey":{"counter":0,"key":"WyCIIteYk1ZxVMfLsnXojDwhiKAuCn3WJ1GjGsmAfO4="},"chainType":2,"messageKeys":{}},"BWNgNIPt7RSjaop34MBj96mTFxxZzA7XdC3jBsKNdsMn":{"chainKey":{"counter":-1,"key":"GP25yJHpuLO+3j813Mx/oS1vmFd+Bggv7HcwiysqC7w="},"chainType":1,"messageKeys":{}}}}},"version":"v1"}