{"_sessions":{"BQhZsD5tfG5uPW93WGDcO5nF0rvUbOS6DyotMqvRXLF1":{"registrationId":1196866410,"currentRatchet":{"ephemeralKeyPair":{"pubKey":"Be/UmAhBfrJUz8gleebsJUDgGudG070JXKGaA6lplbwl","privKey":"0K3bfb73LsnKKARNho7S4U2e+wfCBnCzet7pwz7BHkg="},"lastRemoteEphemeralKey":"BYD+kXG/KmHHJEMzuvnODcr5ZXAFux8jp8RqXoxU1jU8","previousCounter":0,"rootKey":"r5u3Z1mO8/J9Yi/Bh9DPsH9/Xp/2Ys2WqgGEAP78vZM="},"indexInfo":{"baseKey":"BQhZsD5tfG5uPW93WGDcO5nF0rvUbOS6DyotMqvRXLF1","baseKeyType":2,"closed":-1,"used":1683926598082,"created":1683926598082,"remoteIdentityKey":"BfRerPnY8HX9slIN3HLCxTy+sBJgcxHnEh1Ink8L57In"},"_chains":{"BYD+kXG/KmHHJEMzuvnODcr5ZXAFux8jp8RqXoxU1jU8":{"chainKey":{"counter":0,"key":"whSpq3y8ZrOEgXZy6+oqkvA5DT0gcoQsBZ5HZ38BEJg="},"chainType":2,"messageKeys":{}},"Be/UmAhBfrJUz8gleebsJUDgGudG070JXKGaA6lplbwl":{"chainKey":{"counter":-1,"key":"yaNNom8UGssd1O+fe/W34Vezlb1w6ioEJY6AWc5VoY8="},"chainType":1,"messageKeys":{}}}}},"version":"v1"}