{"_sessions":{"BRmUnQJEAiPGV9rSqQhRl05+6wl+BrhFDSk5jy3npYoR":{"registrationId":2052995454,"currentRatchet":{"ephemeralKeyPair":{"pubKey":"BXMFtWgPEL27quZ3y2GYd1JqdO9paGkXbFpurVPDWBU+","privKey":"kNIOJ/wL9jf5l3183IFpoZw7Gy1A/GVUfSrCzB13dkc="},"lastRemoteEphemeralKey":"BaXT/s45zNpcu2KvkDMRdmg2cRkR4Gbz7aGiMDgNJjYN","previousCounter":0,"rootKey":"74xAx+k/E9SYq/mSeo3mroGJ2yzpfXtBLYtgo6EMnB8="},"indexInfo":{"baseKey":"BRmUnQJEAiPGV9rSqQhRl05+6wl+BrhFDSk5jy3npYoR","baseKeyType":2,"closed":-1,"used":1683926597370,"created":1683926597370,"remoteIdentityKey":"BWcudOFpPGcDWZM/NMoiKxWqnY/UAKKQ2IJhBoDRVA0E"},"_chains":{"BaXT/s45zNpcu2KvkDMRdmg2cRkR4Gbz7aGiMDgNJjYN":{"chainKey":{"counter":0,"key":"k/iRJV6HqjQ+rlUpNhJvUGbhGx4StEd2bjFxpzvAcow="},"chainType":2,"messageKeys":{}},"BXMFtWgPEL27quZ3y2GYd1JqdO9paGkXbFpurVPDWBU+":{"chainKey":{"counter":-1,"key":"wldcE35AYtY0GVkKoIAPZRW9cjVMbN6KGzoSk0zSZvY="},"chainType":1,"messageKeys":{}}}}},"version":"v1"}