{"_sessions":{"BbYDsIfnlTc3tZ7d3Crs/rmwGX96xaVBS/Y+p35k7F0R":{"registrationId":581373478,"currentRatchet":{"ephemeralKeyPair":{"pubKey":"BTNvsUZCmeT8JapypZya2JtxFItSkyBc1kdKAXrKCgQw","privKey":"UPqv0mFWxKvs1ERZH5eidDV4EPosrTanPCoGQu7bfHg="},"lastRemoteEphemeralKey":"Bcj5KOfxMMbLG8f/CIZ3wXcm1NuynyXawlYpk2frVpIC","previousCounter":0,"rootKey":"GxRyiPqvEvGmjI5p6Sb5qSYbXbi1TRtcJAkdFNDuEjw="},"indexInfo":{"baseKey":"BbYDsIfnlTc3tZ7d3Crs/rmwGX96xaVBS/Y+p35k7F0R","baseKeyType":2,"closed":-1,"used":1683941619111,"created":1683926377714,"remoteIdentityKey":"BaVn45pJKQx/yftqm0B4TBhZrz1Npkz0WTyagZK6ZYdf"},"_chains":{"BUQFsSXjxc+2DBHpYRRY/BWGfXfSzBNKXJKjYKf3c8c4":{"chainKey":{"counter":11},"chainType":2,"messageKeys":{}},"BTRy2LYDBF5PHIqhuffRPE0JLqdu9dD1Xw9SkR+Lgi1k":{"chainKey":{"counter":2},"chainType":2,"messageKeys":{}},"BRRlEfJDpMxZmAJevGLiSr6pR7sAwOjj8/2G5pGQs20B":{"chainKey":{"counter":0},"chainType":2,"messageKeys":{}},"BWSnpGwv1xcB9EmpaCk6MGofRtVYxh9wVtYQU6HpGqwE":{"chainKey":{"counter":6},"chainType":2,"messageKeys":{}},"BY2QYnU1RU8RqVsTWCZE9BLxwR67mvA5Q6F2u2jHkpsZ":{"chainKey":{"counter":2},"chainType":2,"messageKeys":{}},"BXb5MOPX6viNlKrmGImsKQPhFsBc41sSNiXR5yY/mNlp":{"chainKey":{"counter":2},"chainType":2,"messageKeys":{"2":"fRkZBMl+MqWUfIV9jCtsY7kbKYxiCrcuyQYUwqwnYIU="}},"BaQDfmtUaWUuLfQtKACJrBQG4S3URpclqktBbUbLjhgi":{"chainKey":{"counter":1},"chainType":2,"messageKeys":{"1":"tDRuuJMrgqdgufsAXVyRa9Xnazng4VX5JSazuKfeLvg="}},"BcD8lwJjSaiXLKFpsYtBlf0W5pWuJzOWjnva9w6IBRpN":{"chainKey":{"counter":2},"chainType":2,"messageKeys":{}},"Bez4CyxvpH0/FfIQNjJzlLQ/jYqu+R6zSH/5SNUIJ5lz":{"chainKey":{"counter":0},"chainType":2,"messageKeys":{}},"BaAMhsumiWk1aZEwbEcsbfItuHUa7DmwaYoEcf3wCA5P":{"chainKey":{"counter":0},"chainType":2,"messageKeys":{}},"BaGB4pDqu2EOBiWwPG52TFjR2r1ZEHWHnwFvEudlq1RI":{"chainKey":{"counter":0},"chainType":2,"messageKeys":{}},"BWMt7IyteF5sv3nInWBobSffwqsmO/Mtj4gCkbWDTQQO":{"chainKey":{"counter":0},"chainType":2,"messageKeys":{}},"BZH63/0ULKK4+Z8EniXzx6NSu/xUy/h2Qok+lXHhIbJz":{"chainKey":{"counter":0},"chainType":2,"messageKeys":{}},"BdY96Fyjsr2jCi0SZuZO/0ixWEhN0luT+KpDIazwUSRt":{"chainKey":{"counter":0},"chainType":2,"messageKeys":{}},"BYhtJRoAJMnh5+wxRHMfYGqaYlswj5HJf/I7K88PJU1d":{"chainKey":{"counter":0},"chainType":2,"messageKeys":{}},"BeDhzdCV2RWLs5w7c2Zl8N8Bc1oiSDUmqccCXa2GNxkh":{"chainKey":{"counter":69},"chainType":2,"messageKeys":{}},"BcHBIPAnwR9Fly4/9thZBzQwTXFnEtdTq/JlTmkztuB8":{"chainKey":{"counter":3},"chainType":2,"messageKeys":{}},"BW9idbAfUMAPq9pzFOJNpjvEtMswS6nM5YVURs13DUxd":{"chainKey":{"counter":19},"chainType":2,"messageKeys":{}},"Bcj5KOfxMMbLG8f/CIZ3wXcm1NuynyXawlYpk2frVpIC":{"chainKey":{"counter":1,"key":"3LMyHh2Dqp7vxjx+DF23IXEYbv9cG5F7KOoNLkwRB0M="},"chainType":2,"messageKeys":{}},"BTNvsUZCmeT8JapypZya2JtxFItSkyBc1kdKAXrKCgQw":{"chainKey":{"counter":0,"key":"NI2Ufg+4co64uYLl2gSpMMqBU+0CZPKGuW8LIQJhKog="},"chainType":1,"messageKeys":{}}}}},"version":"v1"}