{"_sessions":{"BY1uWvXT1GfrpbpbmlpMt/GbKqeMYHR7chx6rs+wBZcd":{"registrationId":829087055,"currentRatchet":{"ephemeralKeyPair":{"pubKey":"BdzU7SnmbB12LHkOYfHPCJb6x5vfsycoovNXzxVnX9EL","privKey":"sA6Ne2zExs1rBZdHqaHbSt4N8K5j2eF9vhaPVUNn4FQ="},"lastRemoteEphemeralKey":"BXqTbH7YYcCClpOU0BDrMLn34lii+tfBX/EfTX1nt5od","previousCounter":0,"rootKey":"ICs+6Vev3WPKmC9PlBUkOZalaXHlYH3zXqvSkbbGsSo="},"indexInfo":{"baseKey":"BY1uWvXT1GfrpbpbmlpMt/GbKqeMYHR7chx6rs+wBZcd","baseKeyType":2,"closed":-1,"used":1683926599094,"created":1683926599094,"remoteIdentityKey":"BYdWXLTo+FLImfJLDlQFtA+IEEpeM0K0n9sbQDpU1A5p"},"_chains":{"BXqTbH7YYcCClpOU0BDrMLn34lii+tfBX/EfTX1nt5od":{"chainKey":{"counter":0,"key":"9/N0n0uVReMq57mmEJ2K6aQm9ZSfQep6pq7P7PMLf0U="},"chainType":2,"messageKeys":{}},"BdzU7SnmbB12LHkOYfHPCJb6x5vfsycoovNXzxVnX9EL":{"chainKey":{"counter":-1,"key":"Zpdt/Z9pFOqhtdbNbIwPcoVi3wrGqiQeUyv8Rsf+UCw="},"chainType":1,"messageKeys":{}}}}},"version":"v1"}