{"_sessions":{"Bc+claszXf3svbgbNT+u+aFzUjtmli1bG+JPl/Uz2RIN":{"registrationId":1155043739,"currentRatchet":{"ephemeralKeyPair":{"pubKey":"BS2q6GUCHofJNG5JSdkliabSGM3t9cdnJy6OR67jVD5u","privKey":"QOMQnigUJSY+ayTZzlw3sRdOnuMPLc7l3kpIPT4kl0s="},"lastRemoteEphemeralKey":"BRVF+j60YsxAP/JJXXW5DOsNJJiISKdKTnmBVlNOSgQR","previousCounter":0,"rootKey":"CSZkCQE+gYAf2uPlicam2IQC/zLKfoqxumkZAY+Vgkg="},"indexInfo":{"baseKey":"Bc+claszXf3svbgbNT+u+aFzUjtmli1bG+JPl/Uz2RIN","baseKeyType":2,"closed":-1,"used":1683926612209,"created":1683926612209,"remoteIdentityKey":"BVSEjt2ZVBpn24nDJE0V3pHCKdy8wCBbBwKsx015aEF5"},"_chains":{"BRVF+j60YsxAP/JJXXW5DOsNJJiISKdKTnmBVlNOSgQR":{"chainKey":{"counter":0,"key":"b04sYyly+y1daSQ3mJgYuvWEeO//fJYedGHnxWTt8rc="},"chainType":2,"messageKeys":{}},"BS2q6GUCHofJNG5JSdkliabSGM3t9cdnJy6OR67jVD5u":{"chainKey":{"counter":-1,"key":"ceNBj9G81AvcgSDGi44vM0Ko6fIFBd6JvPywUl6f6Nw="},"chainType":1,"messageKeys":{}}}}},"version":"v1"}