{"_sessions":{"BaRWhOcRnx4dMf503YMsS4dUw4QKK4Z75cZKe4m/afko":{"registrationId":1500606730,"currentRatchet":{"ephemeralKeyPair":{"pubKey":"BdANbS+Nq3e1E3GLzcCeaDKT0L8JuEurkeo0DEy1ydkI","privKey":"0G7WFVsSMqBI8pz7qkH+Hvn9ZlLdEufBPdK5qIMF/VA="},"lastRemoteEphemeralKey":"BeuANHWLkEW92NBC8ZwBotUF6iY0967MYiQfNRWp+TVh","previousCounter":0,"rootKey":"hZERcvHfXeH1vfrybYzHXgwgz68TqvCuWSUGaa49nUc="},"indexInfo":{"baseKey":"BaRWhOcRnx4dMf503YMsS4dUw4QKK4Z75cZKe4m/afko","baseKeyType":2,"closed":-1,"used":1683926691412,"created":1683926691412,"remoteIdentityKey":"BUM46v3rPD4DEpa9VHL/duKw47RfqS0WI6xVlp2L1Yoo"},"_chains":{"BeuANHWLkEW92NBC8ZwBotUF6iY0967MYiQfNRWp+TVh":{"chainKey":{"counter":0,"key":"kayYq4R+7ib9T56kwA6/bqDOruRwfur27XRl84uMj/I="},"chainType":2,"messageKeys":{}},"BdANbS+Nq3e1E3GLzcCeaDKT0L8JuEurkeo0DEy1ydkI":{"chainKey":{"counter":-1,"key":"kx2xLofdGVpmyyx+jiGKfUtlgpRLRHDjkwZ6GSI5wCY="},"chainType":1,"messageKeys":{}}}}},"version":"v1"}