{"_sessions":{"BVhElPKEPkl3tSW+nz2/uuhWAPVrcEfD4ZJA4kDafPA/":{"registrationId":1732803522,"currentRatchet":{"ephemeralKeyPair":{"pubKey":"BbLg34d42l/TNAMOI0p7EF4vU3sLgjy79bYvzJUoQrd3","privKey":"sGfiC9T2wz2S45vimEbp/fXMUhq6HEAFOL0TMTiNglU="},"lastRemoteEphemeralKey":"BXyrwotXbptGZQ0lAWu8B/WqPDoFSs/IG/qUoX7tCwVm","previousCounter":0,"rootKey":"XLs8Kiy8fgiOyVj1NXJKmMYEGq4mIJr4AWqjtnW0se4="},"indexInfo":{"baseKey":"BVhElPKEPkl3tSW+nz2/uuhWAPVrcEfD4ZJA4kDafPA/","baseKeyType":2,"closed":-1,"used":1683926599152,"created":1683926599152,"remoteIdentityKey":"BVWseWXMpRVym3vo6/ZK9jhajz+AIRKHzUIV8YdwtL17"},"_chains":{"BXyrwotXbptGZQ0lAWu8B/WqPDoFSs/IG/qUoX7tCwVm":{"chainKey":{"counter":0,"key":"AZ6QhdRTawnm9N5CwzW5Z0uu2pG85iT/4MIf05bu92k="},"chainType":2,"messageKeys":{}},"BbLg34d42l/TNAMOI0p7EF4vU3sLgjy79bYvzJUoQrd3":{"chainKey":{"counter":-1,"key":"aLSOucVngmZROx46GvYhKtBO0lUy0PCi1g6yN2ejnyQ="},"chainType":1,"messageKeys":{}}}}},"version":"v1"}